STATE,WHSE,DATE,SUPPLIER,BLOCK,BLOCK LOC,TRK,WT,SKS,MC,GRIT,ASTM,JIS,VM,ASH,FC,REMARKS,PHP/KG,PHP TTL,MC WTD,GRIT WTD,ASTM WTD,JIS WTD,VM WTD,ASH WTD,FC WTD,CLEAN_BLOCK
CLOSED,WHSE A,45491,SUNDRY BACKLOG,NOV-22-BLK5,A-1A,,68766,,9.8,,,,,,,PRICE BASED ON AKU'S FILE,20.68,1422080.88,673906.8,0,0,0,0,0,0,NOV-22-BLK5
CLOSED,WHSE A,45491,SUNDRY BACKLOG,MAY-22-BLK9,A-2A,,79690,,9,,,,,,,PRICE BASED ON AKU'S FILE,22.22,1770711.8,717210,0,0,0,0,0,0,MAY-22-BLK9
CLOSED,WHSE A,45491,SUNDRY BACKLOG,APR-22-BLK4,A-3A,,73140,,9,,,,,,,PRICE BASED ON AKU'S FILE,22.29,1630290.6,658260,0,0,0,0,0,0,APR-22-BLK4
CLOSED,WHSE A,45491,SUNDRY BACKLOG,JULY-22-BLK10,A-5A,,71650,,10,,,,,,,PRICE BASED ON AKU'S FILE,22.1,1583465,716500,0,0,0,0,0,0,JULY-22-BLK10
CLOSED,WHSE A,45491,SUNDRY BACKLOG,JAN-23-BLK7,A-1C,,23261,,9.5,,,,,,,PRICE BASED ON AKU'S FILE,21.82,507555.02,220979.5,0,0,0,0,0,0,JAN-23-BLK7
CLOSED,WHSE A,44835,SEVILLA 2022 BACKLOG,OCT-22-BLK1,A-14A,,69335,,12,,,,,,,WT'D AVERAGE PRICE BASED ON '22 LIQUIDATION,21.32,1478222.2,832020,0,0,0,0,0,0,OCT-22-BLK1
CLOSED,WHSE A,44835,SEVILLA 2022 BACKLOG,OCT-22-BLK5,A-15A,,88695,,11.5,,,,,,,WT'D AVERAGE PRICE BASED ON '22 LIQUIDATION,21.37,1895412.15,1019992.5,0,0,0,0,0,0,OCT-22-BLK5
CLOSED,WHSE A,44835,SEVILLA 2022 BACKLOG,OCT-22-BLK6,A-15B,,75575,,11,,,,,,,WT'D AVERAGE PRICE BASED ON '22 LIQUIDATION,21.43,1619572.25,831325,0,0,0,0,0,0,OCT-22-BLK6
CLOSED,WHSE A,44835,SEVILLA 2022 BACKLOG,OCT-22-BLK9,A-15C,,62037,,11.7,,,,,,,WT'D AVERAGE PRICE BASED ON '22 LIQUIDATION,21.5,1333795.5,725832.9,0,0,0,0,0,0,OCT-22-BLK9
CLOSED,WHSE A,44927,2023 BACKLOG,JAN-23-BLK8,A-17A,,70050,,13.63333333,,,,,,,WT'D AVERAGE PRICE BASED ON '23 LIQUIDATION,20.67,1447933.5,955015,0,0,0,0,0,0,JAN-23-BLK8
CLOSED,WHSE A,44958,2023 BACKLOG,FEB-23-BLK1,A-18A,,75365,,11.5,,,,,,,WT'D AVERAGE PRICE BASED ON '23 LIQUIDATION,19.68,1483183.2,866697.5,0,0,0,0,0,0,FEB-23-BLK1
CLOSED,WHSE A,44958,2023 BACKLOG,FEB-23-BLK3,A-19A,,73429,,12,,,,,,,WT'D AVERAGE PRICE BASED ON '23 LIQUIDATION,19.75,1450222.75,881148,0,0,0,0,0,0,FEB-23-BLK3
CLOSED,WHSE A,44958,2023 BACKLOG,FEB-23-BLK5,A-20A,,64720,,10,,,,,,,WT'D AVERAGE PRICE BASED ON '23 LIQUIDATION,19.7,1274984,647200,0,0,0,0,0,0,FEB-23-BLK5
CLOSED,WHSE A,44958,2023 BACKLOG,FEB-23-BLK6,A-17B,,67240,,12,,,,,,,WT'D AVERAGE PRICE BASED ON '23 LIQUIDATION,19.75,1327990,806880,0,0,0,0,0,0,FEB-23-BLK6
CLOSED,WHSE A,44986,2023 BACKLOG,MAR-23-BLK1,A-18B,,74410,,12,,,,,,,WT'D AVERAGE PRICE BASED ON '23 LIQUIDATION,19.75,1469597.5,892920,0,0,0,0,0,0,MAR-23-BLK1
CLOSED,WHSE A,44986,2023 BACKLOG,MAR-23-BLK3,A-19B,,62510,,12,,,,,,,WT'D AVERAGE PRICE BASED ON '23 LIQUIDATION,19.75,1234572.5,750120,0,0,0,0,0,0,MAR-23-BLK3
CLOSED,WHSE A,44986,2023 BACKLOG,MAR-23-BLK2,A-20B,,70431,,12,,,,,,,WT'D AVERAGE PRICE BASED ON '23 LIQUIDATION,19.58,1379038.98,845172,0,0,0,0,0,0,MAR-23-BLK2
CLOSED,WHSE A,44986,2023 BACKLOG,MAR-23-BLK4,A-17C,,74870,,12,,,,,,,WT'D AVERAGE PRICE BASED ON '23 LIQUIDATION,19.64,1470446.8,898440,0,0,0,0,0,0,MAR-23-BLK4
CLOSED,WHSE A,45017,2023 BACKLOG,APR-23-BLK1,A-18C,,82045,,11.8,,,,,,,WT'D AVERAGE PRICE BASED ON '23 LIQUIDATION,19.75,1620388.75,968131,0,0,0,0,0,0,APR-23-BLK1
CLOSED,WHSE A,45017,2023 BACKLOG,APR-23-BLK2,A-19C,,74195,,12.5,,,,,,,WT'D AVERAGE PRICE BASED ON '23 LIQUIDATION,19.62,1455705.9,927437.5,0,0,0,0,0,0,APR-23-BLK2
CLOSED,WHSE A,44986,2023 BACKLOG,MAR-23-BLK5,A-20C,,74151,,13,,,,,,,WT'D AVERAGE PRICE BASED ON '23 LIQUIDATION,19.6,1453359.6,963963,0,0,0,0,0,0,MAR-23-BLK5
,WHSE B,45200,2023 BACKLOG,OCT-23-BLK1,B-1A,,70120,,11.5,,,,,,,WT'D AVERAGE PRICE BASED ON '23 LIQUIDATION,17.43,1222191.6,806380,0,0,0,0,0,0,OCT-23-BLK1
,WHSE B,45200,2023 BACKLOG,OCT-23-BLK2,B-2A,,69760,,14.4,,,,,,,WT'D AVERAGE PRICE BASED ON '23 LIQUIDATION,17.43,1215916.8,1004544,0,0,0,0,0,0,OCT-23-BLK2
,WHSE B,45200,2023 BACKLOG,OCT-23-BLK3,B-3A,,59860,,11.6,,,,,,,WT'D AVERAGE PRICE BASED ON '23 LIQUIDATION,17.41,1042162.6,694376,0,0,0,0,0,0,OCT-23-BLK3
,WHSE B,45170,2023 BACKLOG,SEPT-23-BLK4,B-4A,,64037,,12,,,,,,,WT'D AVERAGE PRICE BASED ON '23 LIQUIDATION,17.5,1120647.5,768444,0,0,0,0,0,0,SEPT-23-BLK4
,WHSE B,45170,2023 BACKLOG,SEPT-23-BLK2,B-5A,,70612,,12,,,,,,,WT'D AVERAGE PRICE BASED ON '23 LIQUIDATION,17.43,1230767.16,847344,0,0,0,0,0,0,SEPT-23-BLK2
,WHSE B,45170,2023 BACKLOG,SEPT-23-BLK1,B-1B,,78467,,14,,,,,,,WT'D AVERAGE PRICE BASED ON '23 LIQUIDATION,17.31,1358263.77,1098538,0,0,0,0,0,0,SEPT-23-BLK1
,WHSE B,45139,2023 BACKLOG,AUG-23-BLK5,B-2B,,77540,,11,,,,,,,WT'D AVERAGE PRICE BASED ON '23 LIQUIDATION,17.99,1394944.6,852940,0,0,0,0,0,0,AUG-23-BLK5
,WHSE B,45139,2023 BACKLOG,AUG-23-BLK4,B-3B,,70805,,11.8,,,,,,,WT'D AVERAGE PRICE BASED ON '23 LIQUIDATION,17.93,1269533.65,835499,0,0,0,0,0,0,AUG-23-BLK4
,WHSE B,45139,2023 BACKLOG,AUG-23-BLK3,B-4B,,75471,,12.2,,,,,,,WT'D AVERAGE PRICE BASED ON '23 LIQUIDATION,18.04,1361496.84,920746.2,0,0,0,0,0,0,AUG-23-BLK3
,WHSE B,45139,2023 BACKLOG,AUG-23-BLK2,B-5B,,74833,,12,,,,,,,WT'D AVERAGE PRICE BASED ON '23 LIQUIDATION,18.12,1355973.96,897996,0,0,0,0,0,0,AUG-23-BLK2
CLOSED,WHSE C,45017,2023 BACKLOG,APR-23-BLK3,C-1A,,70660,,12,,,,,,,WT'D AVERAGE PRICE BASED ON '23 LIQUIDATION,19.67,1389882.2,847920,0,0,0,0,0,0,APR-23-BLK3
CLOSED,WHSE C,45017,2023 BACKLOG,APR-23-BLK5,C-2A,,60245,,11.8,,,,,,,WT'D AVERAGE PRICE BASED ON '23 LIQUIDATION,19.58,1179597.1,710891,0,0,0,0,0,0,APR-23-BLK5
CLOSED,WHSE C,45047,2023 BACKLOG,MAY-23-BLK2,C-3A,,53115,,11.8,,,,,,,WT'D AVERAGE PRICE BASED ON '23 LIQUIDATION,19.75,1049021.25,626757,0,0,0,0,0,0,MAY-23-BLK2
CLOSED,WHSE C,45047,2023 BACKLOG,MAY-23-BLK4,C-4A,,67411,,12.5,,,,,,,WT'D AVERAGE PRICE BASED ON '23 LIQUIDATION,19.67,1325974.37,842637.5,0,0,0,0,0,0,MAY-23-BLK4
CLOSED,WHSE C,45047,2023 BACKLOG,MAY-23-BLK6,C-5A,,69615,,11.5,,,,,,,WT'D AVERAGE PRICE BASED ON '23 LIQUIDATION,19.68,1370023.2,800572.5,0,0,0,0,0,0,MAY-23-BLK6
CLOSED,WHSE C,45017,2023 BACKLOG,APR-23-BLK4,C-1B,,59868,,11.8,,,,,,,WT'D AVERAGE PRICE BASED ON '23 LIQUIDATION,19.65,1176406.2,706442.4,0,0,0,0,0,0,APR-23-BLK4
CLOSED,WHSE C,45047,2023 BACKLOG,MAY-23-BLK1,C-2B,,71444,,12,,,,,,,WT'D AVERAGE PRICE BASED ON '23 LIQUIDATION,19.68,1406017.92,857328,0,0,0,0,0,0,MAY-23-BLK1
CLOSED,WHSE C,45047,2023 BACKLOG,MAY-23-BLK3,C-3B,,62559,,13,,,,,,,WT'D AVERAGE PRICE BASED ON '23 LIQUIDATION,19.5,1219900.5,813267,0,0,0,0,0,0,MAY-23-BLK3
CLOSED,WHSE C,45047,2023 BACKLOG,MAY-23-BLK5,C-4B,,64950,,11,,,,,,,WT'D AVERAGE PRICE BASED ON '23 LIQUIDATION,19.65,1276267.5,714450,0,0,0,0,0,0,MAY-23-BLK5
CLOSED,WHSE C,45078,2023 BACKLOG,JUNE-23-BLK2,C-5B,,64700,,11.7,,,,,,,WT'D AVERAGE PRICE BASED ON '23 LIQUIDATION,19.75,1277825,756990,0,0,0,0,0,0,JUNE-23-BLK2
,WHSE B,45108,2023 BACKLOG,JULY-23-BLK4,B-7B,,58226,,12,,,,,,,WT'D AVERAGE PRICE BASED ON '23 LIQUIDATION,17.5,1018955,698712,0,0,0,0,0,0,JULY-23-BLK4
CLOSED,WHSE C,45078,2023 BACKLOG,JUNE-23-BLK3,C-7A,,73289,,12,,,,,,,WT'D AVERAGE PRICE BASED ON '23 LIQUIDATION,19.61,1437197.29,879468,0,0,0,0,0,0,JUNE-23-BLK3
CLOSED,WHSE C,45108,2023 BACKLOG,JULY-23-BLK1,C-8A,,64040,,12,,,,,,,WT'D AVERAGE PRICE BASED ON '23 LIQUIDATION,18.59,1190503.6,768480,0,0,0,0,0,0,JULY-23-BLK1
CLOSED,WHSE C,45108,2023 BACKLOG,JULY-23-BLK3,C-9A,,76288,,12.75,,,,,,,WT'D AVERAGE PRICE BASED ON '23 LIQUIDATION,18.61,1419719.68,972672,0,0,0,0,0,0,JULY-23-BLK3
CLOSED,WHSE C,45078,2023 BACKLOG,JUNE-23-BLK4,C-7B,,67970,,10.5,,,,,,,WT'D AVERAGE PRICE BASED ON '23 LIQUIDATION,19.68,1337649.6,713685,0,0,0,0,0,0,JUNE-23-BLK4
CLOSED,WHSE C,45108,2023 BACKLOG,JULY-23-BLK2,C-8B,,65056,,12,,,,,,,WT'D AVERAGE PRICE BASED ON '23 LIQUIDATION,18.75,1219800,780672,0,0,0,0,0,0,JULY-23-BLK2
CLOSED,WHSE C,45139,2023 BACKLOG,AUG-23-BLK1,C-9B,,61409,,12.3,,,,,,,WT'D AVERAGE PRICE BASED ON '23 LIQUIDATION,18.39,1129311.51,755330.7,0,0,0,0,0,0,AUG-23-BLK1
CLOSED,WHSE C,45231,2023 BACKLOG,NOV-23-BLK3,C-17A,,58915,,12,,,,,,,WT'D AVERAGE PRICE BASED ON '23 LIQUIDATION,17.5,1031012.5,706980,0,0,0,0,0,0,NOV-23-BLK3
CLOSED,WHSE C,45231,2023 BACKLOG,NOV-23-BLK2,C-18A,,80945,,12,,,,,,,WT'D AVERAGE PRICE BASED ON '23 LIQUIDATION,17.37,1406014.65,971340,0,0,0,0,0,0,NOV-23-BLK2
CLOSED,WHSE C,45261,2023 BACKLOG,DEC-23-BLK2,C-19A,,63161,,12,,,,,,,WT'D AVERAGE PRICE BASED ON '23 LIQUIDATION,16.77,1059209.97,757932,0,0,0,0,0,0,DEC-23-BLK2
CLOSED,WHSE C,45261,2023 BACKLOG,DEC-23-BLK1,C-17B,,63523,,13,,,,,,,WT'D AVERAGE PRICE BASED ON '23 LIQUIDATION,16.87,1071633.01,825799,0,0,0,0,0,0,DEC-23-BLK1
CLOSED,WHSE C,45231,2023 BACKLOG,NOV-23-BLK4,C-18B,,82649,,13.5,,,,,,,WT'D AVERAGE PRICE BASED ON '23 LIQUIDATION,17.02,1406685.98,1115761.5,0,0,0,0,0,0,NOV-23-BLK4
CLOSED,WHSE C,45231,2023 BACKLOG,NOV-23-BLK1,C-19B,,64945,,11.9,,,,,,,WT'D AVERAGE PRICE BASED ON '23 LIQUIDATION,17.42,1131341.9,772845.5,0,0,0,0,0,0,NOV-23-BLK1
CLOSED,WHSE D,44075,2020 BACKLOG,SEPT-20-BLK2,D-18A,,43020,,10.27,,,,,,,WT'D AVERAGE PRICE BASED ON '20 LIQUIDATION,19.25,828135,441815.4,0,0,0,0,0,0,SEPT-20-BLK2
CLOSED,WHSE D,44013,2020 BACKLOG,JULY-20-BLK12,D-19A,,48945,,10.95,,,,,,,WT'D AVERAGE PRICE BASED ON '20 LIQUIDATION,19.25,942191.25,535947.75,0,0,0,0,0,0,JULY-20-BLK12
CLOSED,WHSE D,44044,2020 BACKLOG,AUG-20-BLK7,D-18B,,50705,,9.99,,,,,,,WT'D AVERAGE PRICE BASED ON '20 LIQUIDATION,18.33,929422.65,506542.95,0,0,0,0,0,0,AUG-20-BLK7
CLOSED,WHSE D,44013,2020 BACKLOG,JULY-20-BLK10,D-19B,,47167,,11.91,,,,,,,WT'D AVERAGE PRICE BASED ON '20 LIQUIDATION,18.74,883909.58,561758.97,0,0,0,0,0,0,JULY-20-BLK10
CLOSED,WHSE D,44136,2020 BACKLOG,NOV-20-BLK6,D-17C,,49618,,9.24,,,,,,,WT'D AVERAGE PRICE BASED ON '20 LIQUIDATION,20.27,1005756.86,458470.32,0,0,0,0,0,0,NOV-20-BLK6
CLOSED,WHSE D,44044,2020 BACKLOG,AUG-20-BLK4,D-18C,,55360,,10.95,,,,,,,WT'D AVERAGE PRICE BASED ON '20 LIQUIDATION,18.06,999801.6,606192,0,0,0,0,0,0,AUG-20-BLK4
CLOSED,WHSE D,44013,2020 BACKLOG,JULY-20-BLK7,D-19C,,48680,,10.96,,,,,,,WT'D AVERAGE PRICE BASED ON '20 LIQUIDATION,18.15,883542,533532.8,0,0,0,0,0,0,JULY-20-BLK7
CLOSED,WHSE D,44075,2020 BACKLOG,SEPT-20-BLK6,D-17D,,63220,,10.97,,,,,,,WT'D AVERAGE PRICE BASED ON '20 LIQUIDATION,19.39,1225835.8,693523.4,0,0,0,0,0,0,SEPT-20-BLK6
CLOSED,WHSE D,44044,2020 BACKLOG,AUG-20-BLK1,D-18D,,43657,,10.9,,,,,,,WT'D AVERAGE PRICE BASED ON '20 LIQUIDATION,18.7,816385.9,475861.3,0,0,0,0,0,0,AUG-20-BLK1
CLOSED,WHSE D,44013,2020 BACKLOG,JULY-20-BLK3,D-19D,,48830,,11.11,,,,,,,WT'D AVERAGE PRICE BASED ON '20 LIQUIDATION,18.28,892612.4,542501.3,0,0,0,0,0,0,JULY-20-BLK3
,,,,,,,,,,,,,,,,,,0,0,0,0,0,0,0,0,
,,,,,,,,,,,,,,,,,,0,0,0,0,0,0,0,0,
CLOSED,WHSE D,45294,Namoc,JAN-24-TNK1,D-3C,RFF 922,23509,620,10.94,3.2,0.549,0.569,13.05,5.7,81.25,"PLATE # RFM922 net kls of 23,675 - .70%(ASH)  = 23,509",18,423162,257188.46,75228.8,12906.441,13376.621,306792.45,134001.3,1910106.25,JAN-24-TNK1
CLOSED,WHSE D,45294,Namoc,DEC-23-TNK2,D-3D,CAC 2732,31563,750,10.07,3.79,0.552,0.572,12.72,5.4,81.88,"PLATE # CAC2732 net kls of 31,690 - .40%(ASH)  = 31,563 / PILE IN DECEMBER TANK 2",18,568134,317839.41,119623.77,17422.776,18054.036,401481.36,170440.2,2584378.44,DEC-23-TNK2
,,,,,,,,,,,,,,,,,,0,0,0,0,0,0,0,0,
CLOSED,WHSE C,45295,Layupan,DEC-23-BLK3,C-20B,NFD 5679,22693,620,15.135,2.81,0.571,0.591,12.12,4.94,82.94,"NFD 5679 net kls of 23,215 - 522kls(MC) = 22,693 / PILE IN DECEMBER BLOCK 3",16.75,380107.75,343458.555,63767.33,12957.703,13411.563,275039.16,112103.42,1882157.42,DEC-23-BLK3
,,,,,,,,,,,,,,,,,,0,0,0,0,0,0,0,0,
,WHSE B,45299,Layupan,JAN-24-BLK1,B-11B,NFD 5679,21250,620,11.74,2.39,0.568,0.588,11.98,3.8,84.22,,16.75,355937.5,249475,50787.5,12070,12495,254575,80750,1789675,JAN-24-BLK1
,,,,,,,,,,,,,,,,,,0,0,0,0,0,0,0,0,
,WHSE B,45302,Llanto,JAN-24-BLK1,B-11B,ALA 9958,22865,620,11.14,2.54,0.575,0.595,12.77,3.17,84.06,,17,388705,254716.1,58077.1,13147.375,13604.675,291986.05,72482.05,1922031.9,JAN-24-BLK1
,,,,,,,,,,,,,,,,,,0,0,0,0,0,0,0,0,
,WHSE B,45306,Llanto,JAN-24-BLK1,B-11B,ALA 9958,24648,650,11.34,2.76,0.575,0.595,12.27,5.09,82.64,"ALA 9958 net kls of 24,670 - 0.09%(ash) = 24,648",17,419016,279508.32,68028.48,14172.6,14665.56,302430.96,125458.32,2036910.72,JAN-24-BLK1
,WHSE B,45306,Llanto,JAN-24-BLK2,B-12B,LFL 730,12585,415,11,2.4,0.571,0.591,11.91,4.47,83.62,,17,213945,138435,30204,7186.035,7437.735,149887.35,56254.95,1052357.7,JAN-24-BLK2
,,,,,,,,,,,,,,,,,,0,0,0,0,0,0,0,0,
,WHSE B,45314,Esito,JAN-24-BLK1,B-11B,MAS 9331,14395,400,12,1.17,0.588,0.608,12.27,3.53,84.2,,16.75,241116.25,172740,16842.15,8464.26,8752.16,176626.65,50814.35,1212059,JAN-24-BLK1
CLOSED,WHSE C,45314,Layupan,JAN-24-BLK3,C-20A,CBQ 5232,19678,620,14.27,2.77,0.562,0.582,13.1,3.9,83,"CBQ 5232 net kls of 20,135 - 2.27%(MC) = 19,678",17,334526,280805.06,54508.06,11059.036,11452.596,257781.8,76744.2,1633274,JAN-24-BLK3
,,,,,,,,,,,,,,,,,,0,0,0,0,0,0,0,0,
,WHSE B,45317,Paquibot,JAN-24-BLK2,B-12B,AAV 6111,18575,440,11.74,2.38,0.575,0.595,12.45,3.91,83.64,,16.75,311131.25,218070.5,44208.5,10680.625,11052.125,231258.75,72628.25,1553613,JAN-24-BLK2
,WHSE B,45317,Llanto,JAN-24-BLK2,B-12B,CBQ 5232,20095,620,12,2.67,0.568,0.588,12.7,4.1,83.2,,19.5,391852.5,241140,53653.65,11413.96,11815.86,255206.5,82389.5,1671904,JAN-24-BLK2
,,,,,,,,,,,,,,,,,,0,0,0,0,0,0,0,0,
,WHSE B,45322,Paquibot,JAN-24-BLK4,B-17B,KCA 378,17415,430,10.74,2.4,0.578,0.598,13.19,3.94,82.87,,19.5,339592.5,187037.1,41796,10065.87,10414.17,229703.85,68615.1,1443181.05,JAN-24-BLK4
,,,,,,,,,,,,,,,,,,0,0,0,0,0,0,0,0,
CLOSED,WHSE C,45327,Layupan,JAN-24-BLK3,C-20A,CBQ 5232,18406,620,15,2.78,0.562,0.582,13.21,4.15,82.64,"CBQ 5232 net kls of 18,975 - 3%(MC) = 18,406 / PILE IN JANUARY BLOCK 3",16.75,308300.5,276090,51168.68,10344.172,10712.292,243143.26,76384.9,1521071.84,JAN-24-BLK3
,,,,,,,,,,,,,,,,,,0,0,0,0,0,0,0,0,
,WHSE B,45329,Paquibot,JAN-24-BLK4,B-17B,AAV 6111,18305,430,11.8,2.68,0.578,0.598,13.15,4.23,82.62, PILE IN JANUARY BLOCK 4,19.5,356947.5,215999,49057.4,10580.29,10946.39,240710.75,77430.15,1512359.1,JAN-24-BLK4
,,,,,,,,,,,,,,,,,,0,0,0,0,0,0,0,0,
,WHSE B,45334,Paquibot,JAN-24-BLK4,B-17B,KCA 378,18810,440,11.94,2.47,0.575,0.595,13.19,3.86,82.95, PILE IN JANUARY BLOCK 4,19.5,366795,224591.4,46460.7,10815.75,11191.95,248103.9,72606.6,1560289.5,JAN-24-BLK4
,WHSE B,45334,Sevilla,FEB-24-BLK1,B-8B,NAO 3238,23650,590,9.87,2.79,0.575,0.595,12.37,4.54,83.09,,18.8,444620,233425.5,65983.5,13598.75,14071.75,292550.5,107371,1965078.5,FEB-24-BLK1
CLOSED,WHSE C,45334,Layupan,JAN-24-BLK3,C-20A,NFD 5679,24111,620,13,2.85,0.562,0.582,12.1,4.39,83.51,"NFD 5679 net kls of 24,355 - 1%(MC) = 24,111 / PILE IN JANUARY BLOCK 3",16.75,403859.25,313443,68716.35,13550.382,14032.602,291743.1,105847.29,2013509.61,JAN-24-BLK3
,,,,,,,,,,,,,,,,,,0,0,0,0,0,0,0,0,
,WHSE B,45336,Llanto,JAN-24-BLK2,B-12B,ALA 9958,22005,600,11.47,2.77,0.578,0.598,12.38,3.49,84.13,PILE IN JANUARY BLOCK 2,17,374085,252397.35,60953.85,12718.89,13158.99,272421.9,76797.45,1851280.65,JAN-24-BLK2
,WHSE B,45336,Layupan,FEB-24-BLK2,B-13B,CBQ 5232,20946,620,13.87,2.65,0.568,0.588,12.16,4.26,83.58,"CBQ 5232 net kls of 21,345 - 1.87%(MC) = 20,946",16.75,350845.5,290521.02,55506.9,11897.328,12316.248,254703.36,89229.96,1750666.68,FEB-24-BLK2
,,,,,,,,,,,,,,,,,,0,0,0,0,0,0,0,0,
,WHSE B,45337,Sevilla,FEB-24-BLK1,B-8B,AAV5253,19540,610,9.54,2.6,0.578,0.598,12.8,4.74,82.46,,18.8,367352,186411.6,50804,11294.12,11684.92,250112,92619.6,1611268.4,FEB-24-BLK1
,WHSE B,45337,Sula,FEB-24-BLK2,B-13B,KAL 9356,3990,100,12,1.37,0.588,0.608,12.15,3.88,83.97,,17,67830,47880,5466.3,2346.12,2425.92,48478.5,15481.2,335040.3,FEB-24-BLK2
,,,,,,,,,,,,,,,,,,0,0,0,0,0,0,0,0,
,WHSE B,45338,Paquibot,JAN-24-BLK4,B-17B,AAV 6111,18585,440,10.89,2.76,0.575,0.595,12.14,3.77,84.09, PILE IN JANUARY BLOCK 4,19.5,362407.5,202390.65,51294.6,10686.375,11058.075,225621.9,70065.45,1562812.65,JAN-24-BLK4
CLOSED,WHSE D,45338,Namoc,JAN-24-TNK1,D-3C,CCN6007,30710,800,9.54,3.77,0.556,0.576,11.67,5.34,82.99," CCN6007 net kls of 30,815 - 0.34% (ASH) = 30,710 / PILE IN JANUARY TANK 1",19,583490,292973.4,115776.7,17074.76,17688.96,358385.7,163991.4,2548622.9,JAN-24-TNK1
,WHSE B,45338,Layupan,FEB-24-BLK2,B-13B,NFD 5679,20785,600,12.74,2.75,0.568,0.588,11.84,4.67,83.49,"NFD 5679 net kls of 20,940 - 0.74%(MC) = 20,785",16.75,348148.75,264800.9,57158.75,11805.88,12221.58,246094.4,97065.95,1735339.65,FEB-24-BLK2
,,,,,,,,,,,,,,,,,,0,0,0,0,0,0,0,0,
CLOSED,WHSE D,45341,Namoc,FEB-24-TNK1,D-3B,CBJ3565,28815,800,8.87,3.19,0.549,0.569,12.24,3.09,84.67,,19,547485,255589.05,91919.85,15819.435,16395.735,352695.6,89038.35,2439766.05,FEB-24-TNK1
,,,,,,,,,,,,,,,,,,0,0,0,0,0,0,0,0,
,WHSE B,45342,Sevilla,FEB-24-BLK1,B-8B,NAO 3238,21780,590,10,2.88,0.578,0.598,14.79,2.92,82.29,,19.25,419265,217800,62726.4,12588.84,13024.44,322126.2,63597.6,1792276.2,FEB-24-BLK1
,,,,,,,,,,,,,,,,,,0,0,0,0,0,0,0,0,
CLOSED,WHSE A,45343,Layupan,FEB-24-BLK4,A-9A,CBQ 5232,18765.5,471,19.07,2.78,0.562,0.582,12.19,4.59,83.22,"CBQ 5232 net kls of 20,193.5 - 7.07%(MC) = 18,765.5",16.75,314322.125,357858.085,52168.09,10546.211,10921.521,228751.445,86133.645,1561664.91,FEB-24-BLK4
,,,,,,,,,,,,,,,,,,0,0,0,0,0,0,0,0,
,WHSE B,45344,Paquibot,FEB-24-BLK3,B-18B,KCA 378,16535,437,11.8,2.3,0.578,0.598,13.21,3.7,83.09,,19.5,322432.5,195113,38030.5,9557.23,9887.93,218427.35,61179.5,1373893.15,FEB-24-BLK3
,WHSE B,45344,Sevilla,FEB-24-BLK5,B-9B,CCN 3642,19130,452,9.94,2.46,0.578,0.598,13.1,4.72,82.18,,19.25,368252.5,190152.2,47059.8,11057.14,11439.74,250603,90293.6,1572103.4,FEB-24-BLK5
,WHSE B,45344,Llanto,FEB-24-BLK2,B-13B,RKJ 247,24485,420,12.87,2.38,0.575,0.595,12.51,3.87,83.62,"RKJ 247 net kls of 24,700 - 0.87%(MC) = 24,485",17,416245,315121.95,58274.3,14078.875,14568.575,306307.35,94756.95,2047435.7,FEB-24-BLK2
,,,,,,,,,,,,,,,,,,0,0,0,0,0,0,0,0,
,WHSE B,45348,Paquibot,JAN-24-BLK4,B-17B,KCA 378,15970,440,10.47,2.58,0.578,0.598,12.5,3.26,84.24, PILE IN JANUARY BLOCK 4,19.5,311415,167205.9,41202.6,9230.66,9550.06,199625,52062.2,1345312.8,JAN-24-BLK4
CLOSED,WHSE D,45348,Namoc,FEB-24-TNK1,D-3B,RFM 922,22740,580,10.14,2.9,0.552,0.572,10.89,4.98,84.13,,19,432060,230583.6,65946,12552.48,13007.28,247638.6,113245.2,1913116.2,FEB-24-TNK1
,,,,,,,,,,,,,,,,,,0,0,0,0,0,0,0,0,
,WHSE B,45349,Paquibot,FEB-24-BLK3,B-18B,AAV 6111,18783,445,12.67,2.7,0.575,0.595,13.27,2.9,83.83,"AAV 6111 net kls of 18,910 - 0.67%(MC) = 18,783",19.5,366268.5,237980.61,50714.1,10800.225,11175.885,249250.41,54470.7,1574578.89,FEB-24-BLK3
,,,,,,,,,,,,,,,,,,0,0,0,0,0,0,0,0,
,WHSE B,45355,Layupan,MAR-24-BLK1,B-14B,CBQ 5232,20575,615,11.94,3.2,0.549,0.569,12.51,3.9,83.59,,16.75,344631.25,245665.5,65840,11295.675,11707.175,257393.25,80242.5,1719864.25,MAR-24-BLK1
CLOSED,WHSE D,45355,Namoc,MAR-24-TNK1,D-4D,CCN 6007,29175,850,9,2.78,0.562,0.582,12.18,3.1,84.72,,19,554325,262575,81106.5,16396.35,16979.85,355351.5,90442.5,2471706,MAR-24-TNK1
,,,,,,,,,,,,,,,,,,0,0,0,0,0,0,0,0,
,WHSE B,45356,Paquibot,FEB-24-BLK3,B-18B,KCA 378,18243,436,12.34,2.55,0.578,0.598,13.24,4.29,82.47,"KCA 378 net kls of 18,305 - .24%(mc) = 18,243 / PILE IN FEBRUARY BLOCK 3",19.5,355738.5,225118.62,46519.65,10544.454,10909.314,241537.32,78262.47,1504500.21,FEB-24-BLK3
,WHSE B,45356,Llanto,MAR-24-BLK1,B-14B,ALA 9958,18767,496,12.07,2.79,0.575,0.595,12.47,4.57,82.96,"ALA 9958 net kls of 18,780 - .07%(mc) = 18,767",17,319039,226517.69,52359.93,10791.025,11166.365,234024.49,85765.19,1556910.32,MAR-24-BLK1
,,,,,,,,,,,,,,,,,,0,0,0,0,0,0,0,0,
,WHSE B,45358,Paquibot,FEB-24-BLK3,B-18B,AAV 6111,17590,444,9,2.68,0.575,0.595,13.29,2.88,83.83, PILE IN FEBRUARY BLOCK 3,19.5,343005,158310,47141.2,10114.25,10466.05,233771.1,50659.2,1474569.7,FEB-24-BLK3
,WHSE B,45358,Layupan,MAR-24-BLK1,B-14B,NFD 5679,19604,590,13.14,2.87,0.562,0.582,12.16,4.54,83.3,"NFD 5679 net kls of 19,830 - 1.14%(MC) = 19,604",16.75,328367,257596.56,56263.48,11017.448,11409.528,238384.64,89002.16,1633013.2,MAR-24-BLK1
,WHSE B,45358,Esito,MAR-24-BLK1,B-14B,RNC 755,16166,435,14.67,2.14,0.588,0.608,12.2,3.93,83.87,"RNC 755 net kls of 15,610 - 2.67%(mc) = 16,166",17,274822,237155.22,34595.24,9505.608,9828.928,197225.2,63532.38,1355842.42,MAR-24-BLK1
,,,,,,,,,,,,,,,,,,0,0,0,0,0,0,0,0,
,WHSE B,45359,Sevilla,FEB-24-BLK5,B-9B,CCN 3648,19110,453,10.07,2.56,0.578,0.598,13.29,4.62,82.09, PILE IN FEBRUARY BLOCK 5,19.25,367867.5,192437.7,48921.6,11045.58,11427.78,253971.9,88288.2,1568739.9,FEB-24-BLK5
,WHSE B,45359,Sevilla,FEB-24-BLK5,B-9B,MCV 126,20170,520,10.2,2.66,0.578,0.598,12.37,3.87,83.76, PILE IN FEBRUARY BLOCK 5,19.25,388272.5,205734,53652.2,11658.26,12061.66,249502.9,78057.9,1689439.2,FEB-24-BLK5
,,,,,,,,,,,,,,,,,,0,0,0,0,0,0,0,0,
,WHSE B,45362,Paquibot,MAR-24-BLK2,B-19B,KCA 378,17310,435,11.07,2.39,0.575,0.595,12.5,3.91,83.59,,19.5,337545,191621.7,41370.9,9953.25,10299.45,216375,67682.1,1446942.9,MAR-24-BLK2
,WHSE B,45362,Linhap,MAR-24-BLK3,B-11A,T071602,12454,450,11.47,2.92,0.575,0.595,13.13,6.59,80.28,"T071602 net kls of 12,655 - 1.59% (ASH) = 12,454 ",17,211718,142847.38,36365.68,7161.05,7410.13,163521.02,82071.86,999807.12,MAR-24-BLK3
,WHSE B,45362,Layupan,MAR-24-BLK3,B-11A,CBQ 5232,19402,600,12.4,2.86,0.562,0.582,12.71,4.27,83.02,"CBQ 5232 net kls of 19,480 - .40%(MC) = 19,402",16.75,324983.5,240584.8,55489.72,10903.924,11291.964,246599.42,82846.54,1610754.04,MAR-24-BLK3
CLOSED,WHSE D,45362,Namoc,MAR-24-TNK1,D-4D,CCN 6007,28240,830,8.54,3.17,0.549,0.569,12.12,3.3,84.58,,19,536560,241169.6,89520.8,15503.76,16068.56,342268.8,93192,2388539.2,MAR-24-TNK1
,,,,,,,,,,,,,,,,,,0,0,0,0,0,0,0,0,
,WHSE B,45366,Sevilla,MAR-24-BLK4,B-7A,NDH 3788,21105,475,10.54,0.33,0.595,0.615,12.74,3.54,83.72,,19.25,406271.25,222446.7,6964.65,12557.475,12979.575,268877.7,74711.7,1766910.6,MAR-24-BLK4
,,,,,,,,,,,,,,,,,,0,0,0,0,0,0,0,0,
,WHSE B,45369,Layupan,MAR-24-BLK3,B-11A,CBQ 5232,20060,615,11.8,0.35,0.568,0.588,11.6,4.8,83.6,,16.75,336005,236708,7021,11394.08,11795.28,232696,96288,1677016,MAR-24-BLK3
,,,,,,,,,,,,,,,,,,0,0,0,0,0,0,0,0,
,WHSE B,45370,Paquibot,MAR-24-BLK2,B-19B,AAV 6111,17265,437,11.54,2.86,0.575,0.595,12.57,3.18,84.25,,19.5,336667.5,199238.1,49377.9,9927.375,10272.675,217021.05,54902.7,1454576.25,MAR-24-BLK2
,,,,,,,,,,,,,,,,,,0,0,0,0,0,0,0,0,
,WHSE B,45372,Paquibot,MAR-24-BLK2,B-19B,KCA 378,17250,445,11.94,2.76,0.575,0.595,12.4,4.13,83.47,,19.5,336375,205965,47610,9918.75,10263.75,213900,71242.5,1439857.5,MAR-24-BLK2
CLOSED,WHSE A,45372,Sula,FEB-24-BLK4,A-9A,KAL 4256,4143,100,15.07,1.13,0.585,0.605,12.2,3.49,84.31,"KAL 4256 net kls of 4,275 - 3.07% (MC) = 4,143/PILE IN FEBRUARY BLOCK 4",17,70431,62435.01,4681.59,2423.655,2506.515,50544.6,14459.07,349296.33,FEB-24-BLK4
,,,,,,,,,,,,,,,,,,0,0,0,0,0,0,0,0,
,WHSE B,45373,Sevilla,MAR-24-BLK4,B-7A,NAD3238,23470,590,10.67,2.89,2.84,0.578,12.15,4.67,83.18,,19.25,451797.5,250424.9,67828.3,66654.8,13565.66,285160.5,109604.9,1952234.6,MAR-24-BLK4
,WHSE B,45373,Layupan,MAR-24-BLK5,B-15B,CBQ 5232,17148,553,15.735,2.84,2.89,0.562,12.29,3.88,83.83,"CBQ 5232 net kls of 17,295 - 147KILOS(MC) = 17,148",16.75,287229,269823.78,48700.32,49557.72,9637.176,210748.92,66534.24,1437516.84,MAR-24-BLK5
,,,,,,,,,,,,,,,,,,0,0,0,0,0,0,0,0,
CLOSED,WHSE D,45377,Namoc,MAR-24-TNK2,D-4C,RFM 922,23455,630,11.67,2.97,0.549,0.569,11.86,4.59,83.55,,19,445645,273719.85,69661.35,12876.795,13345.895,278176.3,107658.45,1959665.25,MAR-24-TNK2
,,,,,,,,,,,,,,,,,,0,0,0,0,0,0,0,0,
,WHSE B,45378,Sevilla,MAR-24-BLK4,B-7A,MCV 126,19600,472,10,2.9,0.578,0.598,12.19,5.1,82.71,,16.75,328300,196000,56840,11328.8,11720.8,238924,99960,1621116,MAR-24-BLK4
,WHSE B,45378,Layupan,MAR-24-BLK5,B-15B,CBQ 5232,20740,620,12.07,2.49,0.562,0.582,13.27,4.73,82,"CBQ 5232 net kls of 20,755 - 0.07%(MC) = 20,740",19.25,399245,250331.8,51642.6,11655.88,12070.68,275219.8,98100.2,1700680,MAR-24-BLK5
,,,,,,,,,,,,,,,,,,0,0,0,0,0,0,0,0,
,WHSE B,45383,Llanto,MAR-24-BLK3,B-11A,RKJ477,16185,435,11.14,2.4,0.575,0.595,12.67,3.63,83.7,PILE IN MARCH BLOCK 3,17,275145,180300.9,38844,9306.375,9630.075,205063.95,58751.55,1354684.5,MAR-24-BLK3
CLOSED,WHSE D,45383,Namoc,MAR-24-TNK2,D-4C,CAC 2732,32395,800,9.4,3.2,0.552,0.572,13.78,2.37,83.85,PILE IN MARCH TANK 2,19,615505,304513,103664,17882.04,18529.94,446403.1,76776.15,2716320.75,MAR-24-TNK2
,,,,,,,,,,,,,,,,,,0,0,0,0,0,0,0,0,
,WHSE B,45384,Paquibot,MAR-24-BLK2,B-19B,AAV 6111,18184,425,11.38256757,2.78,0.578,0.598,12.81,2.94,84.25,PILE IN MARCH BLOCK 2,19.5,354588,206980.6086,50551.52,10510.352,10874.032,232937.04,53460.96,1532002,MAR-24-BLK2
,,,,,,,,,,,,,,,,,,0,0,0,0,0,0,0,0,
,WHSE B,45385,Esito,MAR-24-BLK5,B-15B,MAG2162,17954,419,13.27,2.89,0.588,0.608,12.13,4.34,83.53,PILE IN MARCH BLOCK 5,17,305218,238249.58,51887.06,10556.952,10916.032,217782.02,77920.36,1499697.62,MAR-24-BLK5
,,,,,,,,,,,,,,,,,,0,0,0,0,0,0,0,0,
,WHSE B,45386,Paquibot,APR-24-BLK1,B-20B,KCA 378,16035,440,11.2,2.72,0.581,0.601,13.4,3.12,83.48,,19.5,312682.5,179592,43615.2,9316.335,9637.035,214869,50029.2,1338601.8,APR-24-BLK1
,,,,,,,,,,,,,,,,,,0,0,0,0,0,0,0,0,
,WHSE B,45387,Layupan,MAR-24-BLK5,B-15B,CBQ 5232,20597,386,13.32140187,2.81,0.56,0.58,11.14,4.87,83.99,"CBQ 5232 net kls of 20,855 - 258KILOS(MC) = 20,597 / PILE IN MARCH BLOCK 5",16.75,344999.75,274380.9143,57877.57,11534.32,11946.26,229450.58,100307.39,1729942.03,MAR-24-BLK5
,,,,,,,,,,,,,,,,,,0,0,0,0,0,0,0,0,
,WHSE B,45388,Paquibot,APR-24-BLK1,B-20B,AAV 6111,16580,423,8.74,2.97,0.571,0.591,14.26,4.56,81.18,,19.5,323310,144909.2,49242.6,9467.18,9798.78,236430.8,75604.8,1345964.4,APR-24-BLK1
,,,,,,,,,,,,,,,,,,0,0,0,0,0,0,0,0,
,WHSE B,45393,Paquibot,APR-24-BLK1,B-20B,AAV 6111,17969,454,13.87,2.8,0.575,0.595,12.37,2.85,84.78,"AAV 6111 net kls of 18,025 - 56KILOS(MC) = 17,969",19.5,350395.5,249230.03,50313.2,10332.175,10691.555,222276.53,51211.65,1523411.82,APR-24-BLK1
CLOSED,WHSE D,45393,Namoc,APR-24-TNK1,D-4B,RJY 331,23120,625,10.07,2.92,0.549,0.569,11.58,2.6,85.82,,19,439280,232818.4,67510.4,12692.88,13155.28,267729.6,60112,1984158.4,APR-24-TNK1
,,,,,,,,,,,,,,,,,,0,0,0,0,0,0,0,0,
,WHSE B,45394,Llanto,APR-24-BLK2,B-12A,ALA 9958,21260,600,11.94,2.8,0.571,0.591,11.98,3.79,84.23,,18,382680,253844.4,59528,12139.46,12564.66,254694.8,80575.4,1790729.8,APR-24-BLK2
,WHSE B,45394,Linhap,APR-24-BLK2,B-12A,T071602,11510,448,11.2,2.57,0.578,0.598,12.15,2.91,84.94,,17,195670,128912,29580.7,6652.78,6882.98,139846.5,33494.1,977659.4,APR-24-BLK2
,,,,,,,,,,,,,,,,,,0,0,0,0,0,0,0,0,
,WHSE B,45397,Sevilla,APR-24-BLK3,B-8A,CCN 3648,19690,460,10.87,2.67,0.575,0.595,13.4,4.72,81.88,,19.25,379032.5,214030.3,52572.3,11321.75,11715.55,263846,92936.8,1612217.2,APR-24-BLK3
,,,,,,,,,,,,,,,,,,0,0,0,0,0,0,0,0,
CLOSED,WHSE A,45398,Layupan,FEB-24-BLK4,A-9A,CBQ 5232,21154,526,15.00308943,2.76,0.565,0.585,11.19,4.54,84.27,"CBQ 5232 net kls of 21,805 - 651KILOS(MC) = 21,154 / PILE IN FEBRUARY BLOCK 4",16.75,354329.5,317375.3538,58385.04,11952.01,12375.09,236713.26,96039.16,1782647.58,FEB-24-BLK4
,WHSE B,45398,Sevilla,APR-24-BLK3,B-8A,MCV 126,19500,467,10.94,2.95,0.578,0.598,12.78,4.29,82.93,,19.25,375375,213330,57525,11271,11661,249210,83655,1617135,APR-24-BLK3
CLOSED,WHSE D,45398,Namoc,APR-24-TNK2,D-1D,CCN 2007,30365,780,8.94,3.21,0.562,0.582,10.87,11.44,77.69,,20,607300,271463.1,97471.65,17065.13,17672.43,330067.55,347375.6,2359056.85,APR-24-TNK2
CLOSED,WHSE D,45398,Namoc,APR-24-TNK2,D-1D,CBJ 3567,32080,834,8.87,3.17,0.556,0.576,12.1,9.87,78.03,,20,641600,284549.6,101693.6,17836.48,18478.08,388168,316629.6,2503202.4,APR-24-TNK2
,,,,,,,,,,,,,,,,,,0,0,0,0,0,0,0,0,
,WHSE B,45399,Paquibot,APR-24-BLK1,B-20B,AAV 6111,18220,444,9.07,2.77,0.575,0.595,12.74,3.4,83.86,,19.5,355290,165255.4,50469.4,10476.5,10840.9,232122.8,61948,1527929.2,APR-24-BLK1
CLOSED,WHSE D,45399,Namoc,APR-24-TNK1,D-4B,CAC2732,31260,790,8.27,3.27,0.549,0.569,10.56,2.88,86.56,,20,625200,258520.2,102220.2,17161.74,17786.94,330105.6,90028.8,2705865.6,APR-24-TNK1
,,,,,,,,,,,,,,,,,,0,0,0,0,0,0,0,0,
,WHSE B,45400,Sevilla,APR-24-BLK3,B-8A,CBN 3200,21299,480,9.07,2.78,0.578,0.598,11.94,5.13,82.93,,19.25,410005.75,193181.93,59211.22,12310.822,12736.802,254310.06,109263.87,1766326.07,APR-24-BLK3
,,,,,,,,,,,,,,,,,,0,0,0,0,0,0,0,0,
CLOSED,WHSE A,45401,Layupan,FEB-24-BLK4,A-9A,NFD 5679,20671,620,14.27,2.93,0.568,0.588,12.36,4.2,83.44,"NFD 5679 net kls of 21,025 - 354KILOS(MC) = 20,671 / PILE IN FEBRUARY BLOCK 4",16.75,346239.25,294975.17,60566.03,11741.128,12154.548,255493.56,86818.2,1724788.24,FEB-24-BLK4
,,,,,,,,,,,,,,,,,,0,0,0,0,0,0,0,0,
,WHSE B,45404,Sevilla,APR-24-BLK4,B-9A,NEO 03369,19397,490,11.07,2.76,0.562,0.582,12.21,4.27,83.52,"NEO 3369 net kls of 19,495 -98(KILOS) = 19,397",19.25,373392.25,214724.79,53535.72,10901.114,11289.054,236837.37,82825.19,1620037.44,APR-24-BLK4
CLOSED,WHSE D,45404,Namoc,APR-24-TNK3,D-5D,CBJ 3567,29650,790,8.27,3.17,0.556,0.576,10.95,3.97,85.08,,20,593000,245205.5,93990.5,16485.4,17078.4,324667.5,117710.5,2522622,APR-24-TNK3
,,,,,,,,,,,,,,,,,,0,0,0,0,0,0,0,0,
CLOSED,,45405,Paquibot,FEED,,AAV 6111,17980,488,9.94,2.68,0.575,0.595,13.39,2.96,83.65,DONE FEEDING ON APRIL 23,21,377580,178721.2,48186.4,10338.5,10698.1,240752.2,53220.8,1504027,FEED
,,,,,,,,,,,,,,,,,,0,0,0,0,0,0,0,0,
CLOSED,WHSE A,45406,Sula,FEB-24-BLK4,A-9A,KAL 9356,3916,110,14.34,1.17,0.588,0.608,12.45,4.1,83.45,"KAL 9356 net kilos of 4,010 - 2.34%(MC) = 3,916 / PILE IN FEBRUARY BLOCK 4",18,70488,56155.44,4581.72,2302.608,2380.928,48754.2,16055.6,326790.2,FEB-24-BLK4
CLOSED,WHSE D,45406,Namoc,APR-24-TNK4,D-1C,RJY 331,24470,689,9.8,3.59,0.546,0.566,11.37,22.66,65.97,,20,489400,239806,87847.3,13360.62,13850.02,278223.9,554490.2,1614285.9,APR-24-TNK4
,,,,,,,,,,,,,,,,,,0,0,0,0,0,0,0,0,
,WHSE B,45407,Sevilla,APR-24-BLK4,B-9A,CCN 3648,20047,513,10.87,2.88,0.578,0.598,11.86,2.04,86.1,"CCN3648 net kls of 50,150 -103(KILOS) = 20.047",19.25,385904.75,217910.89,57735.36,11587.166,11988.106,237757.42,40895.88,1726046.7,APR-24-BLK4
,,,,,,,,,,,,,,,,,,0,0,0,0,0,0,0,0,
,WHSE B,45411,Llanto,APR-24-BLK2,B-12A,RKJ247,17210,523,12,2.5,0.578,0.598,12.1,3.45,84.45,,19,326990,206520,43025,9947.38,10291.58,208241,59374.5,1453384.5,APR-24-BLK2
CLOSED,WHSE D,45411,Namoc,APR-24-TNK3,D-5D,RFM 922,23315,625,10.8,3.07,0.549,0.569,11.8,4.5,83.7,,20,466300,251802,71577.05,12799.935,13266.235,275117,104917.5,1951465.5,APR-24-TNK3
,,,,,,,,,,,,,,,,,,0,0,0,0,0,0,0,0,
,WHSE B,45412,Sevilla,APR-24-BLK4,B-9A,NDH3788,18758,459,11.94,2.98,0.575,0.595,11.43,5.95,82.62,"NDH3788 net kilos of 18,850 - 92(kilos sack) = 18,758",19.25,361091.5,223970.52,55898.84,10785.85,11161.01,214403.94,111610.1,1549785.96,APR-24-BLK4
,WHSE B,45412,Paquibot,APR-24-BLK5,B-17A,AAV 6111,17300,440,8.87,2.3,0.575,0.595,13.1,3.78,83.12,,21,363300,153451,39790,9947.5,10293.5,226630,65394,1437976,APR-24-BLK5
,,,,,,,,,,,,,,,,,,0,0,0,0,0,0,0,0,
CLOSED,WHSE A,45414,Esito,MAY-24-BLK1,A-9B,RHA314,24003,618,20.27,2.68,0.588,0.608,11.9,3.21,84.89,"RHA314 net kilos of 26,090 - 8%(MC) = 24,003",18,432054,486540.81,64328.04,14113.764,14593.824,285635.7,77049.63,2037614.67,MAY-24-BLK1
,WHSE B,45414,Layupan,MAY-24-BLK2,B-13A,NFD 5679,19058,454,13.2,2.6,0.562,0.582,12.74,3.52,83.74,"NFD 5679 net kilos of 19,290 - 232 (MC)= 19,058",16.75,319221.5,251565.6,49550.8,10710.596,11091.756,242798.92,67084.16,1595916.92,MAY-24-BLK2
CLOSED,WHSE D,45414,Namoc,MAY-24-TNK1,D-5C,DBJ3567,27140,810,8.47,3.14,0.546,0.566,10.22,1.98,87.8,,20,542800,229875.8,85219.6,14818.44,15361.24,277370.8,53737.2,2382892,MAY-24-TNK1
,,,,,,,,,,,,,,,,,,0,0,0,0,0,0,0,0,
CLOSED,WHSE D,45415,Tag-at,MAY-24-BLK3,D-7D,MAT 1478,6235,255,9.94,1.14,0.585,0.605,13.05,1.86,85.09,,19.5,121582.5,61975.9,7107.9,3647.475,3772.175,81366.75,11597.1,530536.15,MAY-24-BLK3
,,,,,,,,,,,,,,,,,,0,0,0,0,0,0,0,0,
CLOSED,,45416,Paquibot,FEED,,AAV 6111,17805,434,14.87,1.28,0.568,0.588,13.03,4.37,82.6,DONE FEEDING ON MAY 4,19.5,347197.5,264760.35,22790.4,10113.24,10469.34,231999.15,77807.85,1470693,FEED
,,,,,,,,,,,,,,,,,,0,0,0,0,0,0,0,0,
,WHSE B,45418,Paquibot,APR-24-BLK5,B-17A,AAV 6111,16720,440,10,2.77,0.578,0.598,11.8,3.26,84.94,PILED IN APRIL BLOPCK 5,21,351120,167200,46314.4,9664.16,9998.56,197296,54507.2,1420196.8,APR-24-BLK5
CLOSED,WHSE D,45418,Tag-at,MAY-24-BLK3,D-7D,MAT1476,7150,240,9.34,1.16,0.585,0.605,12.17,2.5,85.33,,19.5,139425,66781,8294,4182.75,4325.75,87015.5,17875,610109.5,MAY-24-BLK3
,WHSE B,45418,Layupan,MAY-24-BLK2,B-13A,CBQ 5232,19135,767,14.87,2.88,0.565,0.585,11.92,4.27,83.81,"CBQ 5232 net kilos of 19,700 - 2.87%(mc) = 19,135",16.75,320511.25,284537.45,55108.8,10811.275,11193.975,228089.2,81706.45,1603704.35,MAY-24-BLK2
CLOSED,WHSE D,45418,Namoc,MAY-24-TNK1,D-5C,CBN7219,31745,455,9,3.2,0.546,0.566,9.81,3.37,86.82,,20,634900,285705,101584,17332.77,17967.67,311418.45,106980.65,2756100.9,MAY-24-TNK1
,,,,,,,,,,,,,,,,,,0,0,0,0,0,0,0,0,
CLOSED,WHSE D,45419,Tag-at,MAY-24-BLK3,D-7D,MATI476,7215,213,9.14,1.14,0.581,0.601,12.84,2.58,84.58,,19.5,140692.5,65945.1,8225.1,4191.915,4336.215,92640.6,18614.7,610244.7,MAY-24-BLK3
CLOSED,WHSE D,45419,Namoc,MAY-24-TNK2,D-5B,RFM 9222,22875,590,10.27,2.96,0.549,0.569,11.31,3.76,84.93,,20,457500,234926.25,67710,12558.375,13015.875,258716.25,86010,1942773.75,MAY-24-TNK2
,,,,,,,,,,,,,,,,,,0,0,0,0,0,0,0,0,
,WHSE B,45420,Paquibot,APR-24-BLK5,B-17A,KCA 378,17170,476,9.4,2.3,0.585,0.605,12.74,2.56,84.7,PILED IN APRIL BLOCK 5,21,360570,161398,39491,10044.45,10387.85,218745.8,43955.2,1454299,APR-24-BLK5
,,,,,,,,,,,,,,,,,,0,0,0,0,0,0,0,0,
CLOSED,WHSE D,45421,Namoc,MAY-24-TNK2,D-5B,RJT 342,23610,585,9.6,3.04,0.549,0.569,13.3,1.93,84.77,,20,472200,226656,71774.4,12961.89,13434.09,314013,45567.3,2001419.7,MAY-24-TNK2
,,,,,,,,,,,,,,,,,,0,0,0,0,0,0,0,0,
CLOSED,,45422,Paquibot,FEED,,KCA 378,18140,444,15.07,2.87,0.575,0.595,11.88,3.56,84.56,DONE FEEDING ON MAY 14,19.5,353730,273369.8,52061.8,10430.5,10793.3,215503.2,64578.4,1533918.4,FEED
,,,,,,,,,,,,,,,,,,0,0,0,0,0,0,0,0,
CLOSED,WHSE D,45427,Tag-at,MAY-24-BLK3,D-7D,MAT1476,6550,212,9,1.09,0.581,0.601,13.15,2.55,84.3,,19.5,127725,58950,7139.5,3805.55,3936.55,86132.5,16702.5,552165,MAY-24-BLK3
,WHSE B,45427,Tan,MAY-24-BLK4,B-14A,CBN9665,21955,610,10.27,2.9,0.565,0.585,11.5,2.72,85.78,,21,461055,225477.85,63669.5,12404.575,12843.675,252482.5,59717.6,1883299.9,MAY-24-BLK4
,,,,,,,,,,,,,,,,,,0,0,0,0,0,0,0,0,
CLOSED,WHSE D,45428,Tag-at,MAY-24-BLK3,D-7D,MAT1476,6955,202,9.4,1.07,0.585,0.605,13.82,2.03,84.15,,19.5,135622.5,65377,7441.85,4068.675,4207.775,96118.1,14118.65,585263.25,MAY-24-BLK3
,WHSE B,45428,Sula,APR-24-BLK2,B-12A,KAL 9356,3944,101,13.27,1.14,0.588,0.608,14.27,2.35,83.38,"KAL 9356 net kilos of 3,995 - 1.27%(MC) = 3,944 / PILED IN APRIL BLOCK 2",18,70992,52336.88,4496.16,2319.072,2397.952,56280.88,9268.4,328850.72,APR-24-BLK2
CLOSED,WHSE A,45428,Layupan,MAY-24-BLK1,A-9B,NFD 5679,19801,440,14,2.88,0.562,0.582,12.2,3.7,84.1,"NFD 5679 net kilos of 20,205 - 2% (MC)= 19,801",16.75,331666.75,277214,57026.88,11128.162,11524.182,241572.2,73263.7,1665264.1,MAY-24-BLK1
,,,,,,,,,,,,,,,,,,0,0,0,0,0,0,0,0,
,WHSE B,45430,Paquibot,MAY-24-BLK5,B-18A,AAV 6111,17095,444,10.2,2.86,0.578,0.598,11.57,2.33,86.1,,21,358995,174369,48891.7,9880.91,10222.81,197789.15,39831.35,1471879.5,MAY-24-BLK5
,WHSE B,45430,Tan,MAY-24-BLK4,B-14A,MAW 9624,19850,595,9.94,2.97,0.571,0.591,11.72,2.41,85.87,,21,416850,197309,58954.5,11334.35,11731.35,232642,47838.5,1704519.5,MAY-24-BLK4
CLOSED,WHSE C,45430,Sevilla,MAY-24-BLK6,C-11A,MCV 7124,19817,465,9.94,3.08,0.575,0.595,13.78,5.33,80.89,"MCV 7124 net klos of 19,910 - 93 sacks = 19,817",19.25,381477.25,196980.98,61036.36,11394.775,11791.115,273078.26,105624.61,1602997.13,MAY-24-BLK6
,,,,,,,,,,,,,,,,,,0,0,0,0,0,0,0,0,
CLOSED,WHSE A,45432,Layupan,MAY-24-BLK1,A-9B,NFD 5679,16222,440,16.205,2.6,0.565,0.585,11.9,4.25,83.85,"NFD 5679 net kls of 16,655 - 433KILOS(MC) = 16,222",16.75,271718.5,262877.51,42177.2,9165.43,9489.87,193041.8,68943.5,1360214.7,MAY-24-BLK1
,,,,,,,,,,,,,,,,,,0,0,0,0,0,0,0,0,
CLOSED,WHSE C,45434,Sevilla,MAY-24-BLK6,C-11A,CCN 3648,19409,456,10.34,2.88,0.549,0.569,9.92,7.58,82.5,"CCN3648 NET KILOS OF 19,500 - 91 SACKS = 19,409",19.25,373623.25,200689.06,55897.92,10655.541,11043.721,192537.28,147120.22,1601242.5,MAY-24-BLK6
,,,,,,,,,,,,,,,,,,0,0,0,0,0,0,0,0,
,WHSE B,45436,Tan,MAY-24-BLK4,B-14A,RLL819,20700,610,9.87,2.77,0.575,0.595,11.75,3.9,84.35,,21,434700,204309,57339,11902.5,12316.5,243225,80730,1746045,MAY-24-BLK4
CLOSED,WHSE D,45436,Tag-at,MAY-24-BLK3,D-7D,MAT1476,6525,205,8.47,1.13,0.581,0.601,15.72,2.17,82.11,,19.5,127237.5,55266.75,7373.25,3791.025,3921.525,102573,14159.25,535767.75,MAY-24-BLK3
,,,,,,,,,,,,,,,,,,0,0,0,0,0,0,0,0,
CLOSED,WHSE A,45437,Layupan,MAY-24-BLK1,A-9B,NFD 5679,19199,490,19.34,2.68,0.571,0.591,11.72,3.93,84.35,"NFD 5679 net kilos of 20,720 - 7.34% (MC)= 19,199",16.75,321583.25,371308.66,51453.32,10962.629,11346.609,225012.28,75452.07,1619435.65,MAY-24-BLK1
,,,,,,,,,,,,,,,,,,0,0,0,0,0,0,0,0,
CLOSED,WHSE C,45439,Sevilla,MAY-24-BLK6,C-11A,JAO6633,15530,475,7.34,2.34,0.575,0.595,11.27,4.15,84.58,,19.25,298952.5,113990.2,36340.2,8929.75,9240.35,175023.1,64449.5,1313527.4,MAY-24-BLK6
,,,,,,,,,,,,,,,,,,0,0,0,0,0,0,0,0,
CLOSED,,45440,Paquibot,FEED,,AAV 6111,18065,444,14.07,2.8,0.578,0.598,13.25,4.09,82.66,,19.5,352267.5,254174.55,50582,10441.57,10802.87,239361.25,73885.85,1493252.9,FEED
CLOSED,WHSE C,45440,Sevilla,MAY-24-BLK7,C-11B,CBP8747,19131,469,9.14,2.88,0.575,0.595,11.71,4.75,83.54,,19.25,368271.75,174857.34,55097.28,11000.325,11382.945,224024.01,90872.25,1598203.74,MAY-24-BLK7
,WHSE B,45440,Esito,MAY-24-BLK2,B-13A,RHA314,19938,460,14,2.74,0.588,0.608,12.66,3.49,83.85,,18,358884,279132,54630.12,11723.544,12122.304,252415.08,69583.62,1671801.3,MAY-24-BLK2
,,,,,,,,,,,,,,,,,,0,0,0,0,0,0,0,0,
CLOSED,WHSE D,45441,Namoc,APR-24-TNK4,D-1C,POE 591,20840,492,10.27,3.88,0.556,0.576,10.49,12.02,77.49,PILED IN APRIL TANK 4,20,416800,214026.8,80859.2,11587.04,12003.84,218611.6,250496.8,1614891.6,APR-24-TNK4
,,,,,,,,,,,,,,,,,,0,0,0,0,0,0,0,0,
,WHSE B,45443,Tan,MAY-24-BLK8,B-15A,MAW 9624,19975,580,9.8,2.97,0.568,0.588,12.37,2.85,84.78,,21,419475,195755,59325.75,11345.8,11745.3,247090.75,56928.75,1693480.5,MAY-24-BLK8
CLOSED,WHSE A,45443,Layupan,JUNE-24-BLK1,A-9C,NFD 5679,19783,487,15,2.88,0.562,0.582,11.79,4.9,83.31,"NFD 5679 net kilos of 20,395 - 3% (MC)= 19,783",16.75,331365.25,296745,56975.04,11118.046,11513.706,233241.57,96936.7,1648121.73,JUNE-24-BLK1
CLOSED,WHSE C,45443,Sevilla,MAY-24-BLK7,C-11B,NGU4582,18943,483,10.94,3.17,0.568,0.588,12.53,23.88,63.59,"NGU 4582 net kilos of 19,040 - 97 scks = 18,943 / PILED IN MAY BLOCK 07",18.7,354234.1,207236.42,60049.31,10759.624,11138.484,237355.79,452358.84,1204585.37,MAY-24-BLK7
,,,,,,,,,,,,,,,,,,0,0,0,0,0,0,0,0,
CLOSED,WHSE D,45447,Tag-at,MAY-24-BLK3,D-7D,MAT1476,7075,208,9.07,1.08,0.581,0.601,13.7,2.17,84.13,PILED IN MAY BLOCK 3,16.75,118506.25,64170.25,7641,4110.575,4252.075,96927.5,15352.75,595219.75,MAY-24-BLK3
,,,,,,,,,,,,,,,,,,0,0,0,0,0,0,0,0,
,WHSE B,45448,Tan,MAY-24-BLK8,B-15A,RLL 819,20435,550,9.2,2.86,0.568,0.588,11.53,2.17,86.3,PILED IN MAY BLOCK 8,21,429135,188002,58444.1,11607.08,12015.78,235615.55,44343.95,1763540.5,MAY-24-BLK8
,,,,,,,,,,,,,,,,,,0,0,0,0,0,0,0,0,
CLOSED,WHSE A,45449,Layupan,JUNE-24-BLK1,A-9C,CBQ 5232,15089,358,14.27,2.38,0.571,0.591,12.61,2.26,85.13,"CBQ5232 net kllos of 15,440 - 2.27% (MC) = 15,089",16.75,252740.75,215320.03,35911.82,8615.819,8917.599,190272.29,34101.14,1284526.57,JUNE-24-BLK1
,,,,,,,,,,,,,,,,,,0,0,0,0,0,0,0,0,
,WHSE B,45456,Paquibot,APR-24-BLK5,B-17A,AAV 6111,17960,430,10.94,2.7,0.575,0.595,12.02,2.06,85.92,PILED IN APRIL BLOCK 5,21,377160,196482.4,48492,10327,10686.2,215879.2,36997.6,1543123.2,APR-24-BLK5
CLOSED,WHSE D,45456,Llanto,JUNE-24-BLK3,D-13D,ALA 9958,22681,501,12.74,2.68,0.578,0.598,13.86,1.84,84.3,"ALA 9958 net kilos of 22,850 - .74% (MC) = 22,681",19,430939,288955.94,60785.08,13109.618,13563.238,314358.66,41733.04,1912008.3,JUNE-24-BLK3
CLOSED,WHSE A,45456,Layupan,JUNE-24-BLK2,A-9A,NFD 5679,18971,483,13.14,2.83,0.568,0.588,13.42,1.89,84.69,"NFD 5679 net kilos of 19,190 - 1.14% (MC)= 18,971",16.75,317764.25,249278.94,53687.93,10775.528,11154.948,254590.82,35855.19,1606653.99,JUNE-24-BLK2
,,,,,,,,,,,,,,,,,,0,0,0,0,0,0,0,0,
CLOSED,WHSE D,45457,Tag-at,MAY-24-BLK3,D-7D,MAT1476,6435,210,9.07,2.54,0.581,0.601,12.87,2.45,84.68,PILED IN MAY BLOCK 3,19.5,125482.5,58365.45,16344.9,3738.735,3867.435,82818.45,15765.75,544915.8,MAY-24-BLK3
,WHSE B,45457,Tan,MAY-24-BLK8,B-15A,CBN 9665,21945,550,9.27,2.74,0.571,0.591,10.8,4.7,84.5,PILED IN MAY BLOCK 8,21,460845,203430.15,60129.3,12530.595,12969.495,237006,103141.5,1854352.5,MAY-24-BLK8
CLOSED,WHSE D,45461,Llanto,JUNE-24-BLK3,D-13D,LFL 730,11355,313,11.87,2.68,0.575,0.595,10.07,2.01,87.92,,19,215745,134783.85,30431.4,6529.125,6756.225,114344.85,22823.55,998331.6,JUNE-24-BLK3
CLOSED,WHSE A,45462,Layupan,JUNE-24-BLK2,A-9A,NFD 5679,17188,480,15,2.78,0.568,0.588,12.14,4.2,83.66,"NFD 5679 net kilos of 7,720 - 3% (MC)= 17,188",16.75,287899,257820,47782.64,9762.784,10106.544,208662.32,72189.6,1437948.08,JUNE-24-BLK2
CLOSED,WHSE A,45467,Esito,JUNE-24-BLK2,A-9A,MAS 9531,20706,525,15.67,2.75,0.588,0.608,12.1,2.95,84.95,"MAS 9531 net kils 21,495 - 3.67% (MC) = 20,706",18,372708,324463.02,56941.5,12175.128,12589.248,250542.6,61082.7,1758974.7,JUNE-24-BLK2
CLOSED,WHSE A,45467,Layupan,JUNE-24-BLK2,A-9A,NFD 5679,19728,455,13.8,2.87,0.588,0.608,13.21,3.26,83.53,"NFD 5679 net kilos of 20,090 - 1.80% (MC)= 19,728",16.75,330444,272246.4,56619.36,11600.064,11994.624,260606.88,64313.28,1647879.84,JUNE-24-BLK2
CLOSED,WHSE C,45468,Sevilla,MAY-24-BLK7,C-11B,CCN 3648,20680,477,9.87,2.93,0.578,0.598,11.8,4.29,83.91,"CCN 3648 net kilos of 20,775 - 95kilos  = 20,680 / PILES IN MY BLOCK 7",20,413600,204111.6,60592.4,11953.04,12366.64,244024,88717.2,1735258.8,MAY-24-BLK7
CLOSED,WHSE A,45470,Sula,JUNE-24-BLK1,A-9C,KAL 9356,3692,102,14.07,1.13,0.588,0.608,15.74,2.99,81.27,"KAL 9356 net kilos of 3,770 - 2.07% (MC) = 3,692",18,66456,51946.44,4171.96,2170.896,2244.736,58112.08,11039.08,300048.84,JUNE-24-BLK1
CLOSED,WHSE D,45470,Tag-at,MAY-24-BLK3,D-7D,MAT 1476,7295,212,8.87,1.08,0.581,0.601,12.99,2.12,84.89,PILED IN MAY BLOCK 3,19.5,142252.5,64706.65,7878.6,4238.395,4384.295,94762.05,15465.4,619272.55,MAY-24-BLK3
CLOSED,WHSE C,45470,Sevilla,JUNE-24-BLK4,C-12A,CBP 8747,22158,562,9.94,2.85,0.578,0.598,14.35,2.39,83.26,"CBP8747 net kilos of 22,270 - 112 sacks = 22,158",20,443160,220250.52,63150.3,12807.324,13250.484,317967.3,52957.62,1844875.08,JUNE-24-BLK4
CLOSED,WHSE C,45477,Sevilla,JUNE-24-BLK4,C-12A,CAH1650,21395,473,9.34,3.87,0.578,0.598,14.7,3.92,81.38,"CAH1650 net kilos of 21,490 - 95 sacks = 21,395 / PILED IN JUNE BLOCK 4",20,427900,199829.3,82798.65,12366.31,12794.21,314506.5,83868.4,1741125.1,JUNE-24-BLK4
CLOSED,WHSE D,45478,Linhap,JUNE-24-BLK3,D-13D,T071602,10096,271,11.07,4.74,0.556,0.576,11.69,12.36,75.95,"T071602 net kilos of 10,855 - 7% (ash) = 10,096 /PILED IN JUNE BLOCK 3",18,181728,111762.72,47855.04,5613.376,5815.296,118022.24,124786.56,766791.2,JUNE-24-BLK3
CLOSED,WHSE C,45479,Sevilla,JUNE-24-BLK4,C-12A,CCN 3648,19962,513,10.74,2.9,0.575,0.595,13.37,4.22,82.41,"CCN3648 net kilos of 20,065 - 103 sack = 19,962 /PILED IN JUNE BLOCK 4",20,399240,214391.88,57889.8,11478.15,11877.39,266891.94,84239.64,1645068.42,JUNE-24-BLK4
CLOSED,WHSE A,45481,Sevilla,JULY-24-BLK1,A-11A,CBP8747,22477,438,11.8,2.27,0.578,0.598,12.49,4.2,83.31,"CBP8747 net kilos of 22,565 - 88sacks = 22,477",19.7,442796.9,265228.6,51022.79,12991.706,13441.246,280737.73,94403.4,1872558.87,JULY-24-BLK1
CLOSED,WHSE D,45482,Namoc,JULY-24-TNK1,D-1D,CBN 7219,31075,780,10.27,3.8,0.559,0.579,10.46,13.1,76.44,,23,714725,319140.25,118085,17370.925,17992.425,325044.5,407082.5,2375373,JULY-24-TNK1
,,,,,,,,,,,,,,,,,,0,0,0,0,0,0,0,0,
CLOSED,WHSE A,45484,Sevilla,JULY-24-BLK1,A-11A,JAO6633,18481,453,10.2,3.14,0.581,0.601,15.51,11.2,73.29,CLASS A,19.7,364075.7,188506.2,58030.34,10737.461,11107.081,286640.31,206987.2,1354472.49,JULY-24-BLK1
,WHSE B,45484,Paquibot,MAY-24-BLK5,B-18A,AAV 6111,18550,444,12,2.66,0.575,0.595,11.69,2.83,85.48,PILED IN MAY BLOCK 05,22,408100,222600,49343,10666.25,11037.25,216849.5,52496.5,1585654,MAY-24-BLK5
CLOSED,WHSE D,45484,Namoc,JULY-24-TNK1,D-1D,CBJ 3567,29215,795,10.07,3.07,0.562,0.582,13.35,2.82,83.83,,23,671945,294195.05,89690.05,16418.83,17003.13,390020.25,82386.3,2449093.45,JULY-24-TNK1
CLOSED,WHSE A,45485,Sevilla,JULY-24-BLK1,A-11A,,19459,,10.2,,0.581,0.581,,8.36,,,19.7,383342.3,198481.8,0,11305.679,11305.679,0,162677.24,0,JULY-24-BLK1
CLOSED,WHSE A,45488,Layupan,JULY-24-BLK2,A-9B,NFD 5679,14293,349,15.2,2.79,0.568,0.588,11.53,3.17,85.3,,17.75,253700.75,217253.6,39877.47,8118.424,8404.284,164798.29,45308.81,1219192.9,JULY-24-BLK2
,,,,,,,,,,,,,,,,,,0,0,0,0,0,0,0,0,
,WHSE B,45489,Paquibot,MAY-24-BLK5,B-18A,AAV 6111,17785,456,11.74,2.5,0.575,0.595,12.63,4.13,83.24,,22,391270,208795.9,44462.5,10226.375,10582.075,224624.55,73452.05,1480423.4,MAY-24-BLK5
CLOSED,WHSE D,45489,Tag-at,JULY-24-BLK3,D-7C,MAT 1476,7145,212,7.34,1.05,0.581,0.601,12.67,2.45,84.88,,20,142900,52444.3,7502.25,4151.245,4294.145,90527.15,17505.25,606467.6,JULY-24-BLK3
,,,,,,,,,,,,,,,,,,0,0,0,0,0,0,0,0,
CLOSED,WHSE C,45490,Sevilla,JULY-24-BLK4,C-12B,CBF 5993,22551,443,10.87,2.94,0.581,0.601,14.84,1.9,83.26,,20,451020,245129.37,66299.94,13102.131,13553.151,334656.84,42846.9,1877596.26,JULY-24-BLK4
CLOSED,WHSE D,45490,Namoc,JULY-24-TNK2,D-5D,CAC2732,33255,860,10.54,3.14,0.559,0.579,11.3,2.86,85.84,,23,764865,350507.7,104420.7,18589.545,19254.645,375781.5,95109.3,2854609.2,JULY-24-TNK2
CLOSED,WHSE D,45491,Llanto,JUNE-24-BLK3,D-13D,RKJ 477,17965,458,12,1.79,0.575,0.595,12.54,1.69,85.77,,21.5,386247.5,215580,32157.35,10329.875,10689.175,225281.1,30360.85,1540858.05,JUNE-24-BLK3
CLOSED,WHSE C,45491,Sevilla,JULY-24-BLK4,C-12B,KAE 4149,20762,467,10.87,2.93,0.578,0.598,12.7,2.02,85.28,,20,415240,225682.94,60832.66,12000.436,12415.676,263677.4,41939.24,1770583.36,JULY-24-BLK4
CLOSED,WHSE D,45492,Tag-at,JULY-24-BLK3,D-7C,MAT1476,7335,218,7.94,1.04,0.581,0.601,14.67,2.27,83.06,,20,146700,58239.9,7628.4,4261.635,4408.335,107604.45,16650.45,609245.1,JULY-24-BLK3
CLOSED,WHSE D,45493,Namoc,JULY-24-TNK3,D-5C,CBN 7219,31045,800,10.34,3.03,0.552,0.572,10.36,2.56,87.08,,23,714035,321005.3,94066.35,17136.84,17757.74,321626.2,79475.2,2703398.6,JULY-24-TNK3
CLOSED,WHSE A,45495,Layupan,JULY-24-BLK2,A-9B,NFD 5679,22747,559,15.47,2.88,0.568,0.588,10.02,3.13,86.85,,17.75,403759.25,351896.09,65511.36,12920.296,13375.236,227924.94,71198.11,1975576.95,JULY-24-BLK2
CLOSED,WHSE A,45495,Esito,JULY-24-BLK2,A-9B,MAS 9531,17335,480,14.2,2.17,0.585,0.605,12.1,3.41,84.49,,19,329365,246157,37616.95,10140.975,10487.675,209753.5,59112.35,1464634.15,JULY-24-BLK2
CLOSED,WHSE D,45497,Namoc,JULY-24-TNK2,D-5D,CBJ 3567,31885,813,10.91,3.14,0.549,0.569,11.46,2.41,86.13,,23,733355,347865.35,100118.9,17504.865,18142.565,365402.1,76842.85,2746255.05,JULY-24-TNK2
,,,,,,,,,,,,,,,,,,0,0,0,0,0,0,0,0,
,WHSE B,45498,Paquibot,MAY-24-BLK5,B-18A,AAV 6111,17935,525,11.94,2.47,0.578,0.598,12.17,2.35,85.48,PILED IN MAY BLOCK 05,22,394570,214143.9,44299.45,10366.43,10725.13,218268.95,42147.25,1533083.8,MAY-24-BLK5
,,,,,,,,,,,,,,,,,,0,0,0,0,0,0,0,0,
CLOSED,WHSE C,45502,Sula,JULY-24-BLK5,C-20A,KAL 9356,4299,100,18.34,1.8,0.585,0.605,12.79,2.25,84.96,"KAL 9356 net kilos of4,525 - 5% (MC) = 4,299",19,81681,78843.66,7738.2,2514.915,2600.895,54984.21,9672.75,365243.04,JULY-24-BLK5
CLOSED,WHSE A,45504,Layupan,JULY-24-BLK2,A-9B,NFD 5679,15055,370,15.74,2.78,0.568,0.588,12.66,1.9,85.44,"NFD 5679 net kilos of 15,640 - 3.74%(MC) = 15,055",17.75,267226.25,236965.7,41852.9,8551.24,8852.34,190596.3,28604.5,1286299.2,JULY-24-BLK2
CLOSED,WHSE C,45504,Layupan,JULY-24-BLK5,C-20A,CBQ 5232,19781,512,15.27,2.85,0.565,0.585,10.69,2.62,86.69,"CBQ5232 net kilos of 20,450 - 3.27%(MC) = 19,781",17.75,351112.75,302055.87,56375.85,11176.265,11571.885,211458.89,51826.22,1714814.89,JULY-24-BLK5
CLOSED,WHSE D,45504,Namoc,JULY-24-TNK3,D-5C,CAC2732,30375,789,8.07,3.18,0.559,0.579,10.6,1.57,87.83,,23,698625,245126.25,96592.5,16979.625,17587.125,321975,47688.75,2667836.25,JULY-24-TNK3
CLOSED,WHSE D,45504,Tag-at,JULY-24-BLK3,D-7C,MAT1476,7415,186,7.87,1.01,0.585,0.605,13.67,1.52,84.81,PILED IN JULY BLOCK 03,21.5,159422.5,58356.05,7489.15,4337.775,4486.075,101363.05,11270.8,628866.15,JULY-24-BLK3
,WHSE B,45505,Paquibot,AUG-24-BLK1,B-19A,AAV 6111,18675,550,10.74,2.85,0.578,0.598,10.78,1.5,87.72,,23,429525,200569.5,53223.75,10794.15,11167.65,201316.5,28012.5,1638171,AUG-24-BLK1
,,,,,,,,,,,,,,,,,,0,0,0,0,0,0,0,0,
,WHSE B,45507,Paquibot,AUG-24-BLK1,B-19A,AAV 6111,18305,468,8.87,2.78,0.578,0.598,11.5,3.38,85.12,,23,421015,162365.35,50887.9,10580.29,10946.39,210507.5,61870.9,1558121.6,AUG-24-BLK1
,,,,,,,,,,,,,,,,,,0,0,0,0,0,0,0,0,
CLOSED,WHSE D,45509,Namoc,AUG-24-TNK1,D-4D,CCN 6007,31195,815,8.94,3.08,0.556,0.576,14.41,1.42,84.17,USED,23,717485,278883.3,96080.6,17344.42,17968.32,449519.95,44296.9,2625683.15,AUG-24-TNK1
,,,,,,,,,,,,,,,,,,0,0,0,0,0,0,0,0,
,WHSE B,45510,Paquibot,AUG-24-BLK1,B-19A,AAV 6111,17790,508,10.94,2.46,0.578,0.598,9.84,1.52,88.64,,23,409170,194622.6,43763.4,10282.62,10638.42,175053.6,27040.8,1576905.6,AUG-24-BLK1
CLOSED,WHSE C,45510,Layupan,JULY-24-BLK5,C-20A,CBQ 5232,17795,426,15.47,2.87,0.565,0.585,10.67,2.13,87.2,CBQ 5232,17.75,315861.25,275288.65,51071.65,10054.175,10410.075,189872.65,37903.35,1551724,JULY-24-BLK5
,,,,,,,,,,,,,,,,,,0,0,0,0,0,0,0,0,
CLOSED,WHSE D,45512,Tag-at,JULY-24-BLK3,D-7C,MAT1476,7085,190,7.74,1.14,0.581,0.601,11.6,1.16,87.24,PILED IN JULY BLOCK 03,21.5,152327.5,54837.9,8076.9,4116.385,4258.085,82186,8218.6,618095.4,JULY-24-BLK3
,,,,,,,,,,,,,,,,,,0,0,0,0,0,0,0,0,
,WHSE B,45513,Paquibot,AUG-24-BLK2,B-20A,AAV 6111,17730,464,10.14,2.87,0.575,0.595,11.93,2.13,85.94,,23,407790,179782.2,50885.1,10194.75,10549.35,211518.9,37764.9,1523716.2,AUG-24-BLK2
,,,,,,,,,,,,,,,,,,0,0,0,0,0,0,0,0,
,WHSE B,45514,Paquibot,AUG-24-BLK2,B-20A,AAV 6111,17850,444,11,2.68,0.575,0.595,12.31,3.55,84.14,,23,410550,196350,47838,10263.75,10620.75,219733.5,63367.5,1501899,AUG-24-BLK2
,,,,,,,,,,,,,,,,,,0,0,0,0,0,0,0,0,
CLOSED,WHSE A,45516,Sevilla,JULY-24-BLK1,A-11A,CAK 6271,20946,485,10.87,3.14,0.581,0.601,14.81,8.36,76.83,"CAK6271  NET KILOS OF 21,920 - 4%(ash) & 97 sacks  = 20,946 / PILED IN JULY BLOCK 01",23,481758,227683.02,65770.44,12169.626,12588.546,310210.26,175108.56,1609281.18,JULY-24-BLK1
CLOSED,WHSE D,45516,Llanto,JUNE-24-BLK3,D-13D,RKJ 247,18910,406,12,2.57,0.575,0.595,10.15,2.19,87.66,PILED IN JUNE BLOCK 03,21.5,406565,226920,48598.7,10873.25,11251.45,191936.5,41412.9,1657650.6,JUNE-24-BLK3
CLOSED,WHSE D,45516,Namoc,AUG-24-TNK1,D-4D,CBN7219,29575,808,9.94,3.19,0.552,0.572,10.47,1.16,88.37,USED,23,680225,293975.5,94344.25,16325.4,16916.9,309650.25,34307,2613542.75,AUG-24-TNK1
,,,,,,,,,,,,,,,,,,0,0,0,0,0,0,0,0,
,WHSE B,45518,Paquibot,AUG-24-BLK2,B-20A,AAV 6111,18120,456,11.34,2.54,0.578,0.598,11.19,3.75,85.06,,23,416760,205480.8,46024.8,10473.36,10835.76,202762.8,67950,1541287.2,AUG-24-BLK2
,,,,,,,,,,,,,,,,,,0,0,0,0,0,0,0,0,
CLOSED,WHSE D,45519,Tag-at,JULY-24-BLK3,D-7C,MAT1476,6515,208,9.14,1.07,0.581,0.601,12.13,1.2,86.67,"CBQ 5232 NET KILOS OF 20,910 - 4.74% (mc) / PILED IN JULY BLOCK 03",21.5,140072.5,59547.1,6971.05,3785.215,3915.515,79026.95,7818,564655.05,JULY-24-BLK3
CLOSED,WHSE C,45519,Layupan,JULY-24-BLK5,C-20A,CBQ 5232,19919,420,16.74,2.76,0.565,0.585,12.76,1.34,85.9,PILED IN JULY BLOCK 05,17.75,353562.25,333444.06,54976.44,11254.235,11652.615,254166.44,26691.46,1711042.1,JULY-24-BLK5
CLOSED,WHSE D,45519,Namoc,AUG-24-TNK2,D-1D,RFM 922,23115,610,9.74,2.88,0.549,0.569,11.53,2.15,86.32,USED,23,531645,225140.1,66571.2,12690.135,13152.435,266515.95,49697.25,1995286.8,AUG-24-TNK2
,,,,,,,,,,,,,,,,,,0,0,0,0,0,0,0,0,
,WHSE B,45523,Paquibot,AUG-24-BLK2,B-20A,AAV 6111,18145,456,10.94,2.77,0.575,0.595,10.79,1.41,87.8,,23,417335,198506.3,50261.65,10433.375,10796.275,195784.55,25584.45,1593131,AUG-24-BLK2
CLOSED,WHSE D,45523,Namoc,AUG-24-TNK3,D-1C,CAC2732,27080,805,9.87,3.2,0.549,0.569,13.23,3.53,83.24,USED,23,622840,267279.6,86656,14866.92,15408.52,358268.4,95592.4,2254139.2,AUG-24-TNK3
,,,,,,,,,,,,,,,,,,0,0,0,0,0,0,0,0,
,WHSE A,45524,Paquibot,AUG-24-BLK3,A-15A,AAV 6111,18135,456,9.67,2.77,0.578,0.598,10.65,1.27,88.08,,23,417105,175365.45,50233.95,10482.03,10844.73,193137.75,23031.45,1597330.8,AUG-24-BLK3
CLOSED,WHSE C,45524,Layupan,AUG-24-BLK4,C-20B,CBQ 5232,16688,448,16.34,2.88,0.565,0.585,10.1,2.9,87,"CBQ 5232 NET KILOS OF 20,910 - 4.34% (mc)  = 16.688",17.75,296212,272681.92,48061.44,9428.72,9762.48,168548.8,48395.2,1451856,AUG-24-BLK4
,,,,,,,,,,,,,,,,,,0,0,0,0,0,0,0,0,
CLOSED,WHSE C,45525,Layupan,AUG-24-BLK4,C-20B,NFD 5679,21770,505,17.14,2.54,0.562,0.582,12.15,2.35,85.5,"NFD 5679 net kilos of 22,950 - 5.14%(MC) = 21,770",17.75,386417.5,373137.8,55295.8,12234.74,12670.14,264505.5,51159.5,1861335,AUG-24-BLK4
,,,,,,,,,,,,,,,,,,0,0,0,0,0,0,0,0,
,WHSE A,45526,Paquibot,AUG-24-BLK3,A-15A,AAV 6111,18080,455,11.94,2.68,0.578,0.598,12.29,2.34,85.37,,23,415840,215875.2,48454.4,10450.24,10811.84,222203.2,42307.2,1543489.6,AUG-24-BLK3
,,,,,,,,,,,,,,,,,,0,0,0,0,0,0,0,0,
,WHSE A,45527,Paquibot,AUG-24-BLK3,A-15A,AAV 6111,16720,440,10.6,2.86,0.575,0.595,11.75,3.15,85.1,,23,384560,177232,47819.2,9614,9948.4,196460,52668,1422872,AUG-24-BLK3
,,,,,,,,,,,,,,,,,,0,0,0,0,0,0,0,0,
CLOSED,WHSE D,45531,Namoc,AUG-24-TNK4,D-1D,CAC 2732,29135,796,8.94,3.74,0.565,0.585,11.14,4.93,83.93,USED,23,670105,260466.9,108964.9,16461.275,17043.975,324563.9,143635.55,2445300.55,AUG-24-TNK4
,,,,,,,,,,,,,,,,,,0,0,0,0,0,0,0,0,
,WHSE A,45532,Paquibot,AUG-24-BLK3,A-15A,AAV 6111,18175,425,11.87,2.7,0.575,0.595,12.37,3.71,83.92,,23,418025,215737.25,49072.5,10450.625,10814.125,224824.75,67429.25,1525246,AUG-24-BLK3
,,,,,,,,,,,,,,,,,,0,0,0,0,0,0,0,0,
CLOSED,WHSE A,45533,Layupan,AUG-24-BLK5,A-9C,NFD 5679,22329,486,16.74,2.76,0.562,0.582,10.69,3.87,85.44,"NFD 5679 net kilos of 23,440 - 4.74%(MC) = 22,329",17.75,396339.75,373787.46,61628.04,12548.898,12995.478,238697.01,86413.23,1907789.76,AUG-24-BLK5
CLOSED,WHSE C,45533,Layupan,AUG-24-BLK4,C-20B,CBQ 5232,20097,417,16.89,2.88,0.565,0.585,11.5,4.1,84.4,"CBQ 5232 NET KILOS OF 21,130 - 4.89% (mc)  = 20,097",17.75,356721.75,339438.33,57879.36,11354.805,11756.745,231115.5,82397.7,1696186.8,AUG-24-BLK4
,,,,,,,,,,,,,,,,,,0,0,0,0,0,0,0,0,
,WHSE A,45534,Paquibot,AUG-24-BLK6,A-14A,AAV 6111,18180,445,11.2,2.77,0.575,0.595,13,1.79,85.21,,23,418140,203616,50358.6,10453.5,10817.1,236340,32542.2,1549117.8,AUG-24-BLK6
CLOSED,WHSE D,45534,Llanto,AUG-24-BLK7,D-13C,RKJ 277,10900,323,12,1.89,0.578,0.598,10.59,2.48,86.93,,21.5,234350,130800,20601,6300.2,6518.2,115431,27032,947537,AUG-24-BLK7
,,,,,,,,,,,,,,,,,,0,0,0,0,0,0,0,0,
,WHSE A,45535,Paquibot,AUG-24-BLK6,A-14A,AAV 6111,17115,435,9.94,2.6,0.578,0.598,12.1,2.49,85.41,,23,393645,170123.1,44499,9892.47,10234.77,207091.5,42616.35,1461792.15,AUG-24-BLK6
,,,,,,,,,,,,,,,,,,0,0,0,0,0,0,0,0,
CLOSED,WHSE D,45537,Namoc,SEPT-24-TNK1,D-1C,CBN 729,30590,805,10.14,3.15,0.556,0.576,11.76,3.83,84.41,USED,24,734160,310182.6,96358.5,17008.04,17619.84,359738.4,117159.7,2582101.9,SEPT-24-TNK1
,,,,,,,,,,,,,,,,,,0,0,0,0,0,0,0,0,
,WHSE A,45538,Paquibot,AUG-24-BLK6,A-14A,AAV 6111,17125,460,11.74,2.49,0.575,0.595,12.29,3.78,83.93,PILED IN AUGUST BLOCK 06,23,393875,201047.5,42641.25,9846.875,10189.375,210466.25,64732.5,1437301.25,AUG-24-BLK6
,,,,,,,,,,,,,,,,,,0,0,0,0,0,0,0,0,
CLOSED,WHSE D,45539,Tag-at,JULY-24-BLK3,D-7C,AAV 6111,18365,500,10,2.2,0.585,0.605,13.35,1.34,85.31,PILED IN JULY BLOCK 03,21.5,394847.5,183650,40403,10743.525,11110.825,245172.75,24609.1,1566718.15,JULY-24-BLK3
CLOSED,WHSE D,45539,Namoc,SEPT-24-TNK2,D-5D,CBJ3567,26900,816,9.07,3.16,0.556,0.576,10.3,2.51,87.19,,24,645600,243983,85004,14956.4,15494.4,277070,67519,2345411,SEPT-24-TNK2
,,,,,,,,,,,,,,,,,,0,0,0,0,0,0,0,0,
,WHSE A,45540,Paquibot,AUG-24-BLK6,A-14A,AAV 6111,18190,458,11.94,2.68,0.575,0.595,13.18,2.74,84.08,PILED IN AUGUST BLOCK 06,23,418370,217188.6,48749.2,10459.25,10823.05,239744.2,49840.6,1529415.2,AUG-24-BLK6
,,,,,,,,,,,,,,,,,,0,0,0,0,0,0,0,0,
,WHSE A,45542,Paquibot,SEPT-24-BLK1,A-14B,AAV 6111,18635,446,12,2.84,0.578,0.598,12.3,2.97,84.73,,23,428605,223620,52923.4,10771.03,11143.73,229210.5,55345.95,1578943.55,SEPT-24-BLK1
,,,,,,,,,,,,,,,,,,0,0,0,0,0,0,0,0,
CLOSED,WHSE D,45544,Namoc,SEPT-24-TNK2,D-5D,RJY331,21175,530,10.07,3.11,0.549,0.569,11.54,3.65,84.81,,24,508200,213232.25,65854.25,11625.075,12048.575,244359.5,77288.75,1795851.75,SEPT-24-TNK2
CLOSED,WHSE D,45545,Namoc,SEPT-24-TNK3,D-5C,CBN 7219,27335,794,9.8,3.21,0.549,0.569,9.68,2.42,87.9,,24,656040,267883,87745.35,15006.915,15553.615,264602.8,66150.7,2402746.5,SEPT-24-TNK3
CLOSED,WHSE D,45546,Layupan,SEPT-24-BLK2,D-20D,CBQ 5232,16929,367,20,2.6,0.565,0.585,11.7,1.74,86.56,"CBQ 5232 NET KILOS OF 18,010 - 6% (mc)  = 16,929",17.75,300489.75,338580,44015.4,9564.885,9903.465,198069.3,29456.46,1465374.24,SEPT-24-BLK2
CLOSED,WHSE A,45546,Layupan,AUG-24-BLK5,A-9C,NFD 5679,7709,194,14.6,2.51,0.561,0.581,10.9,1.76,87.34,"NFD 5679 NET KILOS OF 7,915 - 2.60% (mc)  = 7,709 / PILED IN AUGUST BLOCK 5",17.75,136834.75,112551.4,19349.59,4324.749,4478.929,84028.1,13567.84,673304.06,AUG-24-BLK5
,WHSE A,45548,Paquibot,SEPT-24-BLK1,A-14B,AAV 6111,15995,409,10.87,2.87,0.575,0.595,11.55,3.45,85,,23,367885,173865.65,45905.65,9197.125,9517.025,184742.25,55182.75,1359575,SEPT-24-BLK1
,,,,,,,,,,,,,,,,,,0,0,0,0,0,0,0,0,
,WHSE A,45552,Paquibot,SEPT-24-BLK1,A-14B,AAV 6111,17635,453,11.07,2.77,0.578,0.598,12,1.54,86.46,,24,423240,195219.45,48848.95,10193.03,10545.73,211620,27157.9,1524722.1,SEPT-24-BLK1
CLOSED,WHSE D,45552,Namoc,SEPT-24-TNK4,D-1D,RPM 922,21985,600,9.11,3.08,0.549,0.569,12.46,4.73,82.81,,24,527640,200283.35,67713.8,12069.765,12509.465,273933.1,103989.05,1820577.85,SEPT-24-TNK4
,,,,,,,,,,,,,,,,,,0,0,0,0,0,0,0,0,
CLOSED,WHSE D,45554,Llanto,AUG-24-BLK7,D-13C,RKG247,17288,465,12.87,2.68,0.575,0.595,12.08,1.56,86.36,"RKG247 net kilos of 17,440 - .87% = 17,288 / PILED IN AUGUST 2024 BLOCK 07",22.5,388980,222496.56,46331.84,9940.6,10286.36,208839.04,26969.28,1492991.68,AUG-24-BLK7
CLOSED,WHSE D,45555,Tag-at,SEPT-24-BLK3,D-7B,AAV 6111,17610,450,9.87,2.05,0.581,0.601,12.27,2.15,85.58,,21,369810,173810.7,36100.5,10231.41,10583.61,216074.7,37861.5,1507063.8,SEPT-24-BLK3
,WHSE A,45556,Paquibot,SEPT-24-BLK1,A-14B,AAV 6111,17790,457,10.14,2.68,0.578,0.598,12.14,3.35,84.51,,24,426960,180390.6,47677.2,10282.62,10638.42,215970.6,59596.5,1503432.9,SEPT-24-BLK1
,WHSE A,45556,Paquibot,SEPT-24-BLK4,A-15B,KCA 378,16920,497,10.74,2.94,0.575,0.595,11.56,3.19,85.25,,24,406080,181720.8,49744.8,9729,10067.4,195595.2,53974.8,1442430,SEPT-24-BLK4
,,,,,,,,,,,,,,,,,,0,0,0,0,0,0,0,0,
,WHSE A,45559,Paquibot,SEPT-24-BLK4,A-15B,AAV 6111,17750,447,11.67,2.71,0.575,0.595,13.09,2.78,84.13,,24,426000,207142.5,48102.5,10206.25,10561.25,232347.5,49345,1493307.5,SEPT-24-BLK4
CLOSED,WHSE D,45559,Layupan,SEPT-24-BLK2,D-20D,NFD 5679,17515,386,16.47,2.89,0.562,0.582,12.28,3.61,84.11,"NFD 5679 NET KILOS OF 18,335 - 4.47% (mc)  = 17,515",19,332785,288472.05,50618.35,9843.43,10193.73,215084.2,63229.15,1473186.65,SEPT-24-BLK2
,,,,,,,,,,,,,,,,,,0,0,0,0,0,0,0,0,
CLOSED,WHSE D,45561,Layupan,SEPT-24-BLK2,D-20D,CBQ 5232,18935,450,15.27,2.73,0.565,0.585,11.54,2.9,85.56,"CBQ 5232 NET KILOS OF 19,575 - 3.27% (mc)  = 18,935",19,359765,289137.45,51692.55,10698.275,11076.975,218509.9,54911.5,1620078.6,SEPT-24-BLK2
,,,,,,,,,,,,,,,,,,0,0,0,0,0,0,0,0,
,WHSE A,45562,Paquibot,SEPT-24-BLK4,A-15B,AAV 6111,17685,480,11.27,2.77,0.578,0.598,11.56,3.25,85.19,,24,424440,199309.95,48987.45,10221.93,10575.63,204438.6,57476.25,1506585.15,SEPT-24-BLK4
,WHSE A,45562,Paquibot,SEPT-24-BLK5,A-14C,KCA 378,17870,454,11.47,2.58,0.575,0.595,12.16,2.58,85.26,,24,428880,204968.9,46104.6,10275.25,10632.65,217299.2,46104.6,1523596.2,SEPT-24-BLK5
CLOSED,WHSE D,45562,Namoc,SEPT-24-TNK5,D-1C,CCN6007,29295,845,10.8,3.94,0.556,0.576,10.14,4.25,85.61,,24,703080,316386,115422.3,16288.02,16873.92,297051.3,124503.75,2507944.95,SEPT-24-TNK5
,,,,,,,,,,,,,,,,,,0,0,0,0,0,0,0,0,
,WHSE A,45563,Paquibot,SEPT-24-BLK5,A-14C,AAV 6111,18180,444,12,2.74,0.578,0.598,12.28,3.79,83.93,,24,436320,218160,49813.2,10508.04,10871.64,223250.4,68902.2,1525847.4,SEPT-24-BLK5
,,,,,,,,,,,,,,,,,,0,0,0,0,0,0,0,0,
,WHSE A,45566,paquibot,SEPT-24-BLK4,A-15B, KCA 378,18265,455,11.6,2.31,0.578,0.598,12.43,2.2,85.37,PILED INSEPTEMBER BLOCK 04,24,438360,211874,42192.15,10557.17,10922.47,227033.95,40183,1559283.05,SEPT-24-BLK4
,,,,,,,,,,,,,,,,,,0,0,0,0,0,0,0,0,
,WHSE A,45567,paquibot,SEPT-24-BLK5,A-14C, AAV 6111,17120,437,11.94,2.6,0.575,0.595,11.57,2.66,85.77,PILED INSEPTEMBER BLOCK 05,24,410880,204412.8,44512,9844,10186.4,198078.4,45539.2,1468382.4,SEPT-24-BLK5
,,,,,,,,,,,,,,,,,,0,0,0,0,0,0,0,0,
,WHSE A,45569,paquibot,OCT-24-BLK1,A-15C,AAV 6111,18385,470,11.74,2.58,0.575,0.595,13.1,2.89,84.01,,24,441240,215839.9,47433.3,10571.375,10939.075,240843.5,53132.65,1544523.85,OCT-24-BLK1
CLOSED,WHSE D,45569,Layupan,SEPT-24-BLK2,D-20D,CBQ 5232,17953,360,15.14,2.84,0.562,0.582,12.24,3.14,84.62,"CBQ 5232 NET KILOS OF 18,535 - 3.14% (mc)  = 17,953 / PILED IN SEPTEMBER BLOCK 02",19,341107,271808.42,50986.52,10089.586,10448.646,219744.72,56372.42,1519182.86,SEPT-24-BLK2
,,,,,,,,,,,,,,,,,,0,0,0,0,0,0,0,0,
CLOSED,,45572,paquibot,FEED,,AAV 6111,18725,446,12,2.71,0.578,0.598,11.96,3.42,84.62,USED,24,449400,224700,50744.75,10823.05,11197.55,223951,64039.5,1584509.5,FEED
CLOSED,WHSE D,45572,Llanto,AUG-24-BLK7,D-13C,RKJ 477,8515,238,11.87,1.19,0.575,0.595,12.15,4.13,83.72,PILED IN AUGUST BLOCK 07,22.25,189458.75,101073.05,10132.85,4896.125,5066.425,103457.25,35166.95,712875.8,AUG-24-BLK7
,,,,,,,,,,,,,,,,,,0,0,0,0,0,0,0,0,
CLOSED,WHSE D,45573,Tag-at,SEPT-24-BLK3,D-7B,KCA 3778,17520,550,9.34,2.28,0.581,0.601,12.64,2.57,84.79,PILED IN SEPTEMBER BLOCK 03,21,367920,163636.8,39945.6,10179.12,10529.52,221452.8,45026.4,1485520.8,SEPT-24-BLK3
,,,,,,,,,,,,,,,,,,0,0,0,0,0,0,0,0,
,WHSE A,45574,paquibot,OCT-24-BLK1,A-15C,AAV 6111,18955,457,12,2.2,0.578,0.598,13.31,2.65,84.04,,24,454920,227460,41701,10955.99,11335.09,252291.05,50230.75,1592978.2,OCT-24-BLK1
CLOSED,WHSE D,45574,Namoc,OCT-24-TNK1,D-1D,CBJ 3567,29470,820,8.8,3.14,0.556,0.576,11.08,2.23,86.69,,24,707280,259336,92535.8,16385.32,16974.72,326527.6,65718.1,2554754.3,OCT-24-TNK1
,,,,,,,,,,,,,,,,,,0,0,0,0,0,0,0,0,
CLOSED,,45577,paquibot,FEED,,KCA 3778,18080,428,11.94,2.52,0.578,0.598,12.54,2.88,84.58,USED,24,433920,215875.2,45561.6,10450.24,10811.84,226723.2,52070.4,1529206.4,FEED
CLOSED,WHSE D,45577,Tag-at,SEPT-24-BLK3,D-7B,AAV 6111,20295,582,11.87,2.17,0.581,0.601,12.29,2.14,85.57,PILED IN SEPTEMBER BLOCK 03,23,466785,240901.65,44040.15,11791.395,12197.295,249425.55,43431.3,1736643.15,SEPT-24-BLK3
CLOSED,WHSE D,45578,Layupan,OCT-24-BLK2,D-20C,CBQ 5232,18750,367,15.2,2.85,0.568,0.588,12.1,3.61,84.29,"CBQ 5232 NET KILOS OF 19,370 - 3.20% (mc)  = 18,750 ",19,356250,285000,53437.5,10650,11025,226875,67687.5,1580437.5,OCT-24-BLK2
CLOSED,WHSE D,45580,Namoc,OCT-24-TNK1,D-1D,CBN 7219,30400,800,8.87,3.68,0.562,0.582,10.51,3.49,86,USED,24,729600,269648,111872,17084.8,17692.8,319504,106096,2614400,OCT-24-TNK1
CLOSED,WHSE D,45582,Layupan,OCT-24-BLK2,D-20C,NFD  567,17736,347,15,2.89,0.565,0.585,11.9,4.2,83.9,"NFD 5679 NET KILOS OF 18,285 - 3.00% (mc)  = 17,736 ",19,336984,266040,51257.04,10020.84,10375.56,211058.4,74491.2,1488050.4,OCT-24-BLK2
CLOSED,,45583,paquibot,FEED,,KCA 3778,18300,455,12,2.68,0.578,0.598,12.41,3.1,84.49,USED,24,439200,219600,49044,10577.4,10943.4,227103,56730,1546167,FEED
,WHSE A,45584,paquibot,OCT-24-BLK3,A-13A,AAV 6111,18370,436,11.94,2.86,0.575,0.595,13.06,2.84,84.1,,24,440880,219337.8,52538.2,10562.75,10930.15,239912.2,52170.8,1544917,OCT-24-BLK3
CLOSED,WHSE D,45584,Layupan,OCT-24-BLK2,D-20C,CBQ 5232,19572,457,13,2.57,0.568,0.588,12.26,3.79,83.95,"CBQ 5232 NET KILOS OF 19,770 - 1.00% (mc)  = 19,572 ",22,430584,254436,50300.04,11116.896,11508.336,239952.72,74177.88,1643069.4,OCT-24-BLK2
,,,,,,,,,,,,,,,,,,0,0,0,0,0,0,0,0,
CLOSED,,45587,paquibot,FEED,,KCA 3778,17075,420,11.07,2.87,0.578,0.598,13.36,2.95,83.69,USED,24,409800,189020.25,49005.25,9869.35,10210.85,228122,50371.25,1429006.75,FEED
CLOSED,WHSE A,45587,Layupan,OCT-24-BLK4,A-8A,NFD  567,18120,387,11.8,2.94,0.571,0.591,11.46,3.29,85.25,,22,398640,213816,53272.8,10346.52,10708.92,207655.2,59614.8,1544730,OCT-24-BLK4
,,,,,,,,,,,,,,,,,,0,0,0,0,0,0,0,0,
,WHSE A,45588,paquibot,OCT-24-BLK3,A-13A,AAV 6111,17585,453,11.34,2.77,0.575,0.595,11.89,2.97,85.14,,24,422040,199413.9,48710.45,10111.375,10463.075,209085.65,52227.45,1497186.9,OCT-24-BLK3
,,,,,,,,,,,,,,,,,,0,0,0,0,0,0,0,0,
CLOSED,,45589,paquibot,FEED,,KCA 3778,17850,441,11.8,2.74,0.571,0.591,11.8,3.57,84.63,USED,24,428400,210630,48909,10192.35,10549.35,210630,63724.5,1510645.5,FEED
,,,,,,,,,,,,,,,,,,0,0,0,0,0,0,0,0,
CLOSED,,45591,paquibot,FEED,,AAV 6111,18650,434,11.87,2.85,0.578,0.598,12.06,3.95,83.99,,24,447600,221375.5,53152.5,10779.7,11152.7,224919,73667.5,1566413.5,FEED
,,,,,,,,,,,,,,,,,,0,0,0,0,0,0,0,0,
CLOSED,WHSE D,45595,Tag-at,OCT-24-BLK5,D-8D,KCA 3778,17255,483,10.94,2.18,0.581,0.601,12.15,2.64,85.21,,23,396865,188769.7,37615.9,10025.155,10370.255,209648.25,45553.2,1470298.55,OCT-24-BLK5
CLOSED,WHSE D,45595,Layupan,OCT-24-BLK6,D-20B,NFD  5679,22776,465,17,2.9,0.565,0.585,11.74,3.87,84.39,"NFD 5679 NET KILOS OF 23,975 - 5.00% (mc)  = 12,776 ",22,501072,387192,66050.4,12868.44,13323.96,267390.24,88143.12,1922066.64,OCT-24-BLK6
,,,,,,,,,,,,,,,,,,0,0,0,0,0,0,0,0,
CLOSED,,45596,paquibot,FEED,,AAV 6111,18280,452,12,2.81,0.575,0.595,13.15,3.01,83.84,,24,438720,219360,51366.8,10511,10876.6,240382,55022.8,1532595.2,FEED
,,,,,,,,,,,,,,,,,,0,0,0,0,0,0,0,0,
,WHSE A,45601,Paquibot,OCT-24-BLK3,A-13A, AAV 6111,19260,443,11.87,2.64,0.571,0.591,11.37,1.87,86.76,PILED IN OCTOBER 2024 # 3,24,462240,228616.2,50846.4,10997.46,11382.66,218986.2,36016.2,1670997.6,OCT-24-BLK3
CLOSED,WHSE D,45601,Llanto,AUG-24-BLK7,D-13C, ALA 9958,19190,485,11.07,2.57,0.578,0.598,12.11,2.61,85.28,PILED IN AUGUST # 7,22.25,426977.5,212433.3,49318.3,11091.82,11475.62,232390.9,50085.9,1636523.2,AUG-24-BLK7
CLOSED,WHSE D,45601,Namoc,NOV-24-TNK1,D-1D,AMA 1979,29817,726,13.74,3.2,0.571,0.591,11.33,1.97,86.7,"AMA 1979 net kilos of 30,345 - 1.74%(MC) = 29,817",25,745425,409685.58,95414.4,17025.507,17621.847,337826.61,58739.49,2585133.9,NOV-24-TNK1
,,,,,,,,,,,,,,,,,,0,0,0,0,0,0,0,0,
CLOSED,,45602,Paquibot,FEED,,KCA 378,17248,430,12.27,2.81,0.575,0.595,12.47,1.97,85.56,"KCA 378 net kilos of 17,295 - .27%(MC) = 17,248 / USED",24,413952,211632.96,48466.88,9917.6,10262.56,215082.56,33978.56,1475738.88,FEED
,WHSE A,45602,Paquibot,NOV-24-BLK1,A-13B,AAV 6111,18268,442,12.34,2.69,0.571,0.591,12.31,2.69,85,"AAV611 net kilos of 18,330 - .34%(MC) = 18,268",24,438432,225427.12,49140.92,10431.028,10796.388,224879.08,49140.92,1552780,NOV-24-BLK1
,,,,,,,,,,,,,,,,,,0,0,0,0,0,0,0,0,
,WHSE A,45604,Paquibot,NOV-24-BLK1,A-13B,KCA 378,18378,443,12.2,2.74,0.575,0.595,11.91,3.1,84.99,"kcA 378 net kilos of 18,415 - .20%(MC) = 18,378",24,441072,224211.6,50355.72,10567.35,10934.91,218881.98,56971.8,1561946.22,NOV-24-BLK1
CLOSED,WHSE D,45604,Layupan,NOV-24-BLK2,D-19D,CBQ 5232,20262,432,16.47,2.85,0.565,0.585,11.52,3.78,84.7,"CBQ 5232 net kilos of 21,210 - 4.47%(MC) = 20,262",22,445764,333715.14,57746.7,11448.03,11853.27,233418.24,76590.36,1716191.4,NOV-24-BLK2
,,,,,,,,,,,,,,,,,,0,0,0,0,0,0,0,0,
CLOSED,WHSE D,45607,Layupan,NOV-24-BLK2,D-19D,CBQ 5232,18940,482,16,2.83,0.565,0.585,11.45,4.2,84.35,"CBQ 5232 net kilos of 19,770 - 4.20%(MC) = 18,940",22,416680,303040,53600.2,10701.1,11079.9,216863,79548,1597589,NOV-24-BLK2
CLOSED,WHSE D,45607,Layupan,NOV-24-BLK2,D-19D,NET6084,23117,504,16.2,2.76,0.562,0.582,12.7,3.85,83.45,"NET6084 net kilos of 24,080 - 4.00%(MC) = 23,117",22,508574,374495.4,63802.92,12991.754,13454.094,293585.9,89000.45,1929113.65,NOV-24-BLK2
,,,,,,,,,,,,,,,,,,0,0,0,0,0,0,0,0,
,WHSE A,45608,Paquibot,NOV-24-BLK1,A-13B,AAV 6111,17910,437,12,2.73,0.575,0.595,11.63,4.19,84.18,        ,24,429840,214920,48894.3,10298.25,10656.45,208293.3,75042.9,1507663.8,NOV-24-BLK1
,WHSE A,45608,Paquibot,OCT-24-BLK1,A-15C,KCA 378,16795,425,11.74,2.68,0.578,0.598,12.21,3.57,84.22,PILED IN OCTOBER 2024 # 1,24,403080,197173.3,45010.6,9707.51,10043.41,205066.95,59958.15,1414474.9,OCT-24-BLK1
,,,,,,,,,,,,,,,,,,0,0,0,0,0,0,0,0,
CLOSED,WHSE D,45609,Tag-at,OCT-24-BLK5,D-8D,AAV 6111,15020,436,10,1.79,0.581,0.601,12.75,1.24,86.01,PILED IN OCTOBER 2024 # 5,23,345460,150200,26885.8,8726.62,9027.02,191505,18624.8,1291870.2,OCT-24-BLK5
,WHSE A,45609,Sevilla,NOV-24-BLK3,A-20A,KAH 4746,29080,475,35,2.87,0.585,0.605,17.32,6.02,76.66,"KAH 4746 net kilos of 29,175 - 95(sacks) = 29,080",22.45,652846,1017800,83459.6,17011.8,17593.4,503665.6,175061.6,2229272.8,NOV-24-BLK3
,,,,,,,,,,,,,,,,,,0,0,0,0,0,0,0,0,
,WHSE A,45610,Paquibot,NOV-24-BLK1,A-13B,KCA 378,18105,434,12,2.48,0.571,0.591,11.77,1.47,86.76,"NFD 5679 net kilos of 18,760 - 2.54%(MC) = 18,283  / PILED IN OCTOBER 2024 # 4",24,434520,217260,44900.4,10337.955,10700.055,213095.85,26614.35,1570789.8,NOV-24-BLK1
CLOSED,WHSE A,45610,Layupan,OCT-24-BLK4,A-8A,NFD 5679,18283,417,14.54,2.76,0.568,0.588,11.72,2.45,85.83,"CAY 8079 net kilos of 25,670 - 100kilos(sacks) = 25,570",22,402226,265834.82,50461.08,10384.744,10750.404,214276.76,44793.35,1569229.89,OCT-24-BLK4
,,,,,,,,,,,,,,,,,,0,0,0,0,0,0,0,0,
,WHSE A,45611,Sevilla,NOV-24-BLK3,A-20A,CAY 8079,25570,502,36.67,9.88,0.581,0.601,14.42,7.8,77.78,"KCA 378 net kilos of 8,645 - 32KILOS(SACK) = 8,613",22.45,574046.5,937651.9,252631.6,14856.17,15367.57,368719.4,199446,1988834.6,NOV-24-BLK3
,WHSE A,45611,Sevilla,NOV-24-BLK3,A-20A,KCA 378,8613,160,36.67,9.88,0.581,0.601,14.42,7.8,77.78,,22.45,193361.85,315838.71,85096.44,5004.153,5176.413,124199.46,67181.4,669919.14,NOV-24-BLK3
CLOSED,WHSE D,45611,Re-cook,NOV-24-BLK4,D-5D,KCA 378,13270,326,10.74,1.79,0.57,0.59,11.42,1.89,86.69,"MAJ 9574 net kilos of 30,720 - 109kilos (sacks) = 30,611",1.5,19905,142519.8,23753.3,7563.9,7829.3,151543.4,25080.3,1150376.3,NOV-24-BLK4
,,,,,,,,,,,,,,,,,,0,0,0,0,0,0,0,0,
,WHSE A,45612,Sevilla,NOV-24-BLK5,A-20B,MAJ 9574,30611,547,37.2,4.38,0.588,0.608,20.66,10.23,69.11,,22.45,687216.95,1138729.2,134076.18,17999.268,18611.488,632423.26,313150.53,2115526.21,NOV-24-BLK5
,,,,,,,,,,,,,,,,,,0,0,0,0,0,0,0,0,
,WHSE A,45614,Paquibot,NOV-24-BLK6,A-13C,KCA 378,17630,444,11.27,2.28,0.571,0.591,11.27,1.98,86.75,,24,423120,198690.1,40196.4,10066.73,10419.33,198690.1,34907.4,1529402.5,NOV-24-BLK6
,,,,,,,,,,,,,,,,,,0,0,0,0,0,0,0,0,
,WHSE A,45616,Paquibot,NOV-24-BLK6,A-13C,AAV 6111,17545,428,11.47,2.58,0.575,0.595,12.48,2.56,84.96,,25,438625,201241.15,45266.1,10088.375,10439.275,218961.6,44915.2,1490623.2,NOV-24-BLK6
CLOSED,WHSE D,45616,Layupan,NOV-24-BLK8,D-19C,NFD 5679,18989,483,16.54,2.67,0.568,0.588,10.44,2.34,87.22,"NFD 5679 net kilos of 19,820 - 4.54%(MC) = 18,920 + 69( DIFFERENCE FROM PREVIOUS DELIVERY) = 18,989",22,417758,314078.06,50700.63,10785.752,11165.532,198245.16,44434.26,1656220.58,NOV-24-BLK8
CLOSED,WHSE C,45616,Sevilla,NOV-24-BLK7,C-13A,ACN 1240,21773,536,11.34,2.8,0.585,0.605,14.32,4.53,81.15,"ACN 1240 net kilos of 21,880 - 107kilos (Sacks) -= 21,773",25.5,555211.5,246905.82,60964.4,12737.205,13172.665,311789.36,98631.69,1766878.95,NOV-24-BLK7
,,,,,,,,,,,,,,,,,,0,0,0,0,0,0,0,0,
CLOSED,WHSE D,45617,Layupan,NOV-24-BLK8,D-19C,NET6084,22768,522,21,2.78,0.568,0.588,12.1,4.78,83.12,"NET6084 net kilos of 22,768 - 9.00%(MC) = 22,768",22,500896,478128,63295.04,12932.224,13387.584,275492.8,108831.04,1892476.16,NOV-24-BLK8
,,,,,,,,,,,,,,,,,,0,0,0,0,0,0,0,0,
,WHSE A,45618,Paquibot,NOV-24-BLK6,A-13C,KCA 378,18380,447,12,2.94,0.578,0.598,11.94,3.79,84.27,,25,459500,220560,54037.2,10623.64,10991.24,219457.2,69660.2,1548882.6,NOV-24-BLK6
,WHSE A,45618,Sevilla,NOV-24-BLK5,A-20B,RGJ 915,29571,568,37.07,3.68,0.585,0.605,11.87,9.61,78.52,"RGJ915 net kilos of 29,685 - 114 kilos (sacks) = 29,571",22.45,663868.95,1096196.97,108821.28,17299.035,17890.455,351007.77,284177.31,2321914.92,NOV-24-BLK5
,,,,,,,,,,,,,,,,,,0,0,0,0,0,0,0,0,
,WHSE A,45621,Paquibot,NOV-24-BLK9,A-12A,AAV 6111,18150,472,10.8,2.47,0.575,0.595,12.7,1.59,85.71,,25,453750,196020,44830.5,10436.25,10799.25,230505,28858.5,1555636.5,NOV-24-BLK9
CLOSED,WHSE D,45621,Layupan,NOV-24-BLK8,D-19C,CBQ 5232,17663,400,18.27,2.97,0.562,0.582,12.72,1.27,86.01,"CBQ 5232 net kilos of 18,845 - 6.27%(MC) = 17,663",22,388586,322703.01,52459.11,9926.606,10279.866,224673.36,22432.01,1519194.63,NOV-24-BLK8
,,,,,,,,,,,,,,,,,,0,0,0,0,0,0,0,0,
CLOSED,WHSE D,45622,Tag-at,OCT-24-BLK5,D-8D,AAV 6111,19310,520,10.2,1.88,0.581,0.601,14.8,1.23,83.97,PILED IN OCTOBER 2024 # 5,23,444130,196962,36302.8,11219.11,11605.31,285788,23751.3,1621460.7,OCT-24-BLK5
,WHSE A,45622,Sevilla,NOV-24-BLK10,A-20C,NAK 1747,27242,515,38.6,5.1,0.578,0.598,15.35,10.62,74.03,"NAK1747 net kilos of 27,345 - 103 kilos (sacks) = 27,242",22.45,611582.9,1051541.2,138934.2,15745.876,16290.716,418164.7,289310.04,2016725.26,NOV-24-BLK10
,WHSE A,45622,Sevilla,NOV-24-BLK10,A-20C,NAO3238,36069,810,39.14,4.78,0.581,0.601,14.8,9,76.2,"NAO 3238 net kilos of 28,215 + 8,016(plant scale) = 36, 231 - 162 kilos (sacks) = 36,069",22.45,809749.05,1411740.66,172409.82,20956.089,21677.469,533821.2,324621,2748457.8,NOV-24-BLK10
,,,,,,,,,,,,,,,,,,0,0,0,0,0,0,0,0,
,WHSE A,45623,Paquibot,NOV-24-BLK9,A-12A,AAV 6111,18245,453,11.74,2.17,0.571,0.591,12.9,1.23,85.87,,25,456125,214196.3,39591.65,10417.895,10782.795,235360.5,22441.35,1566698.15,NOV-24-BLK9
CLOSED,WHSE D,45623,Namoc,NOV-24-TNK2,D-1C,CBJ 3567,32480,793,11.07,3.08,0.562,0.582,14.45,1.65,83.9,,26,844480,359553.6,100038.4,18253.76,18903.36,469336,53592,2725072,NOV-24-TNK2
,,,,,,,,,,,,,,,,,,0,0,0,0,0,0,0,0,
,WHSE A,45624,Paquibot,NOV-24-BLK9,A-12A,AAV 6111,18960,447,11.87,2.49,0.575,0.595,13.79,2.58,83.63,,25,474000,225055.2,47210.4,10902,11281.2,261458.4,48916.8,1585624.8,NOV-24-BLK9
CLOSED,WHSE D,45624,Layupan,NOV-24-BLK11,D-19B,NFD 5679,19696,427,16.34,2.68,0.568,0.588,17.35,2.44,80.21,"NFD 5679 net kilos of 20,590 - 4.34%(MC) = 19,696",22,433312,321832.64,52785.28,11187.328,11581.248,341725.6,48058.24,1579816.16,NOV-24-BLK11
,,,,,,,,,,,,,,,,,,0,0,0,0,0,0,0,0,
,WHSE A,45625,Paquibot,NOV-24-BLK9,A-12A,KCA 378,18060,461,11.87,2.64,0.575,0.595,14.26,2.79,82.95,,25,451500,214372.2,47678.4,10384.5,10745.7,257535.6,50387.4,1498077,NOV-24-BLK9
,,,,,,,,,,,,,,,,,,0,0,0,0,0,0,0,0,
CLOSED,WHSE D,45628,Layupan,NOV-24-BLK11,D-19B, NET 6084,18090,437,16.54,2.79,0.568,0.588,12.99,2.43,84.58,PILED IN NOVEMBER  2024 # 11,22,397980,299208.6,50471.1,10275.12,10636.92,234989.1,43958.7,1530052.2,NOV-24-BLK11
,,,,,,,,,,,,,,,,,,0,0,0,0,0,0,0,0,
,WHSE A,45629,Paquibot,DEC-24-BLK1,A-12B, AAV 6111,18905,470,11.67,2.37,0.571,0.591,14.11,2.54,83.35,,25,472625,220621.35,44804.85,10794.755,11172.855,266749.55,48018.7,1575731.75,DEC-24-BLK1
,,,,,,,,,,,,,,,,,,0,0,0,0,0,0,0,0,
,WHSE A,45630,Paquibot,DEC-24-BLK1,A-12B,KCA 378,15885,432,11.34,2.72,0.575,0.595,12.34,1.63,86.03,,25,397125,180135.9,43207.2,9133.875,9451.575,196020.9,25892.55,1366586.55,DEC-24-BLK1
,,,,,,,,,,,,,,,,,,0,0,0,0,0,0,0,0,
CLOSED,WHSE D,45632,Namoc,NOV-24-TNK2,D-1C,CCN 6007,30265,795,9.94,3.2,0.559,0.579,14.92,3.86,81.22,PILED IN NOVEMBER  2024 T-2,26,786890,300834.1,96848,16918.135,17523.435,451553.8,116822.9,2458123.3,NOV-24-TNK2
,,,,,,,,,,,,,,,,,,0,0,0,0,0,0,0,0,
,WHSE A,45633,Paquibot,DEC-24-BLK1,A-12B,AAV 6111,19125,491,12,2.16,0.575,0.595,12.6,1.55,85.85,,25,478125,229500,41310,10996.875,11379.375,240975,29643.75,1641881.25,DEC-24-BLK1
,,,,,,,,,,,,,,,,,,0,0,0,0,0,0,0,0,
CLOSED,WHSE D,45635,Layupan,NOV-24-BLK11,D-19B,NFD 5679,19790,410,14.27,2.65,0.568,0.588,11.91,2.6,85.49,"NFD 5679 net kilos of 20,250 - 2.27%(MC) = 19,790 / PILED IN nOVEMBER 2024 # 11",23.5,465065,282403.3,52443.5,11240.72,11636.52,235698.9,51454,1691847.1,NOV-24-BLK11
CLOSED,WHSE D,45635,Layupan,DEC-24-BLK3,D-19A,CBQ 5232,21629,465,16.34,2.84,0.562,0.582,12.13,3.49,84.38,"CBQ 5232 net kilos of 22,610 - 4.34%(MC) = 21,629",23.5,508281.5,353417.86,61426.36,12155.498,12588.078,262359.77,75485.21,1825055.02,DEC-24-BLK3
,WHSE A,45635,Paquibot,DEC-24-BLK2,A-12C,KCA 378,18375,480,11.34,2.71,0.571,0.591,12.4,1.27,86.33,,25,459375,208372.5,49796.25,10492.125,10859.625,227850,23336.25,1586313.75,DEC-24-BLK2
,,,,,,,,,,,,,,,,,,0,0,0,0,0,0,0,0,
,WHSE A,45636,Paquibot,DEC-24-BLK2,A-12C,AAV 6111,17860,434,11.54,2.68,0.575,0.595,13.52,2.43,84.05,,25,446500,206104.4,47864.8,10269.5,10626.7,241467.2,43399.8,1501133,DEC-24-BLK2
,,,,,,,,,,,,,,,,,,0,0,0,0,0,0,0,0,
,WHSE A,45637,Paquibot,DEC-24-BLK2,A-12C,KCA 378,17835,423,11.6,2.31,0.578,0.598,12.07,1.63,86.3,,25,445875,206886,41198.85,10308.63,10665.33,215268.45,29071.05,1539160.5,DEC-24-BLK2
,,,,,,,,,,,,,,,,,,0,0,0,0,0,0,0,0,
CLOSED,WHSE A,45638,Paquibot,DEC-24-BLK4,A-11B,AAV 6111,18345,419,11.94,2.87,0.575,0.595,12.09,2.88,85.03,,25,458625,219039.3,52650.15,10548.375,10915.275,221791.05,52833.6,1559875.35,DEC-24-BLK4
CLOSED,WHSE D,45638,Tag-at,DEC-24-BLK5,D-8C,KCA 378,19390,503,10.14,2.47,0.578,0.598,14.1,2.01,83.89,,23,445970,196614.6,47893.3,11207.42,11595.22,273399,38973.9,1626627.1,DEC-24-BLK5
,,,,,,,,,,,,,,,,,,0,0,0,0,0,0,0,0,
CLOSED,WHSE D,45639,Layupan,DEC-24-BLK3,D-19A,NET 6084,24391,500,16.2,2.87,0.571,0.591,14.08,3.12,82.8,"NET6084 net kilos of 25,460 - 4.20%(MC) = 24,391",23.5,573188.5,395134.2,70002.17,13927.261,14415.081,343425.28,76099.92,2019574.8,DEC-24-BLK3
,,,,,,,,,,,,,,,,,,0,0,0,0,0,0,0,0,
CLOSED,WHSE D,45640,Layupan,DEC-24-BLK3,D-19A,NFD 5679,21419,436,16.87,2.54,0.565,0.585,13.9,2.2,83.9,"NFD 5679 net kilos of 22,515 - 4.87%(MC) = 21,419 ",23.5,503346.5,361338.53,54404.26,12101.735,12530.115,297724.1,47121.8,1797054.1,DEC-24-BLK3
,,,,,,,,,,,,,,,,,,0,0,0,0,0,0,0,0,
CLOSED,WHSE A,45642,Paquibot,DEC-24-BLK4,A-11B,AAV 6111,18545,444,12,2.28,0.571,0.591,12.49,1.66,85.85,,25,463625,222540,42282.6,10589.195,10960.095,231627.05,30784.7,1592088.25,DEC-24-BLK4
,,,,,,,,,,,,,,,,,,0,0,0,0,0,0,0,0,
CLOSED,WHSE A,45644,Paquibot,DEC-24-BLK4,A-11B,AAV 6111,18835,450,11.74,0.52,0.571,0.591,11.91,2.8,85.29,,25,470875,221122.9,9794.2,10754.785,11131.485,224324.85,52738,1606437.15,DEC-24-BLK4
CLOSED,,45644,Paquibot,FEED,,KCA 378,18440,438,11.87,2.6,0.575,0.595,12.1,2.74,85.16,,25,461000,218882.8,47944,10603,10971.8,223124,50525.6,1570350.4,FEED
CLOSED,WHSE D,45644,Llanto,DEC-24-BLK6,D-13B,ALA 9958,11480,300,11.27,2.19,0.578,0.598,11.27,3.15,85.58,,23.5,269780,129379.6,25141.2,6635.44,6865.04,129379.6,36162,982458.4,DEC-24-BLK6
CLOSED,WHSE D,45644,Layupan,DEC-24-BLK7,D-18D,CBQ 5232,17019,343,15.74,2.88,0.565,0.585,11.8,2.82,85.38,"CBQ 5232 net kilos of 17,680 - 3.74%(MC) = 17,019",23.5,399946.5,267879.06,49014.72,9615.735,9956.115,200824.2,47993.58,1453082.22,DEC-24-BLK7
,,,,,,,,,,,,,,,,,,0,0,0,0,0,0,0,0,
CLOSED,WHSE D,45645,Namoc,DEC-24-TNK1,D-1B,CBN 7219,32520,850,8.8,6.48,0.552,0.572,13.05,3.3,83.65,,26.5,861780,286176,210729.6,17951.04,18601.44,424386,107316,2720298,DEC-24-TNK1
CLOSED,WHSE D,45645,Layupan,DEC-24-BLK7,D-18D,NFD 5679,21994,443,16,2.79,0.568,0.588,12.2,2.97,84.83,"NFD 5679 net kilos of 22,910 - 4.00%(MC) = 21,994 ",23.5,516859,351904,61363.26,12492.592,12932.472,268326.8,65322.18,1865751.02,DEC-24-BLK7
,,,,,,,,,,,,,,,,,,0,0,0,0,0,0,0,0,
CLOSED,WHSE A,45647,Paquibot,DEC-24-BLK8,A-11C,KCA 378,18335,480,12,2.67,0.578,0.598,12.71,2.54,84.75,,25,458375,220020,48954.45,10597.63,10964.33,233037.85,46570.9,1553891.25,DEC-24-BLK8
CLOSED,WHSE D,45647,Layupan,DEC-24-BLK9,D-18C,CBQ 5232,20395,463,15.34,2.75,0.568,0.588,11.79,3.46,84.75,"CBQ 5232 net kilos of 21,100 - 3.34%(MC) = 20,395",23.5,479282.5,312859.3,56086.25,11584.36,11992.26,240457.05,70566.7,1728476.25,DEC-24-BLK9
,,,,,,,,,,,,,,,,,,0,0,0,0,0,0,0,0,
CLOSED,WHSE D,45649,Layupan,DEC-24-BLK9,D-18C,NFD 5679,22466,501,15.6,2.74,0.571,0.591,13.01,3.6,83.39,"NFD 5679 net kilos of 23,305 - 3.60%(MC) = 22,466 ",23.5,527951,350469.6,61556.84,12828.086,13277.406,292282.66,80877.6,1873439.74,DEC-24-BLK9
,,,,,,,,,,,,,,,,,,0,0,0,0,0,0,0,0,
CLOSED,WHSE D,45653,Layupan,DEC-24-BLK7,D-18D,NFD 5679,24377,457,16.74,3.17,0.559,0.579,12.17,1.98,85.85,"NFD 5679 net kilos of 25,590 - 4.74%(MC) = 24,377 ",23.5,572859.5,408070.98,77275.09,13626.743,14114.283,296668.09,48266.46,2092765.45,DEC-24-BLK7
CLOSED,WHSE D,45653,Namoc,DEC-24-TNK1,D-1B,CCN 6007,31653,667,11.14,2.9,0.565,0.585,11.91,2.28,85.81,"CCN 6007 net kilos of 31,720 - 67 sacks = 31,653",26.5,838804.5,352614.42,91793.7,17883.945,18517.005,376987.23,72168.84,2716143.93,DEC-24-TNK1
,,,,,,,,82,15.8,,,,,,,,,0,0,0,0,0,0,0,0,
,,,,,,,,,,,,,,,,,,0,0,0,0,0,0,0,0,
CLOSED,WHSE A,45654,Paquibot,DEC-24-BLK8,A-11C,AAV 6111,18350,442,12,2.87,0.581,0.601,12.17,2.98,84.85,,25,458750,220200,52664.5,10661.35,11028.35,223319.5,54683,1556997.5,DEC-24-BLK8
,,,,,,,,,,,,,,,,,,0,0,0,0,0,0,0,0,
CLOSED,WHSE A,45659,Paquibot,DEC-24-BLK8,A-11C, KCA 378,17485,437,11.54,2.47,0.575,0.595,13.72,3.58,82.7,PILED IN DECEMBER 2024 # 8,25,437125,201776.9,43187.95,10053.875,10403.575,239894.2,62596.3,1446009.5,DEC-24-BLK8
CLOSED,WHSE D,45659,Namoc,JAN-25-TNK1,D-4D, CAC 2732,32505,797,11.07,3.94,0.559,0.579,12.45,4.16,83.39,,26.5,861382.5,359830.35,128069.7,18170.295,18820.395,404687.25,135220.8,2710591.95,JAN-25-TNK1
,,,,,,,,,,,,,,,,,,0,0,0,0,0,0,0,0,
CLOSED,WHSE D,45660,Layupan,DEC-24-BLK9,D-18C,NET 6084,21480,453,15.74,2.68,0.571,0.591,8.89,4.12,86.99,"NET 6084 net kilos of 22,315 - 3.74% (MC) = 21,480 / PILED IN DECEMBER 2024 # 9",23.5,504780,338095.2,57566.4,12265.08,12694.68,190957.2,88497.6,1868545.2,DEC-24-BLK9
CLOSED,WHSE D,45660,Namoc,JAN-25-TNK1,D-4D,CCN 6007,29280,804,11.34,3.94,0.559,0.579,11.72,3.58,84.7,"CCN 6007 net kilos of 29,335  - 55 kilos(MC of mix 45 sacks umog) = 29,280",26.5,775920,332035.2,115363.2,16367.52,16953.12,343161.6,104822.4,2480016,JAN-25-TNK1
,,,,,,,,,15.27,,,,,,,,,0,0,0,0,0,0,0,0,
,,,,,,,,,,,,,,,,,,0,0,0,0,0,0,0,0,
CLOSED,WHSE D,45661,Tag-at,DEC-24-BLK5,D-8C,AAV 6111,20745,530,10.4,2.34,0.578,0.598,12.34,2.85,84.81,,23,477135,215748,48543.3,11990.61,12405.51,255993.3,59123.25,1759383.45,DEC-24-BLK5
,,,,,,,,,,,,,,,,,,0,0,0,0,0,0,0,0,
CLOSED,WHSE D,45662,Layupan,JAN-25-BLK1,D-18B,NEP 2059,25274,480,18.34,2.8,0.565,0.585,10.36,4.85,84.79,"NEP 2059 netkilos of 26,985 - 6.64%(MC) = 25,274",23.5,593939,463525.16,70767.2,14279.81,14785.29,261838.64,122578.9,2142982.46,JAN-25-BLK1
CLOSED,WHSE D,45662,Layupan,JAN-25-BLK1,D-18B,CBQ 5232,22909,451,15.6,2.74,0.571,0.591,11.48,3.85,84.67,"CBQ 5232 net kilos of 23,765 - 3.60%(MC) = 22,909",23.5,538361.5,357380.4,62770.66,13081.039,13539.219,262995.32,88199.65,1939705.03,JAN-25-BLK1
CLOSED,WHSE D,45662,Namoc,JAN-25-TNK2,D-3D,CBN 7219,31470,810,11.8,3.87,0.556,0.576,11.25,5.5,83.25,"CBN 7219 net kilos of 31,530  - 60 kilos(MC of mix 61 sacks umog) = 31,470",23.5,739545,371346,121788.9,17497.32,18126.72,354037.5,173085,2619877.5,JAN-25-TNK2
,,,,,,,,,15.2,,,,,,,,,0,0,0,0,0,0,0,0,
,,45664,Paquibot,FEEDING AREA # 1,,KCA 378,17573,443,11.8,2.86,0.575,0.595,12.39,2.24,85.37,"KCA 378  net kilos of 17,605  - 32 kilos(MC of mix 106 sacks umog) = 17,573",25,439325,207361.4,50258.78,10104.475,10455.935,217729.47,39363.52,1500207.01,FEEDING AREA # 1
,,,,,,,,,15.07,,,,,,,,,0,0,0,0,0,0,0,0,
CLOSED,WHSE A,45665,Paquibot,JAN-25-BLK2,A-17A,AAV 6111,18456,454,11.34,2.68,0.578,0.598,12.41,3.17,84.42,"AAV 6111  net kilos of 18,490  - 34 kilos(MC of mix 54 sacks umog) = 18,456",25,461400,209291.04,49462.08,10667.568,11036.688,229038.96,58505.52,1558055.52,JAN-25-BLK2
,,,,,,,,,15.2,,,,,,,,,0,0,0,0,0,0,0,0,
CLOSED,WHSE D,45665,Llanto,DEC-24-BLK6,D-13B,RKJ 477,17723,400,12.07,2.22,0.575,0.595,11.91,4.5,83.59,"RKJ 477net kilos of 17,735 - 0.07%(MC) = 17,723 / PILED IN DECEMBER 2024 # 6",23.5,416490.5,213916.61,39345.06,10190.725,10545.185,211080.93,79753.5,1481465.57,DEC-24-BLK6
CLOSED,WHSE D,45665,Layupan,JAN-25-BLK1,D-18B,NFD 5679,24092,451,17.8,2.92,0.565,0.585,12.6,4.64,82.76,"NFD 5679 net kilos of 25,575 - 5.80%(MC) = 24,092",23.5,566162,428837.6,70348.64,13611.98,14093.82,303559.2,111786.88,1993853.92,JAN-25-BLK1
,,,,,,,,,,,,,,,,,,0,0,0,0,0,0,0,0,
CLOSED,WHSE D,45666,Layupan,JAN-25-BLK3,D-18A,CBQ 5232,20981,415,16.74,2.6,0.568,0.588,11.57,4.39,84.04,"CBQ 5232 net kilos of 22,025 - 4.74%(MC) = 20,981",23.5,493053.5,351221.94,54550.6,11917.208,12336.828,242750.17,92106.59,1763243.24,JAN-25-BLK3
,,,,,,,,,,,,,,,,,,0,0,0,0,0,0,0,0,
CLOSED,WHSE D,45667,Layupan,JAN-25-BLK3,D-18A,NET 6084,17858,386,15,2.6,0.565,0.585,11.18,3.67,85.15,"NET 6084 net kilos of 18,410 - 3.00% (MC) = 17,858",23.5,419663,267870,46430.8,10089.77,10446.93,199652.44,65538.86,1520608.7,JAN-25-BLK3
CLOSED,WHSE D,45667,Namoc,JAN-25-TNK2,D-3D,CAC 2732,30171,795,11.74,3.8,0.552,0.572,10.76,3.17,86.07,"CAC2723 net kilos of 30,265  - 94 kilos(MC and ASH of mix 103 sacks umog) = 30,171",26.5,799531.5,354207.54,114649.8,16654.392,17257.812,324639.96,95642.07,2596817.97,JAN-25-TNK2
,,,,,,,,,13.27,,,,,9.01,,,,0,0,0,0,0,0,0,0,
,,45668,Paquibot,FEEDING AREA # 2,,KCA 378,17995,415,12,2.47,0.575,0.595,12.07,3.47,84.46,DONE FEEDING,25,449875,215940,44447.65,10347.125,10707.025,217199.65,62442.65,1519857.7,FEEDING AREA # 2
,,,,,,,,,,,,,,,,,,0,0,0,0,0,0,0,0,
CLOSED,WHSE A,45670,Paquibot,JAN-25-BLK2,A-17A,AAV 6111,18724,444,12.27,2.6,0.578,0.598,11.1,3.65,85.25,"AAV 6111  net kilos of 18,775  - .27%(MC) = 18,724",25,468100,229743.48,48682.4,10822.472,11196.952,207836.4,68342.6,1596221,JAN-25-BLK2
CLOSED,WHSE D,45670,Llanto,DEC-24-BLK6,D-13B,LFL730,11968,302,12.14,2.74,0.575,0.595,12.29,2.44,85.27,"LFL730 net kilos of 11,985 - .14%(MC) = 11,968 / PILED IN DECEMBER BLOCK 6",23.5,281248,145291.52,32792.32,6881.6,7120.96,147086.72,29201.92,1020511.36,DEC-24-BLK6
CLOSED,WHSE D,45670,Layupan,JAN-25-BLK3,D-18A,NFD 5679,20927,403,15.74,2.8,0.568,0.588,10.93,4.16,84.91,"NFD 5679 net kilos of 21,740 - 3.74%(MC) = 20,927",23.5,491784.5,329390.98,58595.6,11886.536,12305.076,228732.11,87056.32,1776911.57,JAN-25-BLK3
CLOSED,WHSE D,45670,Namoc,JAN-25-TNK3,D-5D,CBN 7219,31560,795,11.27,3.07,0.552,0.572,9.99,4.92,85.09,,26.5,836340,355681.2,96889.2,17421.12,18052.32,315284.4,155275.2,2685440.4,JAN-25-TNK3
,,,,,,,,,,,,,,,,,,0,0,0,0,0,0,0,0,
CLOSED,WHSE A,45671,Paquibot,JAN-25-BLK2,A-17A,KCA 378,16815,450,11.74,2.6,0.571,0.591,11.87,3.74,84.39,,25,420375,197408.1,43719,9601.365,9937.665,199594.05,62888.1,1419017.85,JAN-25-BLK2
,,,,,,,,,,,,,,,,,,0,0,0,0,0,0,0,0,
,,45673,Paquibot,FEEDING AREA # 3,,AAV 6111,18440,413,11.94,2.68,0.575,0.595,12.14,3.76,84.1,DONE FEEDING,25,461000,220173.6,49419.2,10603,10971.8,223861.6,69334.4,1550804,FEEDING AREA # 3
CLOSED,WHSE D,45673,Namoc,JAN-25-TNK3,D-5D,CBV 3567,29391,791,11.2,3.47,0.596,0.616,11,1.7,87.3,"CBJ 3567net kilos of 29,440  - 49 kilos(MC of mix 161 sacks umog) = 29,391",26.5,778861.5,329179.2,101986.77,17517.036,18104.856,323301,49964.7,2565834.3,JAN-25-TNK3
,,,,,,,,,14.94,,,,,,,,,0,0,0,0,0,0,0,0,
CLOSED,WHSE A,45674,Paquibot,JAN-25-BLK2,A-17A,KCA 378,17950,417,12,2.6,0.571,0.591,11.91,1.93,86.16,,25,448750,215400,46670,10249.45,10608.45,213784.5,34643.5,1546572,JAN-25-BLK2
CLOSED,WHSE D,45674,Namoc,JAN-25-TNK4,D-5C,CCN 6007,30610,670,11.6,3.74,0.552,0.572,8.02,2.13,89.85,,26.5,811165,355076,114481.4,16896.72,17508.92,245492.2,65199.3,2750308.5,JAN-25-TNK4
,,,,,,,,,,,,,,,,,,0,0,0,0,0,0,0,0,
CLOSED,WHSE D,45675,Layupan,JAN-25-BLK4,D-17D,CBQ 5232,19597,361,14.6,2.78,0.568,0.588,11.14,3.54,85.32,"CBQ 5232 net kilos of 20,120 - 2.60%(MC) = 19,597",23.5,460529.5,286116.2,54479.66,11131.096,11523.036,218310.58,69373.38,1672016.04,JAN-25-BLK4
,,,,,,,,,,,,,,,,,,0,0,0,0,0,0,0,0,
CLOSED,WHSE D,45677,Layupan,JAN-25-BLK4,D-17D,NFD 5679,17963,367,15.4,2.6,0.562,0.582,10.8,3.87,85.33,"NFD 5679 net kilos of 18,595 - 3.40%(MC) = 17,963",23.5,422130.5,276630.2,46703.8,10095.206,10454.466,194000.4,69516.81,1532782.79,JAN-25-BLK4
CLOSED,WHSE D,45677,Layupan,JAN-25-BLK4,D-17D,NEP 2059,22649,444,19.27,2.8,0.571,0.591,10.76,4.84,84.4,"NEP 2059 netkilos of 24,425 - 7.27%(MC) = 22,649",23.5,532251.5,436446.23,63417.2,12932.579,13385.559,243703.24,109621.16,1911575.6,JAN-25-BLK4
,,,,,,,,,,,,,,,,,,0,0,0,0,0,0,0,0,
CLOSED,WHSE A,45678,Paquibot,JAN-25-BLK5,A-18A,AAV 6111,17455,442,12,2.47,0.578,0.598,11.86,3.7,84.44,,25,436375,209460,43113.85,10088.99,10438.09,207016.3,64583.5,1473900.2,JAN-25-BLK5
,,,,,,,,,,,,,,,,,,0,0,0,0,0,0,0,0,
,,45680,Paquibot,FEEDING AREA # 4,,AAV 6111,17375,482,11.74,2.54,0.568,0.588,11.84,4.02,84.14,DONE FEEDING,25.5,443062.5,203982.5,44132.5,9869,10216.5,205720,69847.5,1461932.5,FEEDING AREA # 4
CLOSED,WHSE D,45680,Tag-at,DEC-24-BLK5,D-8C,KCA 378,15650,486,10.87,2.4,0.578,0.598,12.05,2.54,85.41,PILED IN DECEMBER 2024 # 5,23,359950,170115.5,37560,9045.7,9358.7,188582.5,39751,1336666.5,DEC-24-BLK5
CLOSED,WHSE D,45680,Layupan,JAN-25-BLK6,D-17C,CBQ 5232,23401,499,15,2.6,0.562,0.582,10.94,3.81,85.25,"CBQ 5232 net kilos of 24,125 - 3%(MC) = 23,401",23.5,549923.5,351015,60842.6,13151.362,13619.382,256006.94,89157.81,1994935.25,JAN-25-BLK6
CLOSED,WHSE D,45684,Layupan,JAN-25-BLK4,D-17D,NFD 5679,16957,383,15.27,2.54,0.562,0.582,10.76,4.07,85.17,"NFD 5679 net kilos of 17,530 - 3.27%(MC) = 16,957",23.5,398489.5,258933.39,43070.78,9529.834,9868.974,182457.32,69014.99,1444227.69,JAN-25-BLK4
CLOSED,WHSE A,45685,Paquibot,JAN-25-BLK5,A-18A,KCA 378,17940,431,11.8,2.8,0.571,0.591,12.15,3.75,84.1,,25.5,457470,211692,50232,10243.74,10602.54,217971,67275,1508754,JAN-25-BLK5
CLOSED,WHSE D,45687,Layupan,JAN-25-BLK6,D-17C,CBQ 5232,19354,426,15.47,2.8,0.565,0.585,12.67,3.45,83.88,"CBQ 5232 net kilos of 20,050 - 3.47%(MC) = 19,354",23.5,454819,299406.38,54191.2,10935.01,11322.09,245215.18,66771.3,1623413.52,JAN-25-BLK6
CLOSED,WHSE D,45687,Layupan,JAN-25-BLK6,D-17C,CBQ 8859,11109,226,16.07,2.74,0.562,0.582,10.48,4.32,85.2,"CBQ 8859 net kilos of 11,580 - 4.07%(MC) = 11,109",23.5,261061.5,178521.63,30438.66,6243.258,6465.438,116422.32,47990.88,946486.8,JAN-25-BLK6
CLOSED,WHSE D,45689,Namoc,JAN-25-TNK4,D-5C, CBJ 3567,28700,804,11.34,3.87,0.556,0.576,13.36,4.07,82.57,PILE IN JANUARY TANK 4,26.5,760550,325458,111069,15957.2,16531.2,383432,116809,2369759,JAN-25-TNK4
CLOSED,FEED,45691,Paquibot,FEB-25-FEED1,, AAV 6111,17935,437,11.94,2.6,0.571,0.591,12.02,2.54,85.44,STARTING FEEDING YESTERDAY,25.5,457342.5,214143.9,46631,10240.885,10599.585,215578.7,45554.9,1532366.4,FEB-25-FEED1
CLOSED,WHSE D,45691,Layupan,FEB-25-BLK1,D-17B,CBQ 5232,19762,498,15.6,2.74,0.568,0.588,12.06,3.88,84.06,"CBQ 5232 net kilos of 20,500 - 3.60%(MC) = 19,762",24,474288,308287.2,54147.88,11224.816,11620.056,238329.72,76676.56,1661193.72,FEB-25-BLK1
CLOSED,WHSE D,45691,Layupan,FEB-25-BLK1,D-17B,NFD 5679,20610,378,15.87,2.8,0.562,0.582,11.14,3.79,85.07,"NFD 5679 net kilos of 21,440 - 3.87%(MC) = 20,610",24,494640,327080.7,57708,11582.82,11995.02,229595.4,78111.9,1753292.7,FEB-25-BLK1
CLOSED,WHSE A,45693,Paquibot,JAN-25-BLK5,A-18A,KCA 378,17435,437,11.6,2.68,0.578,0.598,11.88,2.74,85.38,,25.5,444592.5,202246,46725.8,10077.43,10426.13,207127.8,47771.9,1488600.3,JAN-25-BLK5
CLOSED,WHSE D,45693,Namoc,FEB-25-TNK1,D-1D,CAC 2732,29350,810,8.94,2.6,0.559,0.579,12.14,3.14,84.72,,26.5,777775,262389,76310,16406.65,16993.65,356309,92159,2486532,FEB-25-TNK1
CLOSED,WHSE D,45694,Tag-at,FEB-25-BLK2,D-8B,AAV 6111,16505,530,9.87,2.34,0.581,0.601,12.27,2.54,85.19,DONE,24,396120,162904.35,38621.7,9589.405,9919.505,202516.35,41922.7,1406060.95,FEB-25-BLK2
CLOSED,WHSE D,45696,Layupan,FEB-25-BLK1,D-17B,NFD 5679,21808,453,15.14,2.8,0.565,0.585,12.8,3.69,83.51,"NFD 5679 net kilos of 22,515 - 3.14%(MC) = 21,808",24,523392,330173.12,61062.4,12321.52,12757.68,279142.4,80471.52,1821186.08,FEB-25-BLK1
CLOSED,FEED,45699,Paquibot,FEB-25-FEED2,,KCA 378,16958,437,12.07,2.27,0.575,0.595,11.85,3.27,84.88,"KCA 378 net kilos of 16,970 - 0.07%(MC) = 16,958 / DONE",27.5,466345,204683.06,38494.66,9750.85,10090.01,200952.3,55452.66,1439395.04,FEB-25-FEED2
CLOSED,WHSE D,45699,Layupan,FEB-25-BLK3,D-17A,CBQ 5232,20840,444,15.34,2.74,0.568,0.588,11.14,4.67,84.19,"CBQ 5232 net kilos of 21,560 - 3.34%(MC) = 20,840",24,500160,319685.6,57101.6,11837.12,12253.92,232157.6,97322.8,1754519.6,FEB-25-BLK3
CLOSED,WHSE D,45701,Layupan,FEB-25-BLK3,D-17A,NEP 2059,22481,443,18.6,2.6,0.571,0.591,10.7,4.34,84.96,"NEP2059 net kilos of 24,070 - 6.60%(MC)=22,481",24,539544,418146.6,58450.6,12836.651,13286.271,240546.7,97567.54,1909985.76,FEB-25-BLK3
CLOSED,WHSE D,45702,Layupan,FEB-25-BLK3,D-17A,NFD 5679,20428,463,15.07,2.34,0.575,0.595,11.66,3.22,85.12,"NFD 5679 net kilos of 21,075 - 3.07%(MC) = 20,428",24,490272,307849.96,47801.52,11746.1,12154.66,238190.48,65778.16,1738831.36,FEB-25-BLK3
CLOSED,WHSE D,45702,Namoc,FEB-25-TNK1,D-1D,CBJ 3567,33430,830,11.87,3.47,0.552,0.572,12.07,3.53,84.4,,26.5,885895,396814.1,116002.1,18453.36,19121.96,403500.1,118007.9,2821492,FEB-25-TNK1
CLOSED,FEED,45703,Paquibot,FEB-25-FEED3,,AAV 6111,14859,442,12.14,2.6,0.565,0.585,12.78,2.84,84.38,"AAV 6111 net kilos of 14880 - 0.14%(MC) = 14,859 /DONE",27.5,408622.5,180388.26,38633.4,8395.335,8692.515,189898.02,42199.56,1253802.42,FEB-25-FEED3
CLOSED,WHSE D,45703,Tag-at,FEB-25-BLK4,D-7D,KCA 378,17360,529,11.4,2.74,0.578,0.598,13.4,3.08,83.52,,27,468720,197904,47566.4,10034.08,10381.28,232624,53468.8,1449907.2,FEB-25-BLK4
CLOSED,WHSE A,45705,Paquibot,JAN-25-BLK5,A-18A,AAV 6111,17080,469,10.14,2.34,0.585,0.605,12.25,2.87,84.88,,27.5,469700,173191.2,39967.2,9991.8,10333.4,209230,49019.6,1449750.4,JAN-25-BLK5
CLOSED,WHSE D,45705,Layupan,FEB-25-BLK5,D-20D,NFD 5679,22842,451,15.54,2.47,0.565,0.585,12.32,3.78,83.9,"NFD 5679 net kilos of 23,680 - 3.54%(MC) = 22,842",24,548208,354964.68,56419.74,12905.73,13362.57,281413.44,86342.76,1916443.8,FEB-25-BLK5
CLOSED,WHSE D,45706,Layupan,FEB-25-BLK5,D-20D,NET 6084,17692,440,15.4,2.47,0.571,0.591,11.67,3.71,84.62,"NET6084 net kilos of 18,315 - 3.40%(MC) = 17,692",24,424608,272456.8,43699.24,10102.132,10455.972,206465.64,65637.32,1497097.04,FEB-25-BLK5
CLOSED,WHSE A,45707,Paquibot,FEB-25-BLK6,A-19A,AAV 6111,16730,442,11.8,2.6,0.565,0.591,11.27,3.26,85.47,"AAV 6111 net kilos of 16,740 - 10kilos(MC) = 16,730",27.5,460075,197414,43498,9452.45,9887.43,188547.1,54539.8,1429913.1,FEB-25-BLK6
CLOSED,WHSE D,45708,Tag-at,FEB-25-BLK4,D-7D,KCA 378,17215,500,11.6,2.7,0.581,0.601,14.18,4.16,81.66,,27,464805,199694,46480.5,10001.915,10346.215,244108.7,71614.4,1405776.9,FEB-25-BLK4
CLOSED,WHSE D,45708,Layupan,FEB-25-BLK5,D-20D,NFD 5679,22148,460,15.87,2.74,0.571,0.591,10.79,4.56,84.65,"NFD 5679 net kilos of 23,040 - 3.87%(MC) = 22,148",24,531552,351488.76,60685.52,12646.508,13089.468,238976.92,100994.88,1874828.2,FEB-25-BLK5
CLOSED,WHSE D,45708,Namoc,FEB-25-TNK2,D-1C,CBN7219,31785,780,10.6,3.8,0.559,0.579,12.06,5.58,82.36,"CBN7219 net kilos of 31,815 - 30kilos (MC) = 31,785",28,889980,336921,120783,17767.815,18403.515,383327.1,177360.3,2617812.6,FEB-25-TNK2
CLOSED,WHSE D,45709,Tag-at,FEB-25-BLK4,D-7D,AAV 6111,17305,467,11.8,2.4,0.581,0.601,11.96,3.14,84.9,,27,467235,204199,41532,10054.205,10400.305,206967.8,54337.7,1469194.5,FEB-25-BLK4
CLOSED,WHSE D,45709,Namoc,FEB-25-TNK2,D-1C,CBJ 3567,29230,740,11.14,3.8,0.556,0.576,10.14,4.8,85.06,,28,818440,325622.2,111074,16251.88,16836.48,296392.2,140304,2486303.8,FEB-25-TNK2
CLOSED,FEED,45712,Paquibot,FEB-25-FEED4,,KCA 378,17255,443,11.4,2.27,0.575,0.595,12.26,2.94,84.8,,28,483140,196707,39168.85,9921.625,10266.725,211546.3,50729.7,1463224,FEB-25-FEED4
CLOSED,WHSE D,45712,Layupan,FEB-25-BLK7,D-20C,NET 6084,18735,378,12.2,2.88,0.562,0.601,11.14,3.48,85.38,"NET6084 net kilos of 19,240 - 505kilos(MC) = 18,735",24,449640,228567,53956.8,10529.07,11259.735,208707.9,65197.8,1599594.3,FEB-25-BLK7
CLOSED,WHSE D,45712,Namoc,FEB-25-TNK3,D-1B,CBN7219,30300,795,11,3.54,0.549,0.569,10.65,3.65,85.7,,28,848400,333300,107262,16634.7,17240.7,322695,110595,2596710,FEB-25-TNK3
CLOSED,WHSE A,45714,Paquibot,FEB-25-BLK6,A-19A,AAV 6111,15330,486,11.47,2.4,0.585,0.605,12.46,3.12,84.42,,28,429240,175835.1,36792,8968.05,9274.65,191011.8,47829.6,1294158.6,FEB-25-BLK6
CLOSED,WHSE A,45714,Paquibot,FEB-25-BLK6,A-19A,KCA 378,15890,431,11.27,2.54,0.578,0.598,12.26,3.8,83.94,,28,444920,179080.3,40360.6,9184.42,9502.22,194811.4,60382,1333806.6,FEB-25-BLK6
CLOSED,WHSE D,45714,Layupan,FEB-25-BLK7,D-20C,NFD 5679,23950,524,15.27,2.74,0.568,0.588,10.94,3.88,85.18,"NFD5679 net kilos of 24,760 - 3.27%(MC) = 23,950",24,574800,365716.5,65623,13603.6,14082.6,262013,92926,2040061,FEB-25-BLK7
CLOSED,WHSE D,45714,Layupan,FEB-25-BLK7,D-20C,CAK 6292,22558,423,18.34,2.6,0.562,0.582,9.66,4.1,86.24,"CAK 6292 net kilos of 24,085-6.34%(MC) = 22,558",24,541392,413713.72,58650.8,12677.596,13128.756,217910.28,92487.8,1945401.92,FEB-25-BLK7
CLOSED,WHSE D,45716,Tag-at,FEB-25-BLK8,D-7C,AAV 6111,18435,532,11.74,2.8,0.575,0.595,13.36,2.86,83.78,,27,497745,216426.9,51618,10600.125,10968.825,246291.6,52724.1,1544484.3,FEB-25-BLK8
CLOSED,WHSE D,45717,Layupan,MARCH-25-BLK1,D-20B,NET 6084,19427,527,15.8,2.74,0.571,0.591,10.74,3.88,85.38,"NET 6084 net kilos of 20,195 kg - 768 kilos (3.80 MC) = 19,427",24,466248,306946.6,53229.98,11092.817,11481.357,208645.98,75376.76,1658677.26,MARCH-25-BLK1
CLOSED,WHSE A,45720,Paquibot,FEB-25-BLK6,A-19A,KCA 378,17135,493,11.74,2.6,0.565,0.585,12.45,3.37,84.18,PILED IN FEBRUARY BLOCK 6,28,479780,201164.9,44551,9681.275,10023.975,213330.75,57744.95,1442424.3,FEB-25-BLK6
CLOSED,WHSE D,45720,Layupan,MARCH-25-BLK1,D-20B,NET 6084,20894,485,15.87,2.74,0.562,0.582,11.14,4.25,84.61,"NET 6084 net kilos of 21,735 kg - 3.87% ( MC) = 20,894",24,501456,331587.78,57249.56,11742.428,12160.308,232759.16,88799.5,1767841.34,MARCH-25-BLK1
CLOSED,WHSE D,45720,Namoc,FEB-25-TNK3,D-1B,CCN 6007,30896,805,12.14,3.8,0.552,0.572,10.54,4.88,84.58,"CCN 6007 net kilos of 30,940 - .14%(MC) = 30,896  / PILED IN FEBRUARY TANK 3",28,865088,375077.44,117404.8,17054.592,17672.512,325643.84,150772.48,2613183.68,FEB-25-TNK3
CLOSED,WHSE D,45722,Llanto ,DEC-24-BLK6,D-13B,ALA  9958,15420,447,11.07,2.54,0.581,0.601,12.31,3.04,84.65,PILED IN DECEMBER 2024 BLOCK 6,26,400920,170699.4,39166.8,8959.02,9267.42,189820.2,46876.8,1305303,DEC-24-BLK6
CLOSED,WHSE C,45722,Ornales ,MARCH-25-BLK2,C-1A,LFF 835,10480,380,9.8,2.34,0.585,0.605,13.58,2.75,83.67,,29,303920,102704,24523.2,6130.8,6340.4,142318.4,28820,876861.6,MARCH-25-BLK2
CLOSED,WHSE D,45722,Layupan,MARCH-25-BLK1,D-20B,NFD 5679,23049,531,15.74,2.6,0.568,0.588,11.16,4.61,84.23,"NFD5679 net kilos of 23,945 - 3.74%(MC) = 23,049",25.5,587749.5,362791.26,59927.4,13091.832,13552.812,257226.84,106255.89,1941417.27,MARCH-25-BLK1
CLOSED,FEED,45723,Paquibot,MARCH-25-FEED1,,AAV 6111,16790,437,11.74,2.4,0.575,0.595,12.35,3.72,83.93,DONE FEEDING,28,470120,197114.6,40296,9654.25,9990.05,207356.5,62458.8,1409184.7,MARCH-25-FEED1
CLOSED,WHSE D,45724,Namoc,MARCH-25-TNK1,D-5D,CCN 6007,31649,805,11.8,3.74,0.5738,0.5938,9.76,5.27,84.97,"CCN 6007 net kilos of 31,735 - .27%(ASH) = 31,649",29,917821,373458.2,118367.26,18160.1962,18793.1762,308894.24,166790.23,2689215.53,MARCH-25-TNK1
CLOSED,WHSE D,45726,Layupan,MARCH-25-BLK3,D-19D,NET 6084,20596,455,15.87,2.27,0.571,0.591,10.88,4.14,84.98,"NET 6084 net kilos of 21,425 kg - 3.87% ( MC) = 20,596",25.5,525198,326858.52,46752.92,11760.316,12172.236,224084.48,85267.44,1750248.08,MARCH-25-BLK3
CLOSED,WHSE A,45727,Paquibot,MARCH-25-BLK4,A-19B,AAV 6111,16663,370,11.47,2.6,0.571,0.591,12.28,3.74,83.98,"AAV 6111 net kilos of 16,860  - 197 kilos(MC of mix 141 sacks umog) = 16,663",29,483227,191124.61,43323.8,9514.573,9847.833,204621.64,62319.62,1399358.74,MARCH-25-BLK4
CLOSED,WHSE D,45727,Tag-at,FEB-25-BLK8,D-7C,KCA 378,16495,499,11.07,2.4,0.578,0.598,12.53,3.48,83.99,PILED IN FEBRUARY BLOCK 8,28,461860,182599.65,39588,9534.11,9864.01,206682.35,57402.6,1385415.05,FEB-25-BLK8
CLOSED,WHSE D,45728,Tag-at,FEB-25-BLK8,D-7C,AAV 6111,18510,516,10.34,2.4,0.581,0.601,10.3,3.37,86.33,PILED IN FEBRUARY BLOCK 8,28,518280,191393.4,44424,10754.31,11124.51,190653,62378.7,1597968.3,FEB-25-BLK8
CLOSED,WHSE D,45729,Layupan,MARCH-25-BLK3,D-19D,NFD 5679,24159,435,15.94,2.6,0.568,0.588,11.43,3.85,84.72,"NFD5679 net kilos of 25,150 - 3.94%(MC) = 24,159",25.5,616054.5,385094.46,62813.4,13722.312,14205.492,276137.37,93012.15,2046750.48,MARCH-25-BLK3
CLOSED,FEED,45730,Paquibot,MARCH-25-FEED2,,KCA 378,17144,437,11.8,2.47,0.575,0.595,11.86,3.41,84.73,"KCA 378 net kilos of 17,160  - 16 kilos(MC of mix 32 sacks umog) = 17,144 / FEED",29,497176,202299.2,42345.68,9857.8,10200.68,203327.84,58461.04,1452611.12,MARCH-25-FEED2
CLOSED,WHSE D,45730,Layupan,MARCH-25-BLK3,D-19D,NET 6084,21669,449,15.8,2.54,0.568,0.588,10.99,3.95,85.06,"NET 6084 net kilos of 22,525 kg - 856 kilos (3.80% MC) = 21,669",25.5,552559.5,342370.2,55039.26,12307.992,12741.372,238142.31,85592.55,1843165.14,MARCH-25-BLK3
CLOSED,WHSE A,45731,Paquibot,MARCH-25-BLK4,A-19B,AAV 6111,15825,429,11.74,2.34,0.575,0.595,11.94,2.72,85.34,,29,458925,185785.5,37030.5,9099.375,9415.875,188950.5,43044,1350505.5,MARCH-25-BLK4
CLOSED,WHSE C,45731,Ornales ,MARCH-25-BLK2,C-1A,LFF 835,10810,386,8.8,2.54,0.585,0.605,16.64,1.82,81.54,,30,324300,95128,27457.4,6323.85,6540.05,179878.4,19674.2,881447.4,MARCH-25-BLK2
CLOSED,WHSE D,45731,Namoc,MARCH-25-TNK2,D-5C,CCN 6007,29660,760,11.07,3.6,0.556,0.576,13.24,3.7,83.06,,30,889800,328336.2,106776,16490.96,17084.16,392698.4,109742,2463559.6,MARCH-25-TNK2
CLOSED,WHSE D,45733,Tag-at,MARCH-25-BLK5,D-7B,KCA 378,18735,523,10.8,2.47,0.581,0.601,13.44,3.68,82.88,,28,524580,202338,46275.45,10885.035,11259.735,251798.4,68944.8,1552756.8,MARCH-25-BLK5
CLOSED,WHSE D,45733,Namoc,MARCH-25-TNK2,D-5C,CAC 2732,30061,798,11.2,3.54,0.556,0.576,12.62,6.39,80.99,"CAC2732 net kilos of 30,485 kg - 1.39%(ash) = 30,061",30,901830,336683.2,106415.94,16713.916,17315.136,379369.82,192089.79,2434640.39,MARCH-25-TNK2
CLOSED,WHSE D,45733,Layupan,MARCH-25-BLK6,D-19C,NFD 5679,20612,453,19.07,2.54,0.568,0.588,11.12,4.35,84.53,"NFD5679 net kilos of 22,180 - 7.07%(MC) = 20,612",25.5,525606,393070.84,52354.48,11707.616,12119.856,229205.44,89662.2,1742332.36,MARCH-25-BLK6
CLOSED,WHSE C,45734,Ornales ,MARCH-25-BLK2,C-1A,MDK 429,4405,250,5.87,1.1,0.584666667,0.604666667,14.83333333,2.12,83.04666667,,32,140960,25857.35,4845.5,2575.456667,2663.556667,65340.83333,9338.6,365820.5667,MARCH-25-BLK2
CLOSED,WHSE D,45734,Ornales ,MARCH-25-BLK7,D-9A,LFF 835,11355,285,6.74,0.45,0.588,0.608,13.34,2.006666667,84.65333333,,30,340650,76532.7,5109.75,6676.74,6903.84,151475.7,22785.7,961238.6,MARCH-25-BLK7
CLOSED,WHSE A,45735,Paquibot,MARCH-25-BLK8,A-19C,AAV 6111,17320,440,11.6,2.4,0.578,0.598,12.06,3.43,84.51,,30,519600,200912,41568,10010.96,10357.36,208879.2,59407.6,1463713.2,MARCH-25-BLK8
CLOSED,WHSE A,45735,Paquibot,MARCH-25-BLK8,A-19C,KCA 378,17080,443,11.4,2.47,0.575,0.595,12.23,3.67,84.1,,30,512400,194712,42187.6,9821,10162.6,208888.4,62683.6,1436428,MARCH-25-BLK8
CLOSED,WHSE C,45735,Ornales ,MARCH-25-BLK2,C-1A,LFF 835,10650,410,6.6,1.14,0.585,0.605,13.86,2.95,83.19,,30,319500,70290,12141,6230.25,6443.25,147609,31417.5,885973.5,MARCH-25-BLK2
CLOSED,WHSE A,45736,Paquibot,MARCH-25-BLK4,A-19B,AAV 6111,17700,473,11.74,2.54,0.581,0.601,12.61,3.88,83.51,,30,531000,207798,44958,10283.7,10637.7,223197,68676,1478127,MARCH-25-BLK4
CLOSED,WHSE D,45736,Tag-at,MARCH-25-BLK5,D-7B,KCA 378,18925,505,11.54,2.8,0.578,0.598,16.09,3.87,80.04,,30,567750,218394.5,52990,10938.65,11317.15,304503.25,73239.75,1514757,MARCH-25-BLK5
CLOSED,WHSE D,45737,Namoc,MARCH-25-TNK3,D-1D,CAC 2732,30685,786,11.8,3.74,0.546,0.566,11.81,4.04,84.15,,30,920550,362083,114761.9,16754.01,17367.71,362389.85,123967.4,2582142.75,MARCH-25-TNK3
CLOSED,WHSE D,45737,Layupan,MARCH-25-BLK6,D-19C,NET 6084,17594,393,16.07,2.6,0.571,0.591,10.99,4.54,84.47,"NET 6084 net kilos of 18,340 kg - 746 kilos (4.07% MC) = 17,594",25.5,448647,282735.58,45744.4,10046.174,10398.054,193358.06,79876.76,1486165.18,MARCH-25-BLK6
CLOSED,WHSE A,45740,Paquibot,MARCH-25-BLK4,A-19B,AAV 6111,17240,545,9.8,2.27,0.581,0.601,12.25,3.53,84.22,,30,517200,168952,39134.8,10016.44,10361.24,211190,60857.2,1451952.8,MARCH-25-BLK4
CLOSED,WHSE D,45740,Layupan,MARCH-25-BLK6,D-19C,NFD 5679,22050,481,15.14,2.47,0.568,0.588,11.14,3.83,85.03,"NFD5679 net kilos of 22,765 - 3.14%(MC) = 22,050",25.5,562275,333837,54463.5,12524.4,12965.4,245637,84451.5,1874911.5,MARCH-25-BLK6
CLOSED,WHSE D,45741,Tag-at,MARCH-25-BLK5,D-7B,AAV 6111,19405,512,11.2,2.8,0.578,0.598,11.62,3.09,85.29,,30,582150,217336,54334,11216.09,11604.19,225486.1,59961.45,1655052.45,MARCH-25-BLK5
CLOSED,WHSE A,45742,Paquibot,MARCH-25-BLK10,A-17B,MAN 3625,21315,490,9.8,2.47,0.578,0.598,12.46,3.17,84.37,,31,660765,208887,52648.05,12320.07,12746.37,265584.9,67568.55,1798346.55,MARCH-25-BLK10
CLOSED,WHSE D,45742,Tag-at,MARCH-25-BLK9,D-8D,AAV 6111,16845,466,11.94,2.6,0.581,0.601,14.21,4,81.79,,30,505350,201129.3,43797,9786.945,10123.845,239367.45,67380,1377752.55,MARCH-25-BLK9
CLOSED,WHSE C,45742,Ornales ,MARCH-25-BLK11,C-1B,LFF 835,9930,426,7.94,2.14,0.585,0.605,13.75,2.94,83.31,,31,307830,78844.2,21250.2,5809.05,6007.65,136537.5,29194.2,827268.3,MARCH-25-BLK11
CLOSED,WHSE A,45743,Paquibot,MARCH-25-BLK10,A-17B,MAN 3625,18665,458,11.87,2.34,0.581,0.601,12.32,3.54,84.14,,30,559950,221553.55,43676.1,10844.365,11217.665,229952.8,66074.1,1570473.1,MARCH-25-BLK10
CLOSED,WHSE D,45743,Layupan,MARCH-25-BLK12,D-19B,NET 6084,20274,485,15.87,2.54,0.568,0.588,11.25,4.38,84.37,"NET 6084 net kilos of 21,090 kg - 816 kilos (3.87% MC) = 20,274",25.5,516987,321748.38,51495.96,11515.632,11921.112,228082.5,88800.12,1710517.38,MARCH-25-BLK12
CLOSED,WHSE A,45744,Paquibot,MARCH-25-BLK8,A-19C,KCA 378,13390,308,11.74,2.6,0.578,0.598,12.38,3.52,84.1,,30,401700,157198.6,34814,7739.42,8007.22,165768.2,47132.8,1126099,MARCH-25-BLK8
CLOSED,WHSE D,45744,Layupan,MARCH-25-BLK12,D-19B,NFD 5679,21932,460,16.27,2.74,0.568,0.588,10.65,4.5,84.85,"NFD5679 net kilos of 22,910 - 4.27%(MC) = 21,932",25.5,559266,356833.64,60093.68,12457.376,12896.016,233575.8,98694,1860930.2,MARCH-25-BLK12
CLOSED,WHSE C,45745,Ornales ,MARCH-25-BLK11,C-1B,LFF 835,11485,360,9.6,2.2,0.581,0.601,14.19,3.74,82.07,,31,356035,110256,25267,6672.785,6902.485,162972.15,42953.9,942573.95,MARCH-25-BLK11
CLOSED,WHSE D,45745,Layupan,MARCH-25-BLK12,D-19B,NET 6084,18975,403,15.8,2.34,0.565,0.585,11.86,4.13,84.01,,27,512325,299805,44401.5,10720.875,11100.375,225043.5,78366.75,1594089.75,MARCH-25-BLK12
CLOSED,WHSE D,45745,Namoc,MARCH-25-TNK4,D-5D,CBN 7219,34291,810,12.14,3.74,0.546,0.566,13.61,17.84,68.55,"CBN 7219 net kilos of 35,720 - 4%(ASH) = 34,291",30.5,1045875.5,416292.74,128248.34,18722.886,19408.706,466700.51,611751.44,2350648.05,MARCH-25-TNK4
CLOSED,WHSE C,45747,Ornales,MARCH-25-BLK11,C-1B,AAV 6111,18490,487,7.07,2.14,0.585,0.605,14.16,3.48,82.36,PILED IN MARCH BLOCK 11,31,573190,130724.3,39568.6,10816.65,11186.45,261818.4,64345.2,1522836.4,MARCH-25-BLK11
CLOSED,WHSE D,45748,Tag-at,MARCH-25-BLK9,D-8D,KCA 378,18180,470,11.87,2.4,0.578,0.598,10.42,4.31,85.27,PILED IN MARCH BLOCK 09,30,545400,215796.6,43632,10508.04,10871.64,189435.6,78355.8,1550208.6,MARCH-25-BLK9
CLOSED,FEED,45748,Paquibot,APRIL-25-FEED1,,AAV 6111,16140,403,11.74,2.34,0.575,0.595,11.85,3.96,84.19,FOR FEEDING,30,484200,189483.6,37767.6,9280.5,9603.3,191259,63914.4,1358826.6,APRIL-25-FEED1
CLOSED,WHSE C,45748,Ornales,MARCH-25-BLK11,C-1B,LFF 835,10425,315,11.14,2.07,0.581,0.601,11.94,3.25,84.81,PILED IN MARCH BLOCK 11,31,323175,116134.5,21579.75,6056.925,6265.425,124474.5,33881.25,884144.25,MARCH-25-BLK11
CLOSED,WHSE D,45748,Namoc,MARCH-25-TNK4,D-5D,CBN 6007,30370,760,11.4,3.54,0.549,0.569,12.06,21.15,66.79,PILED IN MARCH TANK 4,30.5,926285,346218,107509.8,16673.13,17280.53,366262.2,642325.5,2028412.3,MARCH-25-TNK4
CLOSED,WHSE A,45750,Paquibot,MARCH-25-BLK10,A-17B,AAV 6111,16960,452,11.34,2.47,0.578,0.598,11.71,3.93,84.36,PILED IN MARCH BLOCK 10,30,508800,192326.4,41891.2,9802.88,10142.08,198601.6,66652.8,1430745.6,MARCH-25-BLK10
CLOSED,WHSE D,45750,Tag-at,MARCH-25-BLK9,D-8D,KCA 378,18827,471,11.14,2.6,0.581,0.601,13.05,3.33,83.62,"KCA 378 net kilos of 18,855 -2.07% (MC of mixed 36 bags) = 18,827  / PILED IN MARCH 2025 BLOCK 9",30,564810,209732.78,48950.2,10938.487,11315.027,245692.35,62693.91,1574313.74,MARCH-25-BLK9
CLOSED,WHSE D,45750,Tag-at,MARCH-25-BLK9,D-8D,KCA 378,18827,36,14.07,2.6,0.581,0.601,13.05,3.33,83.62,,30,564810,264895.89,48950.2,10938.487,11315.027,245692.35,62693.91,1574313.74,MARCH-25-BLK9
CLOSED,WHSE D,45751,Paquibot,APRIL-25-BLK1,D-11D,MAN3625,18765,548,8.74,2.54,0.578,0.598,12.98,2.37,84.65,,31,581715,164006.1,47663.1,10846.17,11221.47,243569.7,44473.05,1588457.25,APRIL-25-BLK1
CLOSED,WHSE C,45751,Ornales,APRIL-25-BLK3,C-2A,LFF 835,10785,378,8.34,2.14,0.581,0.601,13.34,3.03,83.63,,31,334335,89946.9,23079.9,6266.085,6481.785,143871.9,32678.55,901949.55,APRIL-25-BLK3
CLOSED,WHSE C,45751,Olivares,APRIL-25-BLK2,C-5A,GJB 623,6275,208,7.34,2.34,0.578,0.598,17.25,2.79,79.96,,30,188250,46058.5,14683.5,3626.95,3752.45,108243.75,17507.25,501749,APRIL-25-BLK2
CLOSED,WHSE A,45754,Paquibot,MARCH-25-BLK10,A-17B,KCA 378,16185,431,11.6,2.54,0.578,0.598,11.55,3.87,84.58,PILED IN MARCH BLOCK 10,31,501735,187746,41109.9,9354.93,9678.63,186936.75,62635.95,1368927.3,MARCH-25-BLK10
CLOSED,WHSE C,45754,Ornales,APRIL-25-BLK3,C-2A,LFF 835,11475,345,8.54,1.4,0.581,0.601,13.44,3.35,83.21,,31,355725,97996.5,16065,6666.975,6896.475,154224,38441.25,954834.75,APRIL-25-BLK3
CLOSED,FEED,45755,Layupan,APRIL-25-FEED2,,NET6084,13786,351,11.87,2.47,0.565,0.585,11.98,3.38,84.64,DONE FEEDING,31,427366,163639.82,34051.42,7789.09,8064.81,165156.28,46596.68,1166847.04,APRIL-25-FEED2
CLOSED,WHSE D,45755,Layupan,FEB-25-BLK3,D-17A,NET6084,1416,37,21.94,2.47,0.565,0.585,11.98,3.38,84.64,"NET 6084 net kilos of 1,539 wet - 8% MC = 1,416 / piled in February 2025 block 3",27,38232,31067.04,3497.52,800.04,828.36,16963.68,4786.08,119850.24,FEB-25-BLK3
CLOSED,WHSE D,45756,Llanto,APRIL-25-BLK4,D-12D,RGY 775,9683,241,12.07,2.54,0.578,0.598,11.94,3.83,84.23,"RGY775 net kilos of 9,690 - 0.07%(MC) = 9,683",30.5,295331.5,116873.81,24594.82,5596.774,5790.434,115615.02,37085.89,815599.09,APRIL-25-BLK4
CLOSED,WHSE A,45757,Paquibot,APRIL-25-BLK5,A-18B,AAV 6111,17360,446,11.6,2.34,0.575,0.595,12.12,3.27,84.61,,31,538160,201376,40622.4,9982,10329.2,210403.2,56767.2,1468829.6,APRIL-25-BLK5
CLOSED,WHSE C,45757,Ornales,APRIL-25-BLK3,C-2A,LFF 835,10025,285,6.8,2.2,0.581,0.601,14.13,2.98,82.89,,31,310775,68170,22055,5824.525,6025.025,141653.25,29874.5,830972.25,APRIL-25-BLK3
CLOSED,WHSE D,45758,Tag-at,MARCH-25-BLK9,D-8D,AAV 6111,18730,516,11.74,2.54,0.581,0.601,13.83,3.1,83.07,,31.5,589995,219890.2,47574.2,10882.13,11256.73,259035.9,58063,1555901.1,MARCH-25-BLK9
CLOSED,FEED,45758,Layupan,APRIL-25-FEED3,,NFD 5679,16790,390,11.74,2.6,0.568,0.588,12.06,3.67,84.27,FEEDING,31,520490,197114.6,43654,9536.72,9872.52,202487.4,61619.3,1414893.3,APRIL-25-FEED3
CLOSED,WHSE D,45758,Layupan,APRIL-25-BLK6,D-20A,NET6084,17486,550,15.94,2.74,0.578,0.598,11.14,4.54,84.32,"NET 6084 net kilos of 18,215 - 4% MC = 17,486",27,472122,278726.84,47911.64,10106.908,10456.628,194794.04,79386.44,1474419.52,APRIL-25-BLK6
CLOSED,WHSE C,45761,Ornales,APRIL-25-BLK3,C-2A,LFF 834,11055,348,6.4,2.4,0.585,0.605,13.59,3.46,82.95,,32,353760,70752,26532,6467.175,6688.275,150237.45,38250.3,917012.25,APRIL-25-BLK3
CLOSED,WHSE A,45762,Paquibot,APRIL-25-BLK5,A-18B,MAN3625,22155,537,11.2,2.47,0.585,0.605,12.88,3.76,83.36,,32,708960,248136,54722.85,12960.675,13403.775,285356.4,83302.8,1846840.8,APRIL-25-BLK5
CLOSED,WHSE D,45762,Tag-at,APRIL-25-BLK7,D-8C,KCA 378,19610,600,11.67,2.67,0.581,0.601,12.47,3.58,83.95,,31.5,617715,228848.7,52358.7,11393.41,11785.61,244536.7,70203.8,1646259.5,APRIL-25-BLK7
CLOSED,WHSE D,45762,Namoc,APRIL-25-TNK1,D-5C,AMA 1979,31300,787,9.94,3.4,0.549,0.569,12.56,4.79,82.65,,32,1001600,311122,106420,17183.7,17809.7,393128,149927,2586945,APRIL-25-TNK1
CLOSED,WHSE D,45763,Paquibot,APRIL-25-BLK1,D-11D,MAN3625,20060,520,11.34,2.34,0.581,0.601,13.67,2.89,83.44,,33.5,672010,227480.4,46940.4,11654.86,12056.06,274220.2,57973.4,1673806.4,APRIL-25-BLK1
CLOSED,WHSE D,45768,Tag-at,APRIL-25-BLK7,D-8C,AAV 6111,19020,568,12.6,2.68,0.578,0.598,12.33,3.87,83.8,"AAV 6111 net kilos of 19,135 -.60% (MC) = 19,020",31.5,599130,239652,50973.6,10993.56,11373.96,234516.6,73607.4,1593876,APRIL-25-BLK7
CLOSED,WHSE C,45769,Ornales,APRIL-25-BLK8,C-2B,AAV 6111,16840,552,7.14,2.77,0.581,0.601,14.68,3.2,82.12, ,32.5,547300,120237.6,46646.8,9784.04,10120.84,247211.2,53888,1382900.8,APRIL-25-BLK8
CLOSED,WHSE C,45770,Ornales,APRIL-25-BLK8,C-2B,LFF 835,12445,315,9.27,2.2,0.585,0.605,13.19,2.13,84.68,,32,398240,115365.15,27379,7280.325,7529.225,164149.55,26507.85,1053842.6,APRIL-25-BLK8
CLOSED,WHSE C,45770,Paquibot,APRIL-25-BLK9,C-17B,AAV 6111,17135,447,10.8,2.6,0.578,0.598,14.57,3.49,81.94,,31,531185,185058,44551,9904.03,10246.73,249656.95,59801.15,1404041.9,APRIL-25-BLK9
CLOSED,FEED,45771,Paquibot,APRIL-25-FEED4,,MAN3625,20650,516,11.2,2.4,0.585,0.605,12.29,2.63,85.08,DONE FEEDING,33.5,691775,231280,49560,12080.25,12493.25,253788.5,54309.5,1756902,APRIL-25-FEED4
CLOSED,WHSE D,45771,Tag-at,APRIL-25-BLK7,D-8C,AAV 6111,21005,612,11.6,2.34,0.578,0.598,12.45,2.2,85.35,,31.5,661657.5,243658,49151.7,12140.89,12560.99,261512.25,46211,1792776.75,APRIL-25-BLK7
CLOSED,WHSE C,45771,Ornales,APRIL-25-BLK3,C-2A,LFF 835,11175,335,7.54,2.2,0.575,0.595,12.71,4.17,83.12,,33,368775,84259.5,24585,6425.625,6649.125,142034.25,46599.75,928866,APRIL-25-BLK3
CLOSED,WHSE D,45771,Layupan,APRIL-25-BLK10,D-15D,NFD 5679,16380,432,12.34,2.6,0.568,0.588,11.96,4.48,83.56,MANAY,31,507780,202129.2,42588,9303.84,9631.44,195904.8,73382.4,1368712.8,APRIL-25-BLK10
CLOSED,FEED,45772,Paquibot,APRIL-25-FEED5,,KCA 378,16190,428,10.87,2.34,0.575,0.595,12.09,3,84.91,DONE FEEDING,31,501890,175985.3,37884.6,9309.25,9633.05,195737.1,48570,1374692.9,APRIL-25-FEED5
CLOSED,WHSE D,45772,Namoc,APRIL-25-TNK2,D-1D,CCN6007,28400,767,10.14,3.6,0.549,0.569,11.82,6.88,81.3,,34,965600,287976,102240,15591.6,16159.6,335688,195392,2308920,APRIL-25-TNK2
CLOSED,WHSE D,45773,Layupan,APRIL-25-BLK6,D-20A,NET6084,20378,549,15.4,2.6,0.568,0.588,11.18,4.28,84.54,"NET 6084 net kilos of 21,095  - 3.40% MC = 20,378",27,550206,313821.2,52982.8,11574.704,11982.264,227826.04,87217.84,1722756.12,APRIL-25-BLK6
CLOSED,WHSE C,45773,Olivares,APRIL-25-BLK2,C-5A,GJB 623,7380,297,6.07,2.43,0.581,0.601,14.47,2.74,82.79,,30,221400,44796.6,17933.4,4287.78,4435.38,106788.6,20221.2,610990.2,APRIL-25-BLK2
CLOSED,FEED,45775,Paquibot,APRIL-25-FEED6,,AAV 6111,14140,408,9.14,2.4,0.571,0.591,13.88,3.86,82.26,FEEDING,31,438340,129239.6,33936,8073.94,8356.74,196263.2,54580.4,1163156.4,APRIL-25-FEED6
CLOSED,WHSE C,45775,Ornales,APRIL-25-BLK8,C-2B,LFF 835,10995,371,7.6,2.54,0.578,0.598,13.75,3.78,82.47,,33,362835,83562,27927.3,6355.11,6575.01,151181.25,41561.1,906757.65,APRIL-25-BLK8
CLOSED,WHSE D,45775,Layupan,APRIL-25-BLK6,D-20A,NFD 5679,21523,488,16.34,2.75,0.568,0.588,10.8,3.95,85.25,"NFD 5679 net kilos of 22,500 - 4.34%(MC) = 21,523",27,581121,351685.82,59188.25,12225.064,12655.524,232448.4,85015.85,1834835.75,APRIL-25-BLK6
CLOSED,WHSE D,45776,Tag-at,APRIL-25-BLK11,D-8B,,17975,513,11.6,2.8,0.568,0.588,15.45,2.2,82.35,,31.5,566212.5,208510,50330,10209.8,10569.3,277713.75,39545,1480241.25,APRIL-25-BLK11
CLOSED,WHSE A,45776,Paquibot,APRIL-25-BLK5,A-18B,AAV 6111,14820,369,11.4,2.47,0.578,0.598,13.87,3.03,83.1,,32.75,485355,168948,36605.4,8565.96,8862.36,205553.4,44904.6,1231542,APRIL-25-BLK5
CLOSED,WHSE D,45776,Nazarino,APRIL-25-BLK12,D-13B,RKX173,9325,223,11.94,2.6,0.571,0.591,13.68,3.45,82.87,,31.25,291406.25,111340.5,24245,5324.575,5511.075,127566,32171.25,772762.75,APRIL-25-BLK12
CLOSED,WHSE D,45776,Nazarino,APRIL-25-BLK12,D-13B,RKX173,5910,235,14.4,2.46,0.571,0.591,11.94,4.02,84.04,"RKK173 net kilos 6,055 - 2.40%(MC)= 5,910",31.25,184687.5,85104,14538.6,3374.61,3492.81,70565.4,23758.2,496676.4,APRIL-25-BLK12
,,,,,,,,,,,,,,,,,,0,0,0,0,0,0,0,0,
,WHSE C,45777,Ornales,APRIL-25-BLK13,C-3A,LFF 835,11705,378,8.54,2.14,0.575,0.595,15.95,4.24,79.81,,33,386265,99960.7,25048.7,6730.375,6964.475,186694.75,49629.2,934176.05,APRIL-25-BLK13
CLOSED,WHSE D,45777,Namoc,APRIL-25-TNK2,D-1D,CAC 2732,28490,783,12.14,3.6,0.552,0.572,12.51,3.4,84.09,"CAC 2732 net kilos 28,530 - .14%(MC) = 28,490",34,968660,345868.6,102564,15726.48,16296.28,356409.9,96866,2395724.1,APRIL-25-TNK2
,,,,,,,,,,,,,,,,,,0,0,0,0,0,0,0,0,
CLOSED,WHSE D,45779,Tag-at,APRIL-25-BLK11,D-8B,KCA 378,17635,526,11.4,2.54,0.575,0.595,12.76,2.48,84.76,PILED IN APRIL BLOCK 11,31.5,555502.5,201039,44792.9,10140.125,10492.825,225022.6,43734.8,1494742.6,APRIL-25-BLK11
CLOSED,WHSE D,45779,Layupan,MAY-25-BLK1,D-15C,NET 6084,19473,467,12.14,2.6,0.568,0.588,12.14,3.84,84.02,"NET6084 net kilos of 19,500-.14%(MC) = 19,473",34,662082,236402.22,50629.8,11060.664,11450.124,236402.22,74776.32,1636121.46,MAY-25-BLK1
CLOSED,WHSE D,45779,Namoc,MAY-25-TNK1,D-1C,RJT 342,25640,585,11.2,3.74,0.559,0.579,12.47,3.59,83.94,,31,794840,287168,95893.6,14332.76,14845.56,319730.8,92047.6,2152221.6,MAY-25-TNK1
,,,,,,,,,,,,,,,,,,0,0,0,0,0,0,0,0,
,WHSE C,45780,Ornales,APRIL-25-BLK13,C-3A,LFF 835,11210,431,6.4,2.34,0.581,0.601,12.89,3.36,83.75,PILED IN APRIL BLOCK 13,33,369930,71744,26231.4,6513.01,6737.21,144496.9,37665.6,938837.5,APRIL-25-BLK13
CLOSED,WHSE D,45780,Layupan,MAY-25-BLK2,D-19A,NFD 5679,23972,564,15.34,2.47,0.568,0.588,11.38,3.88,84.74,"NFD 5679 net kilos of 24,800 - 3.34%(MC) = 23,972",27,647244,367730.48,59210.84,13616.096,14095.536,272801.36,93011.36,2031387.28,MAY-25-BLK2
,,,,,,,,,,,,,,,,,,0,0,0,0,0,0,0,0,
CLOSED,FEED,45782,Paquibot,MAY-25-FEED1,,MAN3625,20120,555,11.6,2.6,0.571,0.591,13.53,3.51,82.96,,33.75,679050,233392,52312,11488.52,11890.92,272223.6,70621.2,1669155.2,MAY-25-FEED1
CLOSED,WHSE D,45782,Tanilon,APRIL-25-BLK12,D-13B,MAO4551,3035,70,11.47,2.74,0.585,0.605,13.1,4.6,82.3,PILED IN APRIL BLOCK 12,31.5,95602.5,34811.45,8315.9,1775.475,1836.175,39758.5,13961,249780.5,APRIL-25-BLK12
,,,,,,,,,,,,,,,,,,0,0,0,0,0,0,0,0,
CLOSED,WHSE D,45783,Llanto,APRIL-25-BLK4,D-12D,LFL730,10915,290,11.94,2.54,0.578,0.598,12.47,3.09,84.44,PILED IN APRIL BLOCK 4,31.5,343822.5,130325.1,27724.1,6308.87,6527.17,136110.05,33727.35,921662.6,APRIL-25-BLK4
CLOSED,WHSE D,45783,Layupan,MAY-25-BLK2,D-19A,NFD 5679,21830,498,15.6,2.4,0.568,0.588,11.35,3.88,84.77,,27,589410,340548,52392,12399.44,12836.04,247770.5,84700.4,1850529.1,MAY-25-BLK2
,,,,,,,,,,,,,,,,,,0,0,0,0,0,0,0,0,
CLOSED,WHSE A,45785,Paquibot,APRIL-25-BLK5,A-18B,KCA 378,13340,380,11.87,2.27,0.575,0.595,12.88,3.86,83.26,PILED IN APRIL BLOCK 5,32.75,436885,158345.8,30281.8,7670.5,7937.3,171819.2,51492.4,1110688.4,APRIL-25-BLK5
CLOSED,WHSE D,45785,Tag-at,APRIL-25-BLK11,D-8B,AAV 6111,18680,550,10.74,2.8,0.568,0.588,13.74,3.43,82.83,PILED IN APRIL BLOCK 11,31.5,588420,200623.2,52304,10610.24,10983.84,256663.2,64072.4,1547264.4,APRIL-25-BLK11
CLOSED,WHSE D,45785,Layupan,MAY-25-BLK2,D-19A,NET 6084,20734,437,14.2,2.6,0.565,0.585,11.14,3.94,84.92,"NET6084 net kilos of 21,200 -2.20%(MC) = 20,734",27,559818,294422.8,53908.4,11714.71,12129.39,230976.76,81691.96,1760731.28,MAY-25-BLK2
CLOSED,WHSE D,45785,Namoc,MAY-25-TNK1,D-1C,POE 591,23940,620,11.54,3.87,0.556,0.576,11.96,5.17,82.87,,34,813960,276267.6,92647.8,13310.64,13789.44,286322.4,123769.8,1983907.8,MAY-25-TNK1
,,,,,,,,,,,,,,,,,,0,0,0,0,0,0,0,0,
,WHSE C,45786,Ornales,APRIL-25-BLK13,C-3A,LFF 835,11950,386,7.54,2.52,0.585,0.605,14.6,3.77,81.63,PILED IN APRIL BLOCK 13,33,394350,90103,30114,6990.75,7229.75,174470,45051.5,975478.5,APRIL-25-BLK13
,,,,,,,,,,,,,,,,,,0,0,0,0,0,0,0,0,
,WHSE C,45787,Ornales,MAY-25-BLK3,C-3B,LFF 835,11150,438,7.27,2.54,0.581,0.601,11.47,3.32,85.21,,33,367950,81060.5,28321,6478.15,6701.15,127890.5,37018,950091.5,MAY-25-BLK3
,,,,,,,,,,,,,,,,,,0,0,0,0,0,0,0,0,
CLOSED,FEED,45790,Paquibot,MAY-25-FEED2,,MAN3625,20220,505,11.2,2.47,0.571,0.591,11.94,3.87,84.19,STARTED FEEDING,34.5,697590,226464,49943.4,11545.62,11950.02,241426.8,78251.4,1702321.8,MAY-25-FEED2
CLOSED,WHSE D,45790,Tanilon,APRIL-25-BLK12,D-13B,MAO4551,3110,70,11.8,2.54,0.578,0.598,13.81,3.6,82.59,PILED IN APRIL BLOCK 12,31.5,97965,36698,7899.4,1797.58,1859.78,42949.1,11196,256854.9,APRIL-25-BLK12
,,,,,,,,,,,,,,,,,,0,0,0,0,0,0,0,0,
CLOSED,WHSE D,45791,Tag-at,MAY-25-BLK4,D-8A,AAV 6111,18274,486,12.14,2.87,0.575,0.595,12.51,3.06,84.43,"AAV 6111 net kilos of 18,300 - .14%(MC) = 18,274",33,603042,221846.36,52446.38,10507.55,10873.03,228607.74,55918.44,1542873.82,MAY-25-BLK4
,,,,,,,,,,,,,,,,,,0,0,0,0,0,0,0,0,
CLOSED,WHSE A,45793,Paquibot,MAY-25-BLK5,A-17A,AAV 6111,17490,486,10.87,2.6,0.571,0.591,12.68,3.04,84.28,,33.5,585915,190116.3,45474,9986.79,10336.59,221773.2,53169.6,1474057.2,MAY-25-BLK5
,WHSE C,45793,Ornales,MAY-25-BLK3,C-3B,FWD 835,12500,364,7.47,2.8,0.581,0.601,13.07,2.99,83.94,,33.5,418750,93375,35000,7262.5,7512.5,163375,37375,1049250,MAY-25-BLK3
,,,,,,,,,,,,,,,,,,0,0,0,0,0,0,0,0,
CLOSED,WHSE D,45794,Tag-at,MAY-25-BLK4,D-8A,AAV 6111,18450,454,11.94,2.4,0.5812,0.6012,12.8,3.09,84.11,,33,608850,220293,44280,10723.14,11092.14,236160,57010.5,1551829.5,MAY-25-BLK4
CLOSED,WHSE D,45794,Layupan,MAY-25-BLK6,D-18D,NFD 5679,20715,445,15.2,2.74,0.575,0.595,11.68,4.09,84.23,"NFD 5679 net kilos of 21,400 - 3.20%(MC) = 20,715",27,559305,314868,56759.1,11911.125,12325.425,241951.2,84724.35,1744824.45,MAY-25-BLK6
CLOSED,WHSE D,45794,Namoc,MAY-25-TNK2,D-1B,RJT 342,24040,627,11.14,3.6,0.559,0.579,11.88,3.59,84.53,,36,865440,267805.6,86544,13438.36,13919.16,285595.2,86303.6,2032101.2,MAY-25-TNK2
,,,,,,,,,,,,,,,,,,0,0,0,0,0,0,0,0,
CLOSED,WHSE D,45796,Layupan,MAY-25-BLK6,D-18D,CBQ 5232,14256,320,15.87,2.47,0.575,0.595,11.65,3.94,84.41,"CBQ 5232 net kilos of 14,830 - 3.87%(MC) = 14,256",27,384912,226242.72,35212.32,8197.2,8482.32,166082.4,56168.64,1203348.96,MAY-25-BLK6
CLOSED,WHSE D,45796,Namoc,MAY-25-TNK2,D-1B,CCN 6007,30660,795,11.2,3.6,0.549,0.569,11.75,2.7,85.55,,36,1103760,343392,110376,16832.34,17445.54,360255,82782,2622963,MAY-25-TNK2
,,,,,,,,,,,,,,,,,,0,0,0,0,0,0,0,0,
CLOSED,FEED,45797,Paquibot,MAY-25-FEED3,,MAN3625,18610,428,11.6,2.27,0.578,0.598,12.24,2.64,85.12,DONE,35.5,660655,215876,42244.7,10756.58,11128.78,227786.4,49130.4,1584083.2,MAY-25-FEED3
,,,,,,,,,,,,,,,,,,0,0,0,0,0,0,0,0,
CLOSED,WHSE A,45798,Paquibot,MAY-25-BLK5,A-17A,KCA 378,15510,438,10.94,2.47,0.578,0.598,12.88,3.02,84.1,,35,542850,169679.4,38309.7,8964.78,9274.98,199768.8,46840.2,1304391,MAY-25-BLK5
,WHSE C,45798,Ornales,MAY-25-BLK3,C-3B,LFF 835,11850,409,8.47,2.34,0.581,0.601,13.43,2.67,83.9,,34.5,408825,100369.5,27729,6884.85,7121.85,159145.5,31639.5,994215,MAY-25-BLK3
,,,,,,,,,,,,,,,,,,0,0,0,0,0,0,0,0,
CLOSED,WHSE D,45799,Layupan,MAY-25-BLK6,D-18D,NFD 5679,19296,470,20.07,2.6,0.571,0.591,10.94,4.02,85.04,"NFD 6879 net kilos of 20,990 - 8.07%(MC) = 19,296",27,520992,387270.72,50169.6,11018.016,11403.936,211098.24,77569.92,1640931.84,MAY-25-BLK6
,,,,,,,,,,,,,,,,,,0,0,0,0,0,0,0,0,
CLOSED,WHSE D,45800,Tag-at,MAY-25-BLK4,D-8A,AAV 6111,18470,460,9.47,2.6,0.581,0.601,12.76,3.14,84.1,,33,609510,174910.9,48022,10731.07,11100.47,235677.2,57995.8,1553327,MAY-25-BLK4
,WHSE C,45800,Ornales,APRIL-25-BLK13,C-3A,LFF 835,11470,353,8.07,2.8,0.585,0.605,14.14,2.86,83,PILED IN APRIL BLOCK 13,34.5,395715,92562.9,32116,6709.95,6939.35,162185.8,32804.2,952010,APRIL-25-BLK13
,,,,,,,,,,,,,,,,,,0,0,0,0,0,0,0,0,
CLOSED,WHSE D,45801,Tag-at,MAY-25-BLK7,D-7D,KCA 378,18454,478,12.14,2.8,0.578,0.598,14.38,4,81.62,"KCA 378  net kilos 18,480 - .14%(MC) = 18,454",33,608982,224031.56,51671.2,10666.412,11035.492,265368.52,73816,1506215.48,MAY-25-BLK7
CLOSED,WHSE D,45801,Namoc,MAY-25-TNK3,D-1A,CBN 7219,30468,796,12.4,3.74,0.552,0.572,11.07,4.39,84.54,"CBN 7219 net kilos of 30,590 - .40%(MC) = 30,468",36,1096848,377803.2,113950.32,16818.336,17427.696,337280.76,133754.52,2575764.72,MAY-25-TNK3
,,,,,,,,,,,,,,,,,,0,0,0,0,0,0,0,0,
CLOSED,FEED,45803,Paquibot,MAY-25-FEED4,,AAV 6111,17160,459,11.6,2.54,0.581,0.601,13.75,3.6,82.65,FEEDING,35,600600,199056,43586.4,9969.96,10313.16,235950,61776,1418274,MAY-25-FEED4
,WHSE C,45803,Ornales,MAY-25-BLK3,C-3B,LFF 835,11530,375,8.2,2.27,0.578,0.598,14.96,4.55,80.49,,34.5,397785,94546,26173.1,6664.34,6894.94,172488.8,52461.5,928049.7,MAY-25-BLK3
CLOSED,WHSE C,45803,Esito,MAY-25-BLK8,C-17A,MAS 9521,10967,248,16.47,2.4,0.588,0.608,15.67,3.31,81.02,"MAS 9531 net kilos of 11,480 - 4.47% = 10,967",31.5,345460.5,180626.49,26320.8,6448.596,6667.936,171852.89,36300.77,888546.34,MAY-25-BLK8
,,,,,,,,,,,,,,,,,,0,0,0,0,0,0,0,0,
CLOSED,WHSE A,45804,Paquibot,MAY-25-BLK5,A-17A,KCA 378,16170,432,11.74,2.74,0.581,0.601,12.67,3.92,83.41,,35,565950,189835.8,44305.8,9394.77,9718.17,204873.9,63386.4,1348739.7,MAY-25-BLK5
,,,,,,,,,,,,,,,,,,0,0,0,0,0,0,0,0,
CLOSED,WHSE D,45805,Tanilon,APRIL-25-BLK12,D-13B,MAO4551,2750,60,11.54,2.4,0.585,0.605,13.88,3.45,82.67,PILED IN APRIL BLOCK 12,31.5,86625,31735,6600,1608.75,1663.75,38170,9487.5,227342.5,APRIL-25-BLK12
CLOSED,WHSE D,45805,Namoc,MAY-25-TNK3,D-1A,CBJ3587,30970,789,10.8,3.87,0.559,0.579,11.67,4.6,83.73,,36,1114920,334476,119853.9,17312.23,17931.63,361419.9,142462,2593118.1,MAY-25-TNK3
,,,,,,,,,,,,,,,,,,0,0,0,0,0,0,0,0,
CLOSED,WHSE A,45807,Paquibot,MAY-25-BLK5,A-17A,AAV 6111,17080,574,8.47,2.34,0.585,0.605,13.45,2.78,83.77,,35,597800,144667.6,39967.2,9991.8,10333.4,229726,47482.4,1430791.6,MAY-25-BLK5
,,,,,,,,,,,,,,,,,,0,0,0,0,0,0,0,0,
CLOSED,FEED,45808,Paquibot,MAY-25-FEED5,,AAV 6111,17790,475,10.8,2.54,0.581,0.601,12.62,3.17,84.21,FEEDING,35,622650,192132,45186.6,10335.99,10691.79,224509.8,56394.3,1498095.9,MAY-25-FEED5
,WHSE C,45808,Ornales,MAY-25-BLK9,C-4A,KCA 378,20220,568,9.27,2.34,0.585,0.605,14.34,3.87,81.79,,34,687480,187439.4,47314.8,11828.7,12233.1,289954.8,78251.4,1653793.8,MAY-25-BLK9
,,,,,,,,,,,,,,,,,,0,0,0,0,0,0,0,0,
CLOSED,WHSE D,45810,Tag-at,MAY-25-BLK7,D-7D,KCA 378,19492,493,12.4,2.87,0.578,0.598,13.14,3.67,83.19,"KCA 378  net kilos 19,570 - .40%(MC) = 19,492 / PILED IN MAY BLOCK 7",33,643236,241700.8,55942.04,11266.376,11656.216,256124.88,71535.64,1621539.48,MAY-25-BLK7
CLOSED,WHSE D,45810,Namoc,JUNE-25-TNK1,D-2D,RJT 342,24860,631,12.2,3.54,0.552,0.572,12.24,5.87,81.89,"RJT 342 net kilos 24,910 - 20%(MC) = 24,860",36,894960,303292,88004.4,13722.72,14219.92,304286.4,145928.2,2035785.4,JUNE-25-TNK1
,,,,,,,,,,,,,,,,,,0,0,0,0,0,0,0,0,
,WHSE C,45812,Ornales,MAY-25-BLK9,C-4A,KCA 378,17330,437,8.87,2.54,0.581,0.601,12.45,3.85,83.7,PILED IN MAY BLOCK 9,35,606550,153717.1,44018.2,10068.73,10415.33,215758.5,66720.5,1450521,MAY-25-BLK9
,,,,,,,,,,,,,,,,,,0,0,0,0,0,0,0,0,
CLOSED,FEED,45813,Paquibot,JUNE-25-FEED1,,KCA 378,16200,431,11.94,2.47,0.578,0.598,10.55,3.91,85.54,FEEDING,35,567000,193428,40014,9363.6,9687.6,170910,63342,1385748,JUNE-25-FEED1
CLOSED,WHSE D,45813,Tag-at,MAY-25-BLK7,D-7D,AAV 6111,19842,473,12.34,2.8,0.575,0.595,12.84,2.4,84.76,"AAV 6111 net kilos of 19,910 - .34%(MC) = 19,842 / PILED IN MAY BLOCK 7",33,654786,244850.28,55557.6,11409.15,11805.99,254771.28,47620.8,1681807.92,MAY-25-BLK7
,,,,,,,,,,,,,,,,,,0,0,0,0,0,0,0,0,
CLOSED,WHSE D,45814,Tanilon,APRIL-25-BLK12,D-13B,JAO4111,6290,139,11.94,2.6,0.588,0.608,12.24,2.15,85.61,PILED IN APRIL BLOCK 12,31.5,198135,75102.6,16354,3698.52,3824.32,76989.6,13523.5,538486.9,APRIL-25-BLK12
CLOSED,WHSE D,45814,Llanto,APRIL-25-BLK4,D-12D,RKJ 477,11970,320,11.74,2.74,0.581,0.601,12.46,3.17,84.37,PILED IN APRIL BLOCK 4,33.5,400995,140527.8,32797.8,6954.57,7193.97,149146.2,37944.9,1009908.9,APRIL-25-BLK4
CLOSED,WHSE D,45814,Layupan,JUNE-25-BLK1,D-18C,NFD 5879,15003,425,18.87,2.47,0.575,0.595,14.21,4,81.79,"NFD 6879 net kilos of 16,110 - 6.87%(MC) = 15,003",27,405081,283106.61,37057.41,8626.725,8926.785,213192.63,60012,1227095.37,JUNE-25-BLK1
,,,,,,,,,,,,,,,,,,0,0,0,0,0,0,0,0,
CLOSED,WHSE D,45815,Namoc,JUNE-25-TNK2,D-2C,CAC 2732,28706,760,9.74,3.8,0.556,0.576,10.29,15.64,74.07,"CAC 2732 net kilos of 29,790 - 3.64%(ASH) = 28,706",37,1062122,279596.44,109082.8,15960.536,16534.656,295384.74,448961.84,2126253.42,JUNE-25-TNK2
CLOSED,WHSE D,45815,Namoc,JUNE-25-TNK1,D-2D,RJT 342,22919,550,11.6,3.8,3.74,3.76,7.99,7.18,84.83,"RJT 342 net kilos 23,430 - 2.18%(ASH) = 22,919",37,848003,265860.4,87092.2,85717.06,86175.44,183122.81,164558.42,1944218.77,JUNE-25-TNK1
,,,,,,,,,,,,,,,,,,0,0,0,0,0,0,0,0,
CLOSED,FEED,45817,Paquibot,JUNE-25-FEED2,,MAN 3825,19660,468,11.8,2.74,0.578,0.598,9.33,4.03,86.64,DONE FEEDING,35.5,697930,231988,53868.4,11363.48,11756.68,183427.8,79229.8,1703342.4,JUNE-25-FEED2
,WHSE C,45817,Ornales,MAY-25-BLK9,C-4A,LFF 835,10230,360,9.8,2.34,0.585,0.605,9.87,4.23,85.9,PILED IN MAY BLOCK 9,35.5,363165,100254,23938.2,5984.55,6189.15,100970.1,43272.9,878757,MAY-25-BLK9
CLOSED,WHSE D,45817,Namoc,JUNE-25-TNK2,D-2C,CCN 6007,30650,850,11.54,3.87,0.559,0.579,9.94,4.01,86.05,,37,1134050,353701,118615.5,17133.35,17746.35,304661,122906.5,2637432.5,JUNE-25-TNK2
,,,,,,,,,,,,,,,,,,0,0,0,0,0,0,0,0,
CLOSED,WHSE D,45818,Suarez/Paquibot,JUNE-25-BLK2,D-15D,JAH 5110,2992,60,11.87,2.74,0.578,0.598,8.64,5.92,85.44,"JAH 5110 net kilos of 3,020 - .92%(ASH) = 2,992",31.5,94248,35515.04,8198.08,1729.376,1789.216,25850.88,17712.64,255636.48,JUNE-25-BLK2
,,,,,,,,,,,,,,,,,,0,0,0,0,0,0,0,0,
,WHSE C,45819,Ornales,JUNE-25-BLK3,C-4B,KCA 378,17190,592,8.6,2.4,0.585,0.605,13.17,2.96,83.87,,35,601650,147834,41256,10056.15,10399.95,226392.3,50882.4,1441725.3,JUNE-25-BLK3
,,,,,,,,,,,,,,,,,,0,0,0,0,0,0,0,0,
CLOSED,WHSE C,45820,Ornales,JUNE-25-BLK5,C-7A,AAV 6111,22530,559,12.6,3.8,0.559,0.579,10.61,10.33,79.06,,35,788550,283878,85614,12594.27,13044.87,239043.3,232734.9,1781221.8,JUNE-25-BLK5
CLOSED,WHSE C,45820,Ornales,JUNE-25-BLK5,C-7A,MVU 473,23890,588,14.2,3.54,0.562,0.582,9,7.27,83.73,,36,860040,339238,84570.6,13426.18,13903.98,215010,173680.3,2000309.7,JUNE-25-BLK5
CLOSED,WHSE D,45820,Tan,JUNE-25-BLK4,D-12C,CBN 9665,22309,497,12.14,2.74,0.571,0.591,11.16,4.64,84.2,"CBN 9665 net kilos of 22,340-.14%(MC) = 22,309",37,825433,270831.26,61126.66,12738.439,13184.619,248968.44,103513.76,1878417.8,JUNE-25-BLK4
CLOSED,WHSE D,45820,Tanilon,APRIL-25-BLK12,D-13B,MAO 4551,2740,60,13.07,2.54,0.588,0.608,11.6,4.67,83.73,"MAO 4551 net kilos of 2770 -1.07%(MC) = 2,740 / PILED IN APRIL BLOCK 12",31.5,86310,35811.8,6959.6,1611.12,1665.92,31784,12795.8,229420.2,APRIL-25-BLK12
CLOSED,FEED,45820,Paquibot,JUNE-25-FEED3,,MAN 3625,19330,512,11.14,2.34,0.575,0.595,12.22,3.84,83.94, FEEDING,35.5,686215,215336.2,45232.2,11114.75,11501.35,236212.6,74227.2,1622560.2,JUNE-25-FEED3
CLOSED,WHSE D,45820,Tag-at,MAY-25-BLK7,D-7D,KCA 378,19120,517,11.6,2.6,0.578,0.598,11.51,3.56,84.93,PILED IN MAY BLOCK 7,33,630960,221792,49712,11051.36,11433.76,220071.2,68067.2,1623861.6,MAY-25-BLK7
CLOSED,WHSE D,45820,Namoc,JUNE-25-TNK3,D-2B,RJY 331,23190,581,10.07,3.74,0.552,0.572,11.56,6.7,81.74,,37,858030,233523.3,86730.6,12800.88,13264.68,268076.4,155373,1895550.6,JUNE-25-TNK3
,,,,,,,,,,,,,,,,,,0,0,0,0,0,0,0,0,
,WHSE C,45822,Ornales,JUNE-25-BLK3,C-4B,LFF 835,11360,360,9.1,2.6,0.57,0.59,13.59,3.34,83.07,,35.5,403280,103376,29536,6475.2,6702.4,154382.4,37942.4,943675.2,JUNE-25-BLK3
,,,,,,,,,,,,,,,,,,0,0,0,0,0,0,0,0,
,WHSE C,45824,Ornales,JUNE-25-BLK3,C-4B,LFF 835,10700,360,9.8,3.94,0.549,0.569,14.96,8.5,76.54,,37,395900,104860,42158,5874.3,6088.3,160072,90950,818978,JUNE-25-BLK3
CLOSED,WHSE C,45824,Ornales,JUNE-25-BLK6,C-7B,MVU 225,21940,605,14.94,3.04,0.562,0.582,23.91,5.33,70.76,,37.5,822750,327783.6,66697.6,12330.28,12769.08,524585.4,116940.2,1552474.4,JUNE-25-BLK6
,,,,,,,,,,,,,,,,,,0,0,0,0,0,0,0,0,
CLOSED,WHSE C,45825,Ornales,JUNE-25-BLK5,C-7A,AAV 6111,18670,407,13.34,3.87,0.556,0.576,13.09,13.85,73.06,,36.5,681455,249057.8,72252.9,10380.52,10753.92,244390.3,258579.5,1364030.2,JUNE-25-BLK5
CLOSED,WHSE C,45825,Ornales,JUNE-25-BLK6,C-7B,MVU 473,21990,500,15.74,3.74,0.546,0.566,12.48,13.55,73.97,,37.5,824625,346122.6,82242.6,12006.54,12446.34,274435.2,297964.5,1626600.3,JUNE-25-BLK6
,,,,,,,,,,,,,,,,,,0,0,0,0,0,0,0,0,
,WHSE C,45826,Ornales,JUNE-25-BLK3,C-4B,KCA 378,18890,570,11.74,3.6,0.552,0.572,11.8,14.58,73.62,,36.5,689485,221768.6,68004,10427.28,10805.08,222902,275416.2,1390681.8,JUNE-25-BLK3
,,,,,,,,,,,,,,,,,,0,0,0,0,0,0,0,0,
CLOSED,WHSE D,45827,Tag-at,JUNE-25-BLK7,D-7C,AAV 6111,17764,493,13.2,3.4,0.585,0.605,12.79,2.81,84.4,"AAV 6111 net kilos of 17,980 - 1.20%(MC) = 17,764 ",35,621740,234484.8,60397.6,10391.94,10747.22,227201.56,49916.84,1499281.6,JUNE-25-BLK7
CLOSED,WHSE D,45827,Olivares,JUNE-25-BLK2,D-15D,GJB 823,7330,280,7.94,2.34,0.585,0.605,16.07,3.69,80.24,,35,256550,58200.2,17152.2,4288.05,4434.65,117793.1,27047.7,588159.2,JUNE-25-BLK2
,WHSE C,45827,Ornales,JUNE-25-BLK8,C-5A,LFF 835,11390,370,12.2,2.74,0.568,0.588,13.16,5.12,81.72,,37,421430,138958,31208.6,6469.52,6697.32,149892.4,58316.8,930790.8,JUNE-25-BLK8
CLOSED,WHSE C,45827,Ornales,JUNE-25-BLK6,C-7B,NEM 4608,20440,453,13.4,3.6,0.552,0.572,12.23,7.76,80.01,"NEM 4608 net kilos of 21,020 - 2.76%(ash) =  20,440 ",37.5,766500,273896,73584,11282.88,11691.68,249981.2,158614.4,1635404.4,JUNE-25-BLK6
,,,,,,,,,,,,,,,,,,0,0,0,0,0,0,0,0,
,WHSE C,45828,Ornales,JUNE-25-BLK8,C-5A,KCA 378,19320,503,11.2,3.47,0.578,0.598,12.47,7.35,80.18,,36.5,705180,216384,67040.4,11166.96,11553.36,240920.4,142002,1549077.6,JUNE-25-BLK8
,,,,,,,,,,,,,,,,,,0,0,0,0,0,0,0,0,
,WHSE C,45829,Ornales,JUNE-25-BLK8,C-5A,LFF 835,11160,334,8.27,3.8,0.588,0.608,18.71,10.14,71.15,,37,412920,92293.2,42408,6562.08,6785.28,208803.6,113162.4,794034,JUNE-25-BLK8
CLOSED,WHSE D,45829,Namoc,JUNE-25-TNK3,D-2B,RFM 922,22420,499,9.6,3.74,0.552,0.572,10.72,5.36,83.92,,38,851960,215232,83850.8,12375.84,12824.24,240342.4,120171.2,1881486.4,JUNE-25-TNK3
,,,,,,,,,,,,,,,,,,0,0,0,0,0,0,0,0,
CLOSED,FEED,45831,Paquibot,JUNE-25-FEED4,,MAN 3625,19710,487,11.74,2.6,0.581,0.601,11.89,4.51,83.6, DONE FEEDING,37.5,739125,231395.4,51246,11451.51,11845.71,234351.9,88892.1,1647756,JUNE-25-FEED4
CLOSED,WHSE C,45831,Ornales,JUNE-25-BLK9,C-8A,NEM 4608,18847,461,14.8,3.87,0.546,0.566,9.85,6.38,83.77,"NEM 4608 net kilos of 19,430 - 3%(MC) =  18,847 ",37.5,706762.5,278935.6,72937.89,10290.462,10667.402,185642.95,120243.86,1578813.19,JUNE-25-BLK9
,,,,,,,,,,,,,,,,,,0,0,0,0,0,0,0,0,
CLOSED,WHSE D,45832,Mercado/Paquibot,JUNE-25-BLK4,D-12C,T138003,18500,432,11.6,2.34,0.578,0.598,12.27,2.46,85.27,,36.25,670625,214600,43290,10693,11063,226995,45510,1577495,JUNE-25-BLK4
,,,,,,,,,,,,,,,,,,0,0,0,0,0,0,0,0,
CLOSED,WHSE C,45833,Esito,MAY-25-BLK8,C-17A,MAG 2162,17018,380,15.14,2.6,0.588,0.608,13.95,7,79.05,"MAG 2162 net kilos of 17,570 - 3.14%(MC) - 17,018 / PILED IN MAY BLOCK 8",33.5,570103,257652.52,44246.8,10006.584,10346.944,237401.1,119126,1345272.9,MAY-25-BLK8
,WHSE C,45833,Ornales,JUNE-25-BLK8,C-5A,LFF 835,14050,341,10.34,2.54,0.581,0.601,14.22,6.49,79.29,,37,519850,145277,35687,8163.05,8444.05,199791,91184.5,1114024.5,JUNE-25-BLK8
,,,,,,,,,,,,,,,,,,0,0,0,0,0,0,0,0,
CLOSED,WHSE D,45835,Tanilon,JUNE-25-BLK4,D-12C,JAO4111,7350,150,11.94,2.6,0.585,0.605,14.27,4.54,81.19,,35,257250,87759,19110,4299.75,4446.75,104884.5,33369,596746.5,JUNE-25-BLK4
CLOSED,WHSE D,45835,Suarez/Paquibot,JUNE-25-BLK2,D-15D,JAH 5110,2860,70,10.97,2.34,0.575,0.595,13.94,3.68,82.38,,35,100100,31374.2,6692.4,1644.5,1701.7,39868.4,10524.8,235606.8,JUNE-25-BLK2
,,,,,,,,,,,,,,,,,,0,0,0,0,0,0,0,0,
CLOSED,FEED,45838,Paquibot,JUNE-25-FEED5,,MAN 3625,17660,455,11.74,2.34,0.578,0.598,11.27,3.26,85.47,,37.5,662250,207328.4,41324.4,10207.48,10560.68,199028.2,57571.6,1509400.2,JUNE-25-FEED5
CLOSED,WHSE D,45838,Namoc,JUNE-25-TNK4,D-5D,CBJ 3587,29790,805,9.8,3.8,0.549,0.569,10.04,5.22,84.74,,38,1132020,291942,113202,16354.71,16950.51,299091.6,155503.8,2524404.6,JUNE-25-TNK4
,,,,,,,,,,,,,,,,,,0,0,0,0,0,0,0,0,
CLOSED,WHSE D,45839,Namoc,JUNE-25-TNK4,D-5D,CCN 8007,32200,787,12.47,3.94,0.549,0.569,12.62,5.69,81.69,PILED IN JUNE 2025 TANK 4,38.5,1239700,401534,126868,17677.8,18321.8,406364,183218,2630418,JUNE-25-TNK4
,,,,,,,,,,,,,,,,,,0,0,0,0,0,0,0,0,
CLOSED,WHSE D,45840,Mercado / Ornales,JULY-25-BLK1,D-12B,TEMP 138003,18045,536,14.14,3.94,0.549,0.569,8.86,3.94,87.2,"TEMP 138003 net kilos of 18,440 - 2.14(MC) = 18,045",38.5,694732.5,255156.3,71097.3,9906.705,10267.605,159878.7,71097.3,1573524,JULY-25-BLK1
,WHSE C,45840,Ornales,JULY-25-BLK2,C-5B,LFF 835,11450,313,12.07,3.6,0.581,0.601,13.14,3.14,83.72,,39,446550,138201.5,41220,6652.45,6881.45,150453,35953,958594,JULY-25-BLK2
,,,,,,,,,,,,,,,,,,0,0,0,0,0,0,0,0,
,WHSE C,45841,Ornales,JULY-25-BLK2,C-5B,LFF 835,13560,338,9.34,3.74,0.585,0.605,12.92,4.67,82.41,,39,528840,126650.4,50714.4,7932.6,8203.8,175195.2,63325.2,1117479.6,JULY-25-BLK2
CLOSED,WHSE D,45841,Suarez,JUNE-25-BLK2,D-15D,GAH 6110,2700,73,9,2.27,0.571,0.591,13.16,3.04,83.8,PILED IN JUNE 2025 BLOCK 2,36.5,98550,24300,6129,1541.7,1595.7,35532,8208,226260,JUNE-25-BLK2
,,,,,,,,,,,,,,,,,,0,0,0,0,0,0,0,0,
,WHSE C,45842,Ornales,JULY-25-BLK2,C-5B,KCA 378,15130,578,8.2,3.54,0.581,0.601,13.25,3.44,83.31,,38,574940,124066,53560.2,8790.53,9093.13,200472.5,52047.2,1260480.3,JULY-25-BLK2
CLOSED,WHSE D,45842,Tag-at,JUNE-25-BLK7,D-7C,AAV 6111,16020,427,10.87,3.14,0.578,0.598,12.78,3.94,83.28,PILED IN JUNE 2025 BLOCK 7,37.5,600750,174137.4,50302.8,9259.56,9579.96,204735.6,63118.8,1334145.6,JUNE-25-BLK7
CLOSED,WHSE D,45842,Layupan,JUNE-25-BLK1,D-18C,NET 6084,17690,418,12.47,2.4,0.571,0.591,11.96,4.2,83.84,PILED IN JUNE 2025 BLOCK 1,31,548390,220594.3,42456,10100.99,10454.79,211572.4,74298,1483129.6,JUNE-25-BLK1
,,,,,,,,,,,,,,,,,,0,0,0,0,0,0,0,0,
,WHSE C,45843,Ornales,JULY-25-BLK2,C-5B,LFF 835,12100,333,7.54,3.34,0.581,0.601,13.6,2.94,83.46,,38.5,465850,91234,40414,7030.1,7272.1,164560,35574,1009866,JULY-25-BLK2
,,,,,,,,,,,,,,,,,,0,0,0,0,0,0,0,0,
CLOSED,WHSE D,45845,Nazareno,APRIL-25-BLK4,D-12D,RKX 173,6825,247,11.34,2.87,0.568,0.588,11.31,4.88,83.81,"RKX173 net kilos of 3,770 - 2.87%(MC) - 3,622  / PILED IN APRIL 2025 # 4",38,259350,77395.5,19587.75,3876.6,4013.1,77190.75,33306,572003.25,APRIL-25-BLK4
CLOSED,WHSE D,45845,Nazareno,APRIL-25-BLK4,D-12D,RKX 173,3662,162,14.87,,,,,,,,38,139156,54453.94,0,0,0,0,0,0,APRIL-25-BLK4
,,,,,,,,,,,,,,,,,,0,0,0,0,0,0,0,0,
CLOSED,FEED,45846,Paquibot,JULY-25-FEED1,,AAV 6111,17560,456,12,2.74,0.581,0.601,11.2,3.74,85.06,,38.5,676060,210720,48114.4,10202.36,10553.56,196672,65674.4,1493653.6,JULY-25-FEED1
CLOSED,WHSE D,45846,Mercado / Ornales,JULY-25-BLK1,D-12B,TEMP 138003,7340,230,8.34,2.74,0.581,0.601,10.9,3.62,85.48,,38.5,282590,61215.6,20111.6,4264.54,4411.34,80006,26570.8,627423.2,JULY-25-BLK1
,,,,,,,,,,,,,,,,,,0,0,0,0,0,0,0,0,
CLOSED,WHSE D,45847,Layupan,JULY-25-BLK3,D-17D,NFD 5679,17877,461,14.6,2.27,0.568,0.588,11.66,3.87,84.47,"NFD 5679 net kilos of 18,430 - 3%(MC) = 17,877",31,554187,261004.2,40580.79,10154.136,10511.676,208445.82,69183.99,1510070.19,JULY-25-BLK3
,,,,,,,,,,,,,,,,,,0,0,0,0,0,0,0,0,
,WHSE C,45848,Ornales,JULY-25-BLK5,C-11A,LFF 835,10910,345,7,3.27,0.581,0.601,14.59,2.94,82.47,,40.5,441855,76370,35675.7,6338.71,6556.91,159176.9,32075.4,899747.7,JULY-25-BLK5
CLOSED,FEED,45848,Paquibot,JULY-25-FEED2,,AAV 6111,18250,477,11.8,2.8,0.578,0.598,12.88,3.76,83.36,USED,38.5,702625,215350,51100,10548.5,10913.5,235060,68620,1521320,JULY-25-FEED2
CLOSED,WHSE D,45848,Tag-at,JULY-25-BLK4,D-7B,KCA 378,15790,447,11.14,3.2,0.571,0.591,11.24,3.69,85.07,,37.5,592125,175900.6,50528,9016.09,9331.89,177479.6,58265.1,1343255.3,JULY-25-BLK4
,,,,,,,,,,,,,,,,,,0,0,0,0,0,0,0,0,
CLOSED,WHSE D,45852,Tag-at,JULY-25-BLK4,D-7B,KCA 378,15260,453,9.54,3.74,0.568,0.588,12.25,3.17,84.58,,37.5,572250,145580.4,57072.4,8667.68,8972.88,186935,48374.2,1290690.8,JULY-25-BLK4
,,,,,,,,,,,,,,,,,,0,0,0,0,0,0,0,0,
CLOSED,WHSE D,45853,Tanilon,JUNE-25-BLK4,D-12C,MAO 4551,2800,62,12.14,2.34,0.588,0.608,13.98,3.68,82.34,PILED IN JUNE 2025 BLOCK 4,36.5,102200,33992,6552,1646.4,1702.4,39144,10304,230552,JUNE-25-BLK4
CLOSED,WHSE D,45853,Mercado ,JULY-25-BLK1,D-12B,MDH 272,4960,153,7.34,3.87,0.575,0.595,12.48,3.17,84.35,,40.5,200880,36406.4,19195.2,2852,2951.2,61900.8,15723.2,418376,JULY-25-BLK1
,WHSE C,45853,Ornales,JULY-25-BLK5,C-11A,LFF 835,12040,367,8.07,3.6,0.581,0.601,13.74,4.85,81.41,,40.5,487620,97162.8,43344,6995.24,7236.04,165429.6,58394,980176.4,JULY-25-BLK5
,,,,,,,,,,,,,,,,,,0,0,0,0,0,0,0,0,
,WHSE C,45855,Ornales,JULY-25-BLK5,C-11A,LFF 835,11880,382,7.2,3.34,0.581,0.601,13.67,3.2,83.13,,40.5,481140,85536,39679.2,6902.28,7139.88,162399.6,38016,987584.4,JULY-25-BLK5
CLOSED,WHSE D,45855,Layupan,JULY-25-BLK3,D-17D,NET 6084,14582,323,14,2.87,0.575,0.595,11.68,3.97,84.35,"NET 6084 net kilos of 14,880 - 2%(MC) = 14,582",31,452042,204148,41850.34,8384.65,8676.29,170317.76,57890.54,1229991.7,JULY-25-BLK3
,,,,,,,,,,,,,,,,,,0,0,0,0,0,0,0,0,
CLOSED,FEED,45856,Paquibot,JULY-25-FEED3,,AAV 6111,16780,456,11.6,2.54,0.578,0.598,12.44,3.84,83.72,FEEDING,40.75,683785,194648,42621.2,9698.84,10034.44,208743.2,64435.2,1404821.6,JULY-25-FEED3
CLOSED,WHSE D,45856,Suarez,JUNE-25-BLK2,D-15D,JAH 5110,2500,64,11.14,3.94,0.571,0.591,13.69,2.78,83.53,PILED IN JUNE 2025 BLOCK 2,39,97500,27850,9850,1427.5,1477.5,34225,6950,208825,JUNE-25-BLK2
,,,,,,,,,,,,,,,,,,0,0,0,0,0,0,0,0,
CLOSED,WHSE D,45857,Tag-at,JULY-25-BLK6,D-7D,KCA 378,15990,433,11.54,3.74,0.571,0.591,12.44,2.96,84.6,,39.5,631605,184524.6,59802.6,9130.29,9450.09,198915.6,47330.4,1352754,JULY-25-BLK6
CLOSED,WHSE D,45857,Maranio,JULY-25-BLK7,D-13D,YAB 462,6400,250,11.47,2.47,0.578,0.598,14.65,3.14,82.21,,39,249600,73408,15808,3699.2,3827.2,93760,20096,526144,JULY-25-BLK7
,,,,,,,,,,,,,,,,,,0,0,0,0,0,0,0,0,
CLOSED,WHSE D,45859,Tanilon,JULY-25-BLK7,D-13D,MAO 4551,2930,69,12.34,2.74,0.588,0.608,13.45,3.77,82.78,,39,114270,36156.2,8028.2,1722.84,1781.44,39408.5,11046.1,242545.4,JULY-25-BLK7
,WHSE C,45859,Ornales,JULY-25-BLK5,C-11A,LFF 835,12225,369,8.14,3.34,0.581,0.601,14.14,3.09,82.77,,40.5,495112.5,99511.5,40831.5,7102.725,7347.225,172861.5,37775.25,1011863.25,JULY-25-BLK5
,,,,,,,,,,,,,,,,,,0,0,0,0,0,0,0,0,
CLOSED,WHSE D,45860,Namoc,JULY-25-TNK1,D-2A,CCN 6007,30670,793,11.2,3.94,0.559,0.579,9.67,6.9,83.43,,43,1318810,343504,120839.8,17144.53,17757.93,296578.9,211623,2558798.1,JULY-25-TNK1
CLOSED,WHSE D,45860,Llanto,JULY-25-BLK7,D-13D,LFl 730,14410,379,11.94,2.8,0.578,0.598,12.86,2.68,84.46,,40,576400,172055.4,40348,8328.98,8617.18,185312.6,38618.8,1217068.6,JULY-25-BLK7
CLOSED,WHSE D,45860,Mercado / Ornales,JULY-25-BLK1,D-12B,MDH 272,6715,193,8.54,3.8,0.565,0.585,11.34,3.84,84.82,,40.5,271957.5,57346.1,25517,3793.975,3928.275,76148.1,25785.6,569566.3,JULY-25-BLK1
CLOSED,WHSE D,45860,Namoc,JULY-25-TNK1,D-2A,PEO 591,24470,625,11.6,3.87,0.543,0.563,9.48,11.87,78.65,,43,1052210,283852,94698.9,13287.21,13776.61,231975.6,290458.9,1924565.5,JULY-25-TNK1
,,,,,,,,,,,,,,,,,,0,0,0,0,0,0,0,0,
,WHSE C,45861,Ornales,JULY-25-BLK5,C-11A,LFF 835,11980,376,8.54,3.6,0.585,0.605,11.25,3.81,84.94,,42.5,509150,102309.2,43128,7008.3,7247.9,134775,45643.8,1017581.2,JULY-25-BLK5
,,,,,,,,,,,,,,,,,,0,0,0,0,0,0,0,0,
CLOSED,WHSE D,45862,Tan,JULY-25-BLK8,D-12D,RLL 819,21490,505,10.2,2.87,0.578,0.598,11.96,4.09,83.95,,42.75,918697.5,219198,61676.3,12421.22,12851.02,257020.4,87894.1,1804085.5,JULY-25-BLK8
CLOSED,WHSE D,45862,Tag-at,JULY-25-BLK6,D-7D,AAV 6111,15800,440,12.07,3.6,0.575,0.595,13.85,3.04,83.11,,39.5,624100,190706,56880,9085,9401,218830,48032,1313138,JULY-25-BLK6
,WHSE C,45862,Ornales,JULY-25-BLK9,C-11B,LFF 835,13010,375,9.34,3.74,0.581,0.601,13.14,3.68,83.18,,42.5,552925,121513.4,48657.4,7558.81,7819.01,170951.4,47876.8,1082171.8,JULY-25-BLK9
,,,,,,,,,,,,,,,,,,0,0,0,0,0,0,0,0,
CLOSED,WHSE A,45864,Paquibot,JULY-25-BLK10,A-18A,KCA 378,18545,435,11.2,2.6,0.575,0.595,12.24,4.02,83.74,,42.75,792798.75,207704,48217,10663.375,11034.275,226990.8,74550.9,1552958.3,JULY-25-BLK10
CLOSED,WHSE A,45864,Paquibot,JULY-25-BLK10,A-18A,MAN 3625,20505,535,11.74,2.47,0.571,0.591,12.45,3.17,84.38,,43.25,886841.25,240728.7,50647.35,11708.355,12118.455,255287.25,65000.85,1730211.9,JULY-25-BLK10
CLOSED,WHSE D,45864,Tanilon,JULY-25-BLK8,D-12D,MAR2499,4274,100,13.07,2.34,0.585,0.605,14.68,4.29,81.03,"MAR 2499 net kios of 4,320 - 1.07%(mc) = 4,274",39,166686,55861.18,10001.16,2500.29,2585.77,62742.32,18335.46,346322.22,JULY-25-BLK8
,,,,,,,,,,,,,,,,,,0,0,0,0,0,0,0,0,
CLOSED,WHSE A,45866,Paquibot,JULY-25-BLK11,A-19A,KCA 378,16080,455,11.07,2.6,0.575,0.595,11.96,3.78,84.26,,42.75,687420,178005.6,41808,9246,9567.6,192316.8,60782.4,1354900.8,JULY-25-BLK11
CLOSED,WHSE A,45866,Compra/Paquibot,JULY-25-BLK10,A-18A,AAV 6111,17500,523,10.8,2.54,0.578,0.598,14.47,2.96,82.57,,42.75,748125,189000,44450,10115,10465,253225,51800,1444975,JULY-25-BLK10
,WHSE C,45866,Ornales,JULY-25-BLK9,C-11B,LFF 835,12405,346,11.14,3.34,0.581,0.601,12.48,3.04,84.48,,42.05,521630.25,138191.7,41432.7,7207.305,7455.405,154814.4,37711.2,1047974.4,JULY-25-BLK9
CLOSED,FEED,45866,Layupan,JULY-25-FEED4,,NFD 5679,11550,264,13.07,2.4,0.571,0.591,11.6,4.17,84.23,"NFD 5679 net kilos of 11,675 - 1.07%(MC) = 11,550",38,438900,150958.5,27720,6595.05,6826.05,133980,48163.5,972856.5,JULY-25-FEED4
,,,,,,,,,,,,,,,,,,0,0,0,0,0,0,0,0,
CLOSED,WHSE D,45867,Mercado / Ornales,JULY-25-BLK1,D-12B,T138003,11255,317,7.47,2.94,0.571,0.591,11.96,3.14,84.9,,42.5,478337.5,84074.85,33089.7,6426.605,6651.705,134609.8,35340.7,955549.5,JULY-25-BLK1
,,,,,,,,,,,,,,,,,,0,0,0,0,0,0,0,0,
CLOSED,WHSE D,45868,Namoc,JULY-25-TNK2,D-3D,AMA 1979,32950,747,10.94,3.87,0.549,0.569,10.43,4.27,85.3,,44,1449800,360473,127516.5,18089.55,18748.55,343668.5,140696.5,2810635,JULY-25-TNK2
,,,,,,,,,,,,,,,,,,0,0,0,0,0,0,0,0,
CLOSED,WHSE A,45869,Paquibot,JULY-25-BLK13,A-17B,MAN 3625,21050,562,11.54,2.87,0.575,0.595,12.44,3.59,83.97,,43.25,910412.5,242917,60413.5,12103.75,12524.75,261862,75569.5,1767568.5,JULY-25-BLK13
,WHSE C,45869,Ornales,JULY-25-BLK9,C-11B,LFF 835,11705,360,9.27,3.34,0.585,0.605,12.86,2.74,84.4,,40,468200,108505.35,39094.7,6847.425,7081.525,150526.3,32071.7,987902,JULY-25-BLK9
CLOSED,WHSE D,45869,Suarez,JULY-25-BLK12,D-15D,JAH 5110,2710,70,9.34,2.6,0.581,0.601,14.78,2.3,82.92,,40,108400,25311.4,7046,1574.51,1628.71,40053.8,6233,224713.2,JULY-25-BLK12
,,,,,,,,,,,,,,,,,,0,0,0,0,0,0,0,0,
CLOSED,WHSE D,45870,Namoc,JULY-25-TNK2,D-3D,CCN 6007,30325,788,11.4,3.94,0.546,0.566,10.47,5.87,83.66,PILED IN JULY TANK 2,44,1334300,345705,119480.5,16557.45,17163.95,317502.75,178007.75,2536989.5,JULY-25-TNK2
,,,,,,,,,,,,,,,,,,0,0,0,0,0,0,0,0,
CLOSED,WHSE A,45871,Paquibot,JULY-25-BLK11,A-19A,AAV 6111,18545,473,11.6,2.74,0.578,0.598,13.88,3.04,83.08,PILED IN JULY BOCK 11,42.75,792798.75,215122,50813.3,10719.01,11089.91,257404.6,56376.8,1540718.6,JULY-25-BLK11
CLOSED,WHSE A,45871,Paquibot,JULY-25-BLK13,A-17B,MAN 3625,20420,470,11.34,3.04,0.575,0.595,12.4,3.49,84.11,PILED IN JULY BOCK 13,43.25,883165,231562.8,62076.8,11741.5,12149.9,253208,71265.8,1717526.2,JULY-25-BLK13
CLOSED,WHSE D,45871,Tag-at,JULY-25-BLK6,D-7D,KCA 378,15280,443,10.74,2.34,0.578,0.598,12.64,2.99,84.37,PILED IN JULY BOCK 6,42.25,645580,164107.2,35755.2,8831.84,9137.44,193139.2,45687.2,1289173.6,JULY-25-BLK6
CLOSED,WHSE D,45871,Tanilon,JULY-25-BLK8,D-12D,MAR2499,5140,125,12,1.14,0.588,0.608,13.67,3.87,82.46,PILED IN JULY BOCK 8,40,205600,61680,5859.6,3022.32,3125.12,70263.8,19891.8,423844.4,JULY-25-BLK8
CLOSED,WHSE D,45871,Namoc,AUG-25-TNK1,D-3C,CBJ3567,29080,793,11.27,4.15,0.552,0.572,10.44,4.75,84.81,,44,1279520,327731.6,120682,16052.16,16633.76,303595.2,138130,2466274.8,AUG-25-TNK1
,,,,,,,,,,,,,,,,,,0,0,0,0,0,0,0,0,
CLOSED,WHSE A,45874,Paquibot,JULY-25-BLK11,A-19A,KCA 378,17755,453,11.6,2.6,0.575,0.595,12.44,3.14,84.42,PILED IN JULY BOCK 11,42.75,759026.25,205958,46163,10209.125,10564.225,220872.2,55750.7,1498877.1,JULY-25-BLK11
,WHSE C,45874,Ornales,JULY-25-BLK9,C-11B,LFF 835,10115,323,8.74,3.4,0.581,0.601,13.58,3.68,82.74,PILED IN JULY BOCK 9,42.5,429887.5,88405.1,34391,5876.815,6079.115,137361.7,37223.2,836915.1,JULY-25-BLK9
,WHSE C,45874,Mercado / Ornales,JULY-25-BLK9,C-11B,T138003,12130,326,9.34,2.94,0.575,0.595,11.4,2.77,85.83,PILED IN JULY BOCK 9,42.5,515525,113294.2,35662.2,6974.75,7217.35,138282,33600.1,1041117.9,JULY-25-BLK9
,,,,,,,,,,,,,,,,,,0,0,0,0,0,0,0,0,
CLOSED,WHSE A,45875,Paquibot,JULY-25-BLK13,A-17B,AAV 6111,18780,417,11.74,2.6,0.571,0.591,12.44,3.65,83.91,PILED IN JULY BOCK 13,42.75,802845,220477.2,48828,10723.38,11098.98,233623.2,68547,1575829.8,JULY-25-BLK13
CLOSED,WHSE A,45875,Baraquel/Paquibot ,JULY-25-BLK13,A-17B,RKK 449,4950,127,11.94,2.47,0.575,0.595,11.93,4.09,83.98,PILED IN JULY BOCK 13,43.25,214087.5,59103,12226.5,2846.25,2945.25,59053.5,20245.5,415701,JULY-25-BLK13
CLOSED,WHSE D,45875,Namoc,AUG-25-TNK2,D-4D,CCN 6007,30425,785,10.94,3.8,0.549,0.569,10.17,5.67,84.16,"CCN 6007 net kilos of 30,630 - .67%(AS) = 30,425",46,1399550,332849.5,115615,16703.325,17311.825,309422.25,172509.75,2560568,AUG-25-TNK2
,,,,,,,,,,,,,,,,,,0,0,0,0,0,0,0,0,
CLOSED,WHSE A,45876,Paquibot,AUG-25-BLK1,A-17A,KCA 378,16580,443,11.54,2.87,0.578,0.598,12.42,3.09,84.49,,43.75,725375,191333.2,47584.6,9583.24,9914.84,205923.6,51232.2,1400844.2,AUG-25-BLK1
,WHSE C,45876,Ornales,AUG-25-BLK2,C-12A,LFF 835,11085,265,9.34,3.34,0.585,0.605,13.76,3.64,82.6,,43.5,482197.5,103533.9,37023.9,6484.725,6706.425,152529.6,40349.4,915621,AUG-25-BLK2
,,,,,,,,,,,,,,,,,,0,0,0,0,0,0,0,0,
CLOSED,WHSE D,45877,Tag-at,AUG-25-BLK3,D-7C,AAV 6111,18255,468,11.4,3.6,0.568,0.588,13.64,3.16,83.2,,43.25,789528.75,208107,65718,10368.84,10733.94,248998.2,57685.8,1518816,AUG-25-BLK3
,WHSE C,45877,Ornales,AUG-25-BLK2,C-12A,LFF 835,10940,352,9.07,3.4,0.581,0.601,13.44,3.27,83.29,,43.5,475890,99225.8,37196,6356.14,6574.94,147033.6,35773.8,911192.6,AUG-25-BLK2
,WHSE C,45877,Mercado / Ornales,AUG-25-BLK2,C-12A,T138003,10560,285,10.27,3.8,0.585,0.605,12.25,2.94,84.81,,43.5,459360,108451.2,40128,6177.6,6388.8,129360,31046.4,895593.6,AUG-25-BLK2
,,,,,,,,,,,,,,,,,,0,0,0,0,0,0,0,0,
CLOSED,WHSE D,45880,Tag-at,AUG-25-BLK3,D-7C,KCA 378,15520,445,11.2,3.47,0.575,0.595,13.64,3.09,83.27,,43.25,671240,173824,53854.4,8924,9234.4,211692.8,47956.8,1292350.4,AUG-25-BLK3
,WHSE C,45880,Ornales,AUG-25-BLK2,C-12A,LFF 835,10875,297,9.8,3.6,0.581,0.601,12.46,2.87,84.67,,43.5,473062.5,106575,39150,6318.375,6535.875,135502.5,31211.25,920786.25,AUG-25-BLK2
CLOSED,WHSE D,45880,Nazareno,JULY-25-BLK8,D-12D,RKX 173,13935,375,11.87,2.2,0.568,0.588,12.24,4.28,83.48,PILED IN JULY BOCK 8,43,599205,165408.45,30657,7915.08,8193.78,170564.4,59641.8,1163293.8,JULY-25-BLK8
,,,,,,,,,,,,,,,,,,0,0,0,0,0,0,0,0,
,WHSE C,45881,Mercado / Ornales,AUG-25-BLK4,C-12B,T138003,14345,412,9.74,2.87,0.578,0.598,12.39,2.88,84.73,,43.5,624007.5,139720.3,41170.15,8291.41,8578.31,177734.55,41313.6,1215451.85,AUG-25-BLK4
CLOSED,FEED,45881,Paquibot,AUG-25-FEED1,,MAN 3625,18725,494,11.2,2.74,0.575,0.595,13.44,3.46,83.1,USED,44.25,828581.25,209720,51306.5,10766.875,11141.375,251664,64788.5,1556047.5,AUG-25-FEED1
,WHSE C,45881,Ornales,AUG-25-BLK2,C-12A,LFF 835,9885,385,9.34,3.47,0.585,0.605,13.59,3.29,83.12,,43.5,429997.5,92325.9,34300.95,5782.725,5980.425,134337.15,32521.65,821641.2,AUG-25-BLK2
,WHSE C,45881,Ornales,AUG-25-BLK4,C-12B,NEM 4608,20830,582,9.4,3.6,0.581,0.601,11.39,4.79,83.82,,43.5,906105,195802,74988,12102.23,12518.83,237253.7,99775.7,1745970.6,AUG-25-BLK4
CLOSED,WHSE D,45881,Namoc,AUG-25-TNK1,D-3C,CCN 6007,30830,789,12.74,3.8,0.552,0.572,10.89,4.94,84.17,,46,1418180,392774.2,117154,17018.16,17634.76,335738.7,152300.2,2594961.1,AUG-25-TNK1
CLOSED,WHSE D,45881,Namoc,AUG-25-TNK3,D-5C,RJT 342,24615,650,11.6,3.74,0.543,0.563,11.07,13.77,75.16,,46,1132290,285534,92060.1,13365.945,13858.245,272488.05,338948.55,1850063.4,AUG-25-TNK3
,,,,,,,,,,,,,,,,,,0,0,0,0,0,0,0,0,
CLOSED,WHSE A,45882,Paquibot,AUG-25-BLK1,A-17A,AAV 6111,16885,419,11.54,2.74,0.575,0.595,12.25,2.98,84.77,,43.75,738718.75,194852.9,46264.9,9708.875,10046.575,206841.25,50317.3,1431341.45,AUG-25-BLK1
CLOSED,WHSE D,45882,Tanilon,JULY-25-BLK8,D-12D,MAR2499,4545,108,11.87,2.8,0.585,0.605,13.44,4.28,82.28,PILED IN JULY BOCK 8,40,181800,53949.15,12726,2658.825,2749.725,61084.8,19452.6,373962.6,JULY-25-BLK8
,,,,,,,,,,,,,,,,,,0,0,0,0,0,0,0,0,
CLOSED,WHSE D,45883,Llanto,JULY-25-BLK8,D-12D,RGY 775,9175,236,11.67,2.8,0.571,0.591,13.44,3.19,83.37,PILED IN JULY BOCK 8,43,394525,107072.25,25690,5238.925,5422.425,123312,29268.25,764919.75,JULY-25-BLK8
CLOSED,FEED,45883,Paquibot,AUG-25-FEED2,,MAN 3625,22466,459,13.41,2.74,0.568,0.588,12.39,3.83,83.78,"MAN3625 net kilos of 22,725 - 1.14%(MC) = 22,466",44.25,994120.5,301269.06,61556.84,12760.688,13210.008,278353.74,86044.78,1882201.48,AUG-25-FEED2
CLOSED,WHSE D,45883,Tag-at,AUG-25-BLK3,D-7C,KCA 378,15365,416,11.07,3.6,0.565,0.585,13.78,2.76,83.46,,43.25,664536.25,170090.55,55314,8681.225,8988.525,211729.7,42407.4,1282362.9,AUG-25-BLK3
CLOSED,WHSE D,45883,Suarez ,JULY-25-BLK12,D-15D,JAH 5110,2770,70,10.94,2.94,0.578,0.598,14.44,2.66,82.9,PILED IN JULY BOCK 12,40,110800,30303.8,8143.8,1601.06,1656.46,39998.8,7368.2,229633,JULY-25-BLK12
,WHSE C,45883,Ornales,AUG-25-BLK5,C-13A,LFF 835,10750,343,10.87,3.54,0.578,0.598,12.56,3.78,83.66,,43.5,467625,116852.5,38055,6213.5,6428.5,135020,40635,899345,AUG-25-BLK5
,WHSE C,45883,Ornales,AUG-25-BLK5,C-13A,NEM 4608,20745,706,9.27,3.6,0.578,0.598,12.4,3.78,83.82,,43.5,902407.5,192306.15,74682,11990.61,12405.51,257238,78416.1,1738845.9,AUG-25-BLK5
,,,,,,,,,,,,,,,,,,0,0,0,0,0,0,0,0,
CLOSED,WHSE A,45884,Paquibot,AUG-25-BLK1,A-17A,AAV 6111,18350,417,11.8,2.94,0.568,0.588,13.24,3.59,83.17,,43.75,802812.5,216530,53949,10422.8,10789.8,242954,65876.5,1526169.5,AUG-25-BLK1
CLOSED,WHSE D,45884,Namoc,AUG-25-TNK3,D-5C,RFM 922,23380,598,9.2,3.74,0.546,0.566,9.67,9.6,80.73,,46,1075480,215096,87441.2,12765.48,13233.08,226084.6,224448,1887467.4,AUG-25-TNK3
CLOSED,WHSE D,45884,Namoc,AUG-25-TNK2,D-4D,RJY 331,19740,620,10.74,3.94,0.562,0.582,11.74,3.84,84.42,,46,908040,212007.6,77775.6,11093.88,11488.68,231747.6,75801.6,1666450.8,AUG-25-TNK2
,,,,,,,,,,,,,,,,,,0,0,0,0,0,0,0,0,
CLOSED,WHSE A,45887,Paquibot,AUG-25-BLK7,A-18A,MAN 3625,19385,532,11.67,2.74,0.575,0.595,12.39,3.89,83.72,,44.25,857786.25,226222.95,53114.9,11146.375,11534.075,240180.15,75407.65,1622912.2,AUG-25-BLK7
CLOSED,WHSE A,45887,Paquibot,AUG-25-BLK7,A-18A,AAV 6111,18525,510,10.4,2.34,0.585,0.605,14.6,2.62,82.78,,43.75,810468.75,192660,43348.5,10837.125,11207.625,270465,48535.5,1533499.5,AUG-25-BLK7
CLOSED,WHSE D,45887,Suarez ,JULY-25-BLK12,D-15D,JAH 5110,2850,70,9.2,2.2,0.578,0.598,13.46,2.34,84.2,PILED IN JULY BOCK 12,40,114000,26220,6270,1647.3,1704.3,38361,6669,239970,JULY-25-BLK12
CLOSED,WHSE C,45887,Ornales,AUG-25-BLK6,C-9A,NEM 4608,24580,538,12.2,3.87,0.578,0.598,11.48,4.38,84.14,,45,1106100,299876,95124.6,14207.24,14698.84,282178.4,107660.4,2068161.2,AUG-25-BLK6
,,,,,,,,,,,,,,,,,,0,0,0,0,0,0,0,0,
CLOSED,WHSE A,45888,Paquibot,AUG-25-BLK7,A-18A,KCA 378,17385,442,11.74,2.74,0.575,0.595,12.49,3.84,83.67,,43.75,760593.75,204099.9,47634.9,9996.375,10344.075,217138.65,66758.4,1454602.95,AUG-25-BLK7
,WHSE C,45888,Ornales,AUG-25-BLK5,C-13A,NEM 4608,23455,527,11.4,3.8,0.546,0.566,10.61,7.04,82.35,,43.5,1020292.5,267387,89129,12806.43,13275.53,248857.55,165123.2,1931519.25,AUG-25-BLK5
,WHSE C,45888,Mercado,AUG-25-BLK4,C-12B,T138003,9965,327,9.14,3.54,0.571,0.591,13.79,2.43,83.78,,43.5,433477.5,91080.1,35276.1,5690.015,5889.315,137417.35,24214.95,834867.7,AUG-25-BLK4
CLOSED,WHSE D,45888,Namoc,AUG-25-TNK4,D-4C,POE 591,18990,560,7.47,3.8,0.552,0.572,10.88,4.38,84.74,,46,873540,141855.3,72162,10482.48,10862.28,206611.2,83176.2,1609212.6,AUG-25-TNK4
CLOSED,WHSE D,45888,Namoc,AUG-25-TNK5,D-5B,RJT 342,23710,632,11.07,3.94,0.549,0.569,9.58,9.49,80.93,,46,1090660,262469.7,93417.4,13016.79,13490.99,227141.8,225007.9,1918850.3,AUG-25-TNK5
,,,,,,,,,,,,,,,,,,0,0,0,0,0,0,0,0,
CLOSED,WHSE A,45890,Paquibot,AUG-25-BLK8,A-19A,AAV 6111,18050,435,11.74,2.74,0.575,0.595,13.31,2.65,84.04,,43.75,789687.5,211907,49457,10378.75,10739.75,240245.5,47832.5,1516922,AUG-25-BLK8
,,,,,,,,,,,,,,,,,,0,0,0,0,0,0,0,0,
CLOSED,WHSE D,45891,Tanilon,JULY-25-BLK8,D-12D,MAR2499,5920,130,12,2.54,0.585,0.605,14.63,3.09,82.28,PILED IN JULY BOCK 8,40,236800,71040,15036.8,3463.2,3581.6,86609.6,18292.8,487097.6,JULY-25-BLK8
CLOSED,WHSE A,45891,Paquibot,AUG-25-BLK8,A-19A,MAN 3625,19315,512,11.47,2.8,0.581,0.601,12.66,2.84,84.5,,44.25,854688.75,221543.05,54082,11222.015,11608.315,244527.9,54854.6,1632117.5,AUG-25-BLK8
CLOSED,WHSE C,45891,Ornales,JUNE-25-BLK9,C-8A,KCA 378,17945,533,11.6,3.6,0.578,0.598,13.7,3.77,82.53,PILED IN JUNE BOCK 9,45,807525,208162,64602,10372.21,10731.11,245846.5,67652.65,1481000.85,JUNE-25-BLK9
CLOSED,WHSE C,45891,Ornales,AUG-25-BLK6,C-9A,NEM 4608,23295,545,13.34,3.94,0.543,0.563,10.66,7.49,81.85,,45,1048275,310755.3,91782.3,12649.185,13115.085,248324.7,174479.55,1906695.75,AUG-25-BLK6
CLOSED,WHSE D,45891,Suarez ,JULY-25-BLK12,D-15D,JAH 5110,2760,70,8.94,2.34,0.575,0.595,13.98,2.2,83.82,PILED IN JULY BOCK 12,40,110400,24674.4,6458.4,1587,1642.2,38584.8,6072,231343.2,JULY-25-BLK12
CLOSED,WHSE D,45891,Namoc,AUG-25-TNK6,D-5A,CBJ3567,28845,750,11.34,2.8,0.559,0.579,11.17,9.11,79.72,,46,1326870,327102.3,80766,16124.355,16701.255,322198.65,262777.95,2299523.4,AUG-25-TNK6
CLOSED,WHSE D,45891,Namoc,AUG-25-TNK5,D-5B,CAC 2732,30150,786,9.27,3.74,0.556,0.576,11.29,6.68,82.03,,46,1386900,279490.5,112761,16763.4,17366.4,340393.5,201402,2473204.5,AUG-25-TNK5
,,,,,,,,,,,,,,,,,,0,0,0,0,0,0,0,0,
,WHSE C,45892,Ornales,AUG-25-BLK10,C-13B,LFF 835,10870,353,11.27,3.87,0.581,0.601,12.42,6.3,81.28,,43.5,472845,122504.9,42066.9,6315.47,6532.87,135005.4,68481,883513.6,AUG-25-BLK10
,WHSE C,45892,Ornales,AUG-25-BLK10,C-13B,KCA 378,17780,504,9.74,3.6,0.571,0.591,13.36,2.88,83.76,,45,800100,173177.2,64008,10152.38,10507.98,237540.8,51206.4,1489252.8,AUG-25-BLK10
CLOSED,WHSE D,45892,Tag-at,AUG-25-BLK9,D-7B,AAV 6111,17290,436,11.54,2.74,0.578,0.598,13.39,3.74,82.87,,43.25,747792.5,199526.6,47374.6,9993.62,10339.42,231513.1,64664.6,1432822.3,AUG-25-BLK9
,,,,,,,,,,,,,,,,,,0,0,0,0,0,0,0,0,
,WHSE C,45895,Ornales,AUG-25-BLK10,C-13B,LFF 835,12355,358,11.4,3.94,0.581,0.601,12.47,3.7,83.83,,45,555975,140847,48678.7,7178.255,7425.355,154066.85,45713.5,1035719.65,AUG-25-BLK10
CLOSED,WHSE A,45895,Paquibot,AUG-25-BLK8,A-19A,MAN 3625,21515,488,11.8,2.6,0.575,0.595,13.78,3.51,82.71,,45.25,973553.75,253877,55939,12371.125,12801.425,296476.7,75517.65,1779505.65,AUG-25-BLK8
CLOSED,WHSE A,45895,Esito,NOV-25-SUNDRY6,A-4A,MFT 144,10246.33333,253,18.14,2.27,0.585,0.605,14.14,3.89,81.97,,40,409853.3333,185868.4867,23259.17667,5994.105,6199.031667,144883.1533,39858.23667,839891.9433,NOV-25-SUNDRY6
,,,,,,,,,,,,,,,,,,0,0,0,0,0,0,0,0,
CLOSED,FEED,45896,Paquibot,AUG-25-FEED3,,AAV 6111,16255,444,11.47,2.74,0.568,0.588,12.37,3.68,83.95,FEEDING,44.75,727411.25,186444.85,44538.7,9232.84,9557.94,201074.35,59818.4,1364607.25,AUG-25-FEED3
,WHSE C,45896,Ornales,AUG-25-BLK12,C-14A,KCA 378,17210,450,9.8,3.6,0.578,0.598,13.7,3.17,83.13,,44.5,765845,168658,61956,9947.38,10291.58,235777,54555.7,1430667.3,AUG-25-BLK12
CLOSED,WHSE D,45896,Tan,AUG-25-BLK13,D-13D,RLL 319,20835,518,11.27,3.14,0.575,0.595,11.61,3.98,84.41,,45.25,942783.75,234810.45,65421.9,11980.125,12396.825,241894.35,82923.3,1758682.35,AUG-25-BLK13
CLOSED,WHSE D,45896,Namoc,AUG-25-TNK7,D-2D,RFM 922,24200,571,10.6,3.87,0.549,0.569,10.68,4.58,84.74,,46,1113200,256520,93654,13285.8,13769.8,258456,110836,2050708,AUG-25-TNK7
CLOSED,WHSE D,45896,Namoc,AUG-25-TNK7,D-2D,CAC 2732,29365,793,10.87,3.94,0.543,0.563,10.74,4.76,84.5,,46,1350790,319197.55,115698.1,15945.195,16532.495,315380.1,139777.4,2481342.5,AUG-25-TNK7
,,,,,,,,,,,,,,,,,,0,0,0,0,0,0,0,0,
CLOSED,WHSE A,45897,Paquibot,AUG-25-BLK14,A-19B,AAV 6111,17480,434,10.74,2.8,0.581,0.601,14.48,2.74,82.78,,44.75,782230,187735.2,48944,10155.88,10505.48,253110.4,47895.2,1446994.4,AUG-25-BLK14
,WHSE C,45897,Ornales,AUG-25-BLK12,C-14A,LFF 835,10940,362,9.47,3.74,0.578,0.598,14.39,3.19,82.42,,45,492300,103601.8,40915.6,6323.32,6542.12,157426.6,34898.6,901674.8,AUG-25-BLK12
CLOSED,WHSE D,45897,Tag-at,AUG-25-BLK9,D-7B,KCA 378,16550,442,11.34,2.47,0.571,0.591,13.76,3.58,82.66,,43.25,715787.5,187677,40878.5,9450.05,9781.05,227728,59249,1368023,AUG-25-BLK9
CLOSED,WHSE D,45897,Suarez ,JULY-25-BLK12,D-15D,JAH 5110,2220,60,9.6,3.94,0.568,0.588,13.58,2.5,83.92,PILED IN JULY BOCK 12,40,88800,21312,8746.8,1260.96,1305.36,30147.6,5550,186302.4,JULY-25-BLK12
,WHSE C,45897,Mercado,AUG-25-BLK12,C-14A,T138003,22125,531,11.94,2.8,0.575,0.595,12.65,3.67,83.68,,45,995625,264172.5,61950,12721.875,13164.375,279881.25,81198.75,1851420,AUG-25-BLK12
,,,,,,,,,,,,,,,,,,0,0,0,0,0,0,0,0,
CLOSED,WHSE A,45898,Paquibot,AUG-25-BLK14,A-19B,AAV 6111,19255,438,11.87,4.34,0.552,0.572,12.5,3.48,84.02,,44.75,861661.25,228556.85,83566.7,10628.76,11013.86,240687.5,67007.4,1617805.1,AUG-25-BLK14
,WHSE C,45898,Ornales,AUG-25-BLK15,C-14B,MAV9202,19260,645,10.87,2.87,0.571,0.591,10.58,6.76,82.66,,45.5,876330,209356.2,55276.2,10997.46,11382.66,203770.8,130197.6,1592031.6,AUG-25-BLK15
,,,,,,,,,,,,,,,,,,0,0,0,0,0,0,0,0,
CLOSED,WHSE A,45899,Paquibot,AUG-25-BLK16,A-18B,MAN 3625,20175,540,11.74,2.6,0.578,0.598,12.52,3.49,83.99,,45.25,912918.75,236854.5,52455,11661.15,12064.65,252591,70410.75,1694498.25,AUG-25-BLK16
CLOSED,WHSE A,45899,Paquibot,AUG-25-BLK14,A-19B,KCA 378,17160,443,11.54,2.74,0.571,0.591,11.86,3.84,84.3,,44.75,767910,198026.4,47018.4,9798.36,10141.56,203517.6,65894.4,1446588,AUG-25-BLK14
CLOSED,WHSE D,45899,Namoc,AUG-25-TNK4,D-4C,POE 591,19325,575,9.14,3.8,0.543,0.563,10.29,4.88,84.83,,46,888950,176630.5,73435,10493.475,10879.975,198854.25,94306,1639339.75,AUG-25-TNK4
,,,,,,,,,,,,,,,,,,0,0,0,0,0,0,0,0,
,WHSE C,45901,Ornales ,AUG-25-BLK12,C-14A,LFF 835,11030,332,10.54,3.87,0.578,0.598,14.4,2.84,82.76,Pile in August # 12,45,496350,116256.2,42686.1,6375.34,6595.94,158832,31325.2,912842.8,AUG-25-BLK12
CLOSED,WHSE C,45901,Ornales ,AUG-25-BLK6,C-9A,MAV9202,22665,536,13.74,6.14,0.543,0.563,10.67,5.98,83.35,Pile in August # 6,45,1019925,311417.1,139163.1,12307.095,12760.395,241835.55,135536.7,1889127.75,AUG-25-BLK6
,,,,,,,,,,,,,,,,,,0,0,0,0,0,0,0,0,
,WHSE C,45902,Ornales ,AUG-25-BLK15,C-14B,LFF 835,11860,312,11.2,4.47,0.578,0.598,12.6,3.46,83.94,Pile in August # 15,45,533700,132832,53014.2,6855.08,7092.28,149436,41035.6,995528.4,AUG-25-BLK15
CLOSED,WHSE D,45902,Llanto,AUG-25-BLK13,D-13D,RGY 775,5325,149,12.8,2.34,0.575,0.595,14.28,3.09,82.63,Pile in August # 13,43,228975,68160,12460.5,3061.875,3168.375,76041,16454.25,440004.75,AUG-25-BLK13
,,,,,,,,,,,,,,,,,,0,0,0,0,0,0,0,0,
CLOSED,FEED,45903,Paquibot,SEPT-25-FEED1,,KCA 378,18000,455,11.94,2.54,0.571,0.591,12.04,3.45,84.51,FEEDING,44.75,805500,214920,45720,10278,10638,216720,62100,1521180,SEPT-25-FEED1
CLOSED,WHSE D,45903,Tag-at,AUG-25-BLK9,D-7B,AAV 6111,17230,462,11.34,2.6,0.575,0.595,12.84,3.22,83.94,Pile in August # 9,43.25,745197.5,195388.2,44798,9907.25,10251.85,221233.2,55480.6,1446286.2,AUG-25-BLK9
,WHSE C,45903,Ornales ,AUG-25-BLK15,C-14B,LFF 835,11615,385,10.94,4.8,0.581,0.601,14.11,3.59,82.3,Pile in August # 15,45,522675,127068.1,55752,6748.315,6980.615,163887.65,41697.85,955914.5,AUG-25-BLK15
CLOSED,WHSE D,45903,Suarez,JULY-25-BLK12,D-15D,JAH5110,2680,70,10.87,4.87,0.568,0.588,13.85,2.82,83.33,Pile in July # 12,42.5,113900,29131.6,13051.6,1522.24,1575.84,37118,7557.6,223324.4,JULY-25-BLK12
,,,,,,,,,,,,,,,,,,0,0,0,0,0,0,0,0,
CLOSED,WHSE A,45904,Paquibot,AUG-25-BLK16,A-18B,MAN3625,20925,560,11.6,2.87,0.575,0.595,12.53,3.89,83.58,Pile in August # 16,45.25,946856.25,242730,60054.75,12031.875,12450.375,262190.25,81398.25,1748911.5,AUG-25-BLK16
CLOSED,WHSE A,45904,Paquibot,AUG-25-BLK16,A-18B,AAV 6111,17735,434,11.8,2.54,0.568,0.588,12.35,3.47,84.18,Pile in August # 16,44.75,793641.25,209273,45046.9,10073.48,10428.18,219027.25,61540.45,1492932.3,AUG-25-BLK16
,WHSE C,45904,Mercado,AUG-25-BLK15,C-14B,T138003,11770,321,10.94,3.27,0.571,0.591,13.59,3.68,82.73,Pile in August # 15,45,529650,128763.8,38487.9,6720.67,6956.07,159954.3,43313.6,973732.1,AUG-25-BLK15
,,,,,,,,,,,,,,,,,,0,0,0,0,0,0,0,0,
,WHSE C,45905,Ornales ,SEPT-25-BLK1,C-15A,MAV9202,21160,671,8.2,2.8,0.581,0.601,14.04,3.02,82.94,,46,973360,173512,59248,12293.96,12717.16,297086.4,63903.2,1755010.4,SEPT-25-BLK1
,WHSE C,45905,Arbellera,SEPT-25-BLK1,C-15A,CAO 7817,5370,225,9.8,3.16,0.585,0.605,12.46,4.38,83.16,,45,241650,52626,16969.2,3141.45,3248.85,66910.2,23520.6,446569.2,SEPT-25-BLK1
,,,,,,,,,,,,,,,,,,0,0,0,0,0,0,0,0,
CLOSED,FEED,45906,Paquibot,SEPT-25-FEED2,,KCA 378,15070,477,11.2,2.54,0.578,0.598,13.74,3.22,83.04,FEEDING,44.75,674382.5,168784,38277.8,8710.46,9011.86,207061.8,48525.4,1251412.8,SEPT-25-FEED2
CLOSED,WHSE A,45906,Paquibot,AUG-25-BLK16,A-18B,AAV 6111,19765,462,11.74,2.6,0.571,0.591,12.29,3.84,83.87,Pile in August # 16,44.75,884483.75,232041.1,51389,11285.815,11681.115,242911.85,75897.6,1657690.55,AUG-25-BLK16
,,,,,,,,,,,,,,,,,,0,0,0,0,0,0,0,0,
CLOSED,WHSE D,45908,Tanilon,SEPT-25-BLK2,D-12D,MAR2499,6366,133,13.2,2.74,0.585,0.605,14.81,4.08,81.11,"MAR2499 net kilos of 6,430 - 1%(MC (64) - 6,366",42.5,270555,84031.2,17442.84,3724.11,3851.43,94280.46,25973.28,516346.26,SEPT-25-BLK2
CLOSED,WHSE D,45908,Suarez,JULY-25-BLK12,D-15D,JAH5110,2685,70,10.74,4.2,0.568,0.588,13.4,2.96,83.64,Pile in July # 12,42.5,114112.5,28836.9,11277,1525.08,1578.78,35979,7947.6,224573.4,JULY-25-BLK12
,,,,,,,,,,,,,,,,,,0,0,0,0,0,0,0,0,
,WHSE C,45909,Ornales ,SEPT-25-BLK1,C-15A,LFF 835,12155,333,10.8,3.6,0.581,0.601,13.42,2.77,83.81,,45,546975,131274,43758,7062.055,7305.155,163120.1,33669.35,1018710.55,SEPT-25-BLK1
,WHSE C,45909,Ornales ,SEPT-25-BLK1,C-15A,MAV9202,23925,494,12.94,4.47,0.565,0.585,12.39,4.81,82.8,,45,1076625,309589.5,106944.75,13517.625,13996.125,296430.75,115079.25,1980990,SEPT-25-BLK1
CLOSED,FEED,45909,Paquibot,SEPT-25-FEED3,,MAN3625,21220,535,13.07,2.54,0.578,0.598,12.96,3.98,83.06,,45.25,960205,277345.4,53898.8,12265.16,12689.56,275011.2,84455.6,1762533.2,SEPT-25-FEED3
,,,,,,,,,,,,,,,,,,0,0,0,0,0,0,0,0,
CLOSED,WHSE A,45910,Paquibot,SEPT-25-BLK3,A-17B,AAV 6111,19845,456,11.6,2.6,0.571,0.591,13.28,4.08,82.64,,44.75,888063.75,230202,51597,11331.495,11728.395,263541.6,80967.6,1639990.8,SEPT-25-BLK3
,WHSE C,45910,Mercado,SEPT-25-BLK1,C-15A,T138003,11550,323,10.94,4.6,0.559,0.579,12.93,3.95,83.12,,45,519750,126357,53130,6456.45,6687.45,149341.5,45622.5,960036,SEPT-25-BLK1
,,,,,,,,,,,,,,,,,,0,0,0,0,0,0,0,0,
CLOSED,FEED,45911,Paquibot,SEPT-25-FEED4,,MAN3625,19935,515,11.8,2.6,0.571,0.591,13.39,3.22,83.39,FEEDING,45.25,902058.75,235233,51831,11382.885,11781.585,266929.65,64190.7,1662379.65,SEPT-25-FEED4
,WHSE D,45911,Tag-at,SEPT-25-BLK4,D-7D,AAV 6111,15955,461,11.2,2.14,0.578,0.598,14.04,3.45,82.51,,44.5,709997.5,178696,34143.7,9221.99,9541.09,224008.2,55044.75,1316447.05,SEPT-25-BLK4
,,,,,,,,,,,,,,,,,,0,0,0,0,0,0,0,0,
CLOSED,WHSE C,45912,Ornales ,SEPT-25-BLK6,C-17A,MAV9202,21510,529,9.87,3.34,0.556,0.576,12.88,4.09,83.03,,46,989460,212303.7,71843.4,11959.56,12389.76,277048.8,87975.9,1785975.3,SEPT-25-BLK6
CLOSED,WHSE D,45912,Namoc,SEPT-25-TNK1,D-1D,RFM922,22050,620,9.27,3.6,0.559,0.579,12.55,3.28,84.17,,46,1014300,204403.5,79380,12325.95,12766.95,276727.5,72324,1855948.5,SEPT-25-TNK1
,,,,,,,,,,,,,,,,,,0,0,0,0,0,0,0,0,
CLOSED,WHSE A,45913,Paquibot,AUG-25-BLK14,A-19B,KCA 378,17125,442,11.87,2.74,0.568,0.588,11.97,3.78,84.25,Pile in August # 14,44.75,766343.75,203273.75,46922.5,9727,10069.5,204986.25,64732.5,1442781.25,AUG-25-BLK14
CLOSED,FEED,45913,Paquibot,SEPT-25-FEED5,,MAN3625,18985,542,11.4,2.8,0.575,0.595,13.22,3.94,82.84,,45.25,859071.25,216429,53158,10916.375,11296.075,250981.7,74800.9,1572717.4,SEPT-25-FEED5
,,,,,,,,,,,,,,,,,,0,0,0,0,0,0,0,0,
CLOSED,WHSE D,45915,Nazareno,SEPT-25-BLK2,D-12D,RKX173,14340,333,12,2.34,0.578,0.598,12.38,3.88,83.74,,43,616620,172080,33555.6,8288.52,8575.32,177529.2,55639.2,1200831.6,SEPT-25-BLK2
,,,,,,,,,,,,,,,,,,0,0,0,0,0,0,0,0,
CLOSED,WHSE A,45916,Paquibot,SEPT-25-BLK3,A-17B,KCA 378,18000,437,11.54,2.6,0.571,0.591,13.8,3.74,82.46,,44.75,805500,207720,46800,10278,10638,248400,67320,1484280,SEPT-25-BLK3
CLOSED,WHSE A,45916,Paquibot,SEPT-25-BLK3,A-17B,AAV 6111,18345,498,11.14,2.4,0.578,0.598,13.54,2.6,83.86,,44.75,820938.75,204363.3,44028,10603.41,10970.31,248391.3,47697,1538411.7,SEPT-25-BLK3
CLOSED,WHSE A,45916,Esito,NOV-25-SUNDRY6,A-4A,ADEA457,10246.33333,226,11.8,2.74,0.585,0.605,14.04,3.8,82.16,Pile in August # 11,40,409853.3333,120906.7333,28074.95333,5994.105,6199.031667,143858.52,38936.06667,841838.7467,NOV-25-SUNDRY6
CLOSED,WHSE C,45916,Ornales ,SEPT-25-BLK6,C-17A,MAV9202,19905,612,10.07,2.34,0.581,0.601,13.4,3.47,83.13,,45,895725,200443.35,46577.7,11564.805,11962.905,266727,69070.35,1654702.65,SEPT-25-BLK6
,,,,,,,,,,,,,,,,,,0,0,0,0,0,0,0,0,
CLOSED,WHSE D,45917,Namoc,AUG-25-TNK6,D-5A,CBN7219,30615,787,11.47,5.6,0.549,0.569,10.4,8.84,80.76,Pile in August TANK 4,46,1408290,351154.05,171444,16807.635,17419.935,318396,270636.6,2472467.4,AUG-25-TNK6
,,,,,,,,,,,,,,,,,,0,0,0,0,0,0,0,0,
CLOSED,FEED,45918,Paquibot,SEPT-25-FEED6,,KCA 378,18520,472,11.6,2.74,0.571,0.591,13.88,3.43,82.69,,44.75,828770,214832,50744.8,10574.92,10945.32,257057.6,63523.6,1531418.8,SEPT-25-FEED6
,WHSE D,45918,Tag-at,SEPT-25-BLK4,D-7D,AAV 6111,16410,463,11.34,2.6,0.578,0.598,14.09,2.54,83.37,,45,738450,186089.4,42666,9484.98,9813.18,231216.9,41681.4,1368101.7,SEPT-25-BLK4
CLOSED,WHSE C,45918,Ornales ,SEPT-25-BLK6,C-17A,MAT 6591,3015,54,8.94,4.54,0.581,0.601,14.3,4.74,80.96,,45,135675,26954.1,13688.1,1751.715,1812.015,43114.5,14291.1,244094.4,SEPT-25-BLK6
,,,,,,,,,,,,,,,,,,0,0,0,0,0,0,0,0,
CLOSED,WHSE A,45919,Paquibot,SEPT-25-BLK3,A-17B,AAV 6111,18070,429,11.74,2.79,0.578,0.598,12.38,3.99,83.63,,44.75,808632.5,212141.8,50415.3,10444.46,10805.86,223706.6,72099.3,1511194.1,SEPT-25-BLK3
CLOSED,WHSE C,45919,Mercado,SEPT-25-BLK6,C-17A,T138003,16070,396,9.74,2.28,0.578,0.598,12.54,3.07,84.39,,45,723150,156521.8,36639.6,9288.46,9609.86,201517.8,49334.9,1356147.3,SEPT-25-BLK6
,WHSE D,45919,Tanilon,SEPT-25-BLK5,D-16D,MAR2499,5628,112,13,2.2,0.585,0.605,13.41,4.38,82.21,"MAR2499 net kilos of 5,685 - 1%(MC (57) - 5,628",42.5,239190,73164,12381.6,3292.38,3404.94,75471.48,24650.64,462677.88,SEPT-25-BLK5
,,,,,,,,,,,,,,,,,,0,0,0,0,0,0,0,0,
,WHSE C,45920,Ornales ,SEPT-25-BLK7,C-15B,LFF 835,11565,327,9.2,3.8,0.581,0.601,12.44,3.87,83.69,,45.5,526207.5,106398,43947,6719.265,6950.565,143868.6,44756.55,967874.85,SEPT-25-BLK7
CLOSED,WHSE D,45920,Namoc,SEPT-25-TNK2,D-5D,CBN7219,22732.41,610,10.34,5.27,0.546,0.566,11.41,4.65,83.94,,46,1045690.86,235053.1194,119799.8007,12411.89586,12866.54406,259376.7981,105705.7065,1908158.495,SEPT-25-TNK2
CLOSED,WHSE D,45920,Namoc,SEPT-25-TNK2,D-5D,CBN7219,5962.59,160,14.4,5.27,0.546,0.566,13.69,12.34,73.97,,46,274279.14,85861.296,31422.8493,3255.57414,3374.82594,81627.8571,73578.3606,441052.7823,SEPT-25-TNK2
,,,,,,,,,,,,,,,,,,0,0,0,0,0,0,0,0,
CLOSED,FEED,45922,Paquibot,SEPT-25-FEED7,,KCA 378,18510,465,11.6,2.18,0.575,0.595,12.24,3.88,83.88,FOR FEEDING,44.75,828322.5,214716,40351.8,10643.25,11013.45,226562.4,71818.8,1552618.8,SEPT-25-FEED7
CLOSED,WHSE D,45922,Llanto,SEPT-25-BLK2,D-12D,RGY 775,7220,182,11.14,2.14,0.578,0.598,13.69,2.99,83.32,,43,310460,80430.8,15450.8,4173.16,4317.56,98841.8,21587.8,601570.4,SEPT-25-BLK2
,WHSE C,45922,Ornales ,SEPT-25-BLK7,C-15B,MAV9202,20960,453,10.2,5.74,0.562,0.582,12.77,3.17,84.06,,45,943200,213792,120310.4,11779.52,12198.72,267659.2,66443.2,1761897.6,SEPT-25-BLK7
,,,,,,,,,,,,,,,,,,0,0,0,0,0,0,0,0,
CLOSED,WHSE D,45923,Tanilon,SEPT-25-BLK2,D-12D,MAR2499,5108,120,13.87,2.34,0.585,0.601,11.22,3.95,84.83,,42.5,217090,70847.96,11952.72,2988.18,3069.908,57311.76,20176.6,433311.64,SEPT-25-BLK2
CLOSED,WHSE A,45923,Paquibot,SEPT-25-BLK8,A-17C,KCA 378,17310,438,12.14,2.8,0.578,0.598,12.48,4.05,83.47,,44.75,774622.5,210143.4,48468,10005.18,10351.38,216028.8,70105.5,1444865.7,SEPT-25-BLK8
,,,,,,,,,,,,,,,,,,0,0,0,0,0,0,0,0,
,WHSE D,45924,Tag-at,SEPT-25-BLK4,D-7D,AAV 6111,16740,458,11.07,2.34,0.578,0.598,13.99,3.09,82.92,,44.5,744930,185311.8,39171.6,9675.72,10010.52,234192.6,51726.6,1388080.8,SEPT-25-BLK4
,WHSE C,45924,Ornales ,SEPT-25-BLK7,C-15B,LFF 835,11050,368,8.87,3.6,0.581,0.601,13.22,3.85,82.93,,45.5,502775,98013.5,39780,6420.05,6641.05,146081,42542.5,916376.5,SEPT-25-BLK7
,,,,,,,,,,,,,,,,,,0,0,0,0,0,0,0,0,
CLOSED,WHSE D,45925,Maranio,SEPT-25-BLK2,D-12D,CTX 146,12995,346,10.8,2.34,0.585,0.605,13.98,3.14,82.88,,42.5,552287.5,140346,30408.3,7602.075,7861.975,181670.1,40804.3,1077025.6,SEPT-25-BLK2
CLOSED,WHSE A,45925,Paquibot,SEPT-25-BLK8,A-17C,KCA 378,19200,461,11.74,2.6,0.575,0.595,12.02,3.99,83.99,,44.75,859200,225408,49920,11040,11424,230784,76608,1612608,SEPT-25-BLK8
CLOSED,FEED,45925,Paquibot,SEPT-25-FEED8,,MAN3625,19495,556,11.6,2.54,0.575,0.595,12.39,3.33,84.28,,45.25,882148.75,226142,49517.3,11209.625,11599.525,241543.05,64918.35,1643038.6,SEPT-25-FEED8
CLOSED,WHSE A,45925,Paquibot,SEPT-25-BLK8,A-17C,AAV 6111,18480,543,11.34,2.74,0.581,0.601,14.59,2.78,82.63,,44.75,826980,209563.2,50635.2,10736.88,11106.48,269623.2,51374.4,1527002.4,SEPT-25-BLK8
,WHSE C,45925,Ornales ,SEPT-25-BLK9,C-1A,MAV9202,19575,726,10.2,4.6,0.565,0.585,12.78,4.04,83.18,,45.5,890662.5,199665,90045,11059.875,11451.375,250168.5,79083,1628248.5,SEPT-25-BLK9
,WHSE C,45925,Mercado,SEPT-25-BLK7,C-15B,MDH272,7595,228,10.54,4.74,0.562,0.582,13.44,2.88,83.68,,45,341775,80051.3,36000.3,4268.39,4420.29,102076.8,21873.6,635549.6,SEPT-25-BLK7
,,,,,,,,,,,,,,,,,,0,0,0,0,0,0,0,0,
,WHSE C,45926,Ornales ,SEPT-25-BLK7,C-15B,CNN7297,4530,150,9.07,3.14,0.565,0.585,12.41,3.92,83.67,,45.5,206115,41087.1,14224.2,2559.45,2650.05,56217.3,17757.6,379025.1,SEPT-25-BLK7
CLOSED,WHSE D,45926,Namoc,SEPT-25-TNK1,D-1D,CAA4762,18600,548,9.87,5.74,0.549,0.569,11.97,4.28,83.75,,46,855600,183582,106764,10211.4,10583.4,222642,79608,1557750,SEPT-25-TNK1
,,,,,,,,,,,,,,,,,,0,0,0,0,0,0,0,0,
CLOSED,WHSE A,45927,Paquibot,SEPT-25-BLK10,A-18C,AAV 6111,20120,426,11.74,2.47,0.575,0.595,12.25,3.46,84.29,,44.75,900370,236208.8,49696.4,11569,11971.4,246470,69615.2,1695914.8,SEPT-25-BLK10
CLOSED,WHSE A,45927,Paquibot,SEPT-25-BLK10,A-18C,KCA 378,19330,478,11.54,2.4,0.578,0.598,12.39,3.88,83.73,,44.75,865017.5,223068.2,46392,11172.74,11559.34,239498.7,75000.4,1618500.9,SEPT-25-BLK10
CLOSED,WHSE A,45927,Paquibot,DEC-25-SUN5,A-3A,RKK449,3818,140,19.54,2.74,0.581,0.601,13.66,4.22,82.12,"RKK449 net kilos of 5,310 - 7.54%(MC  OF 128 SACKS (366) - 4,944",45.25,172764.5,74603.72,10461.32,2218.258,2294.618,52153.88,16111.96,313534.16,DEC-25-SUN5
CLOSED,WHSE D,45927,Namoc,SEPT-25-TNK2,D-5D,CBN7219,30125,803,10.34,5.67,0.549,0.569,13.39,12.72,73.89,,46,1385750,311492.5,170808.75,16538.625,17141.125,403373.75,383190,2225936.25,SEPT-25-TNK2
,,,,,,,,,,,,,,,,,,0,0,0,0,0,0,0,0,
,WHSE D,45929,Llanto,SEPT-25-BLK5,D-16D,RKJ477,4916,125,14.07,2.18,0.575,0.595,12.25,3.65,84.1,"RKJ477 net kilos of 5,020 - 2.07%(MC  ) - 4,916",43,211388,69168.12,10716.88,2826.7,2925.02,60221,17943.4,413435.6,SEPT-25-BLK5
,WHSE D,45929,Llanto,SEPT-25-BLK5,D-16D,ALA9958,24856,540,13.87,2.59,0.578,0.598,12.78,3.94,83.28,"ALA9958 net kilos of 25,330 - 1.87%(MC) = 24,856",43,1068808,344752.72,64377.04,14366.768,14863.888,317659.68,97932.64,2070007.68,SEPT-25-BLK5
CLOSED,WHSE D,45929,Tanilon,SEPT-25-BLK2,D-12D,218842,5463,118,12.4,2.43,0.585,0.605,14.39,3.14,82.47,"MAR2499 net kilos of 5,485 - .40%(MC ) - 5,463",42.5,232177.5,67741.2,13275.09,3195.855,3305.115,78612.57,17153.82,450533.61,SEPT-25-BLK2
,WHSE C,45929,Ornales ,SEPT-25-BLK9,C-1A,MAV9202,20235,630,9.2,3.19,0.565,0.585,13.02,4.14,82.84,,46,930810,186162,64549.65,11432.775,11837.475,263459.7,83772.9,1676267.4,SEPT-25-BLK9
CLOSED,WHSE D,45929,Namoc,SEPT-25-TNK1,D-1D,CAA4762,18260,535,9.27,2.39,0.581,0.601,13.99,3.38,82.63,,46,839960,169270.2,43641.4,10609.06,10974.26,255457.4,61718.8,1508823.8,SEPT-25-TNK1
,,,,,,,,,,,,,,,,,,0,0,0,0,0,0,0,0,
CLOSED,FEED,45930,Paquibot,SEPT-25-FEED9,,KCA 378,19892,464,14.13,2.24,0.578,0.598,11.88,4.35,83.77,"KCA378 net kilos of 20,325 - 2.13%(MC) = 19,892",44.75,890167,281073.96,44558.08,11497.576,11895.416,236316.96,86530.2,1666352.84,SEPT-25-FEED9
,WHSE C,45930,Ornales ,SEPT-25-BLK9,C-1A,LFF 835,11680,320,9.74,3.14,0.581,0.601,12.47,3.89,83.64,,46,537280,113763.2,36675.2,6786.08,7019.68,145649.6,45435.2,976915.2,SEPT-25-BLK9
IN-USE,WHSE D,45930,Namoc,SEPT-25-TNK3,D-5C,CCN 6007,29800,793,9.94,4.74,0.541,0.561,12.02,4.59,83.39,,46,1370800,296212,141252,16121.8,16717.8,358196,136782,2485022,SEPT-25-TNK3
,,,,,,,,,,,,,,,,,,0,0,0,0,0,0,0,0,
CLOSED,WHSE A,45931,Paquibot,SEPT-25-BLK10,A-18C,AAV 6111,19643,432,12.34,2.74,0.581,0.601,13.09,3.49,83.42,PILE IN SEPTEMBER BLOCK 10,44.75,879024.25,242394.62,53821.82,11412.583,11805.443,257126.87,68554.07,1638619.06,SEPT-25-BLK10
,WHSE D,45931,Paquibot,OCT-25-BLK1,D-9D,KCA 378,18216,441,12.27,2.6,0.578,0.598,12.28,3.66,84.06,,44.75,815166,223510.32,47361.6,10528.848,10893.168,223692.48,66670.56,1531236.96,OCT-25-BLK1
,,,,,,,,,,,,,,,,,,0,0,0,0,0,0,0,0,
,WHSE D,45932,Tag-at,SEPT-25-BLK4,D-7D,AAV 6111,15535,456,11.87,2.47,0.581,0.601,13.6,2.79,83.61,PILE IN SEPTEMBER BLOCK 4,44.5,691307.5,184400.45,38371.45,9025.835,9336.535,211276,43342.65,1298881.35,SEPT-25-BLK4
,WHSE C,45932,Ornales,OCT-25-BLK2,C-7A,MAV 9202,21821,540,13.74,3.8,0.546,0.566,10.38,10.13,79.49,"MAV9202 net kilos of 22,970 - 5%(MC & ash) = 21,821",46,1003766,299820.54,82919.8,11914.266,12350.686,226501.98,221046.73,1734551.29,OCT-25-BLK2
CLOSED,WHSE D,45932,Namoc,SEPT-25-TNK2,D-5D,RFM 922,24930,627,10.2,4.87,0.549,0.569,11.28,8.95,79.77,PILE IN SEPTEMBER TANK 2,46,1146780,254286,121409.1,13686.57,14185.17,281210.4,223123.5,1988666.1,SEPT-25-TNK2
,,,,,,,,,,,,,,,,,,0,0,0,0,0,0,0,0,
,WHSE C,45933,Ornales,OCT-25-BLK5,C-1B,LFF 835,11385,333,9.34,2.34,0.585,0.605,13.08,2.96,83.96,,46,523710,106335.9,26640.9,6660.225,6887.925,148915.8,33699.6,955884.6,OCT-25-BLK5
,WHSE C,45933,Ornales,OCT-25-BLK5,C-1B,MAV 9202,20135,620,9.47,3.1,0.578,0.598,12.99,3.81,83.2,,46,926210,190678.45,62418.5,11638.03,12040.73,261553.65,76714.35,1675232,OCT-25-BLK5
,WHSE C,45933,Mercado,OCT-25-BLK5,C-1B,MAK 8332,5415,180,9.4,3.14,0.571,0.591,14.54,2.68,82.78,,45,243675,50901,17003.1,3091.965,3200.265,78734.1,14512.2,448253.7,OCT-25-BLK5
,WHSE D,45933,Paquibot,OCT-25-BLK1,D-9D,KCA 378,17200,443,11.67,2.54,0.578,0.598,12.14,3.74,84.12,,45.25,778300,200724,43688,9941.6,10285.6,208808,64328,1446864,OCT-25-BLK1
,WHSE D,45933,Paquibot,OCT-25-BLK4,D-9C,MAN3625,19265,488,11.14,2.6,0.581,0.601,13.49,3.19,83.32,,45.25,871741.25,214612.1,50089,11192.965,11578.265,259884.85,61455.35,1605159.8,OCT-25-BLK4
CLOSED,WHSE A,45933,Paquibot,NOV-25-SUNDRY8,A-4C,AAV 6111,15985,437,30.47,3.08,0.571,0.591,11.88,4.45,83.67,"AAV 6111 net kilos of 19,540 - 5%(MC) = 18,563",42,671370,487062.95,49233.8,9127.435,9447.135,189901.8,71133.25,1337464.95,NOV-25-SUNDRY8
CLOSED,WHSE A,45933,Esito,NOV-25-SUNDRY6,A-4A,KDE 457,10246.33333,175,26.34,2.34,0.581,0.601,12.8,4.7,82.5,"KDE457 net kilos of  9,765  - 14%(MC) = 8,398 / PILE IN AUGUST BLOCK 11",42.5,435469.1667,269888.42,23976.42,5953.119667,6158.046333,131153.0667,48157.76667,845322.5,NOV-25-SUNDRY6
,,,,,,,,,,,,,,,,,,0,0,0,0,0,0,0,0,
,WHSE D,45934,Paquibot,OCT-25-BLK1,D-9D,AAV 6111,17690,438,11.74,2.34,0.575,0.595,13.44,3.68,82.88,,44.75,791627.5,207680.6,41394.6,10171.75,10525.55,237753.6,65099.2,1466147.2,OCT-25-BLK1
,WHSE D,45934,Paquibot,OCT-25-BLK6,D-10D,KCA 378,17578,450,14.07,2.6,0.578,0.598,11.91,4.21,83.88,"KCA 378 net kilos of 17,950 - 2.07%(MC) = 17,578",44.75,786615.5,247322.46,45702.8,10160.084,10511.644,209353.98,74003.38,1474442.64,OCT-25-BLK6
,,,,,,,,,,,,,,,,,,0,0,0,0,0,0,0,0,
,WHSE D,45936,Paquibot,OCT-25-BLK1,D-9D,KCA 378,17964,444,12.34,2.4,0.575,0.595,13.28,3.91,82.81,"KCA 378 net kilos of 18,025 - .34%(MC) = 17,964",44.75,803889,221675.76,43113.6,10329.3,10688.58,238561.92,70239.24,1487598.84,OCT-25-BLK1
,WHSE D,45936,Paquibot,OCT-25-BLK4,D-9C,MAN3625,19250,526,11.6,2.34,0.571,0.591,13.71,3.29,83,,45.25,871062.5,223300,45045,10991.75,11376.75,263917.5,63332.5,1597750,OCT-25-BLK4
CLOSED,WHSE D,45936,Tanilon,SEPT-25-BLK2,D-12D,218842,5704,130,13.4,2.8,0.585,0.605,13.38,4.14,82.48,"MAR2499 net kilos of 5,785 - 1.40%(MC) = 5,704 / PILED IN SEPTEMBER # 2",42.5,242420,76433.6,15971.2,3336.84,3450.92,76319.52,23614.56,470465.92,SEPT-25-BLK2
,WHSE D,45936,Llanto,OCT-25-BLK8,D-13D,ALA9958,20911,569,12.14,2.14,0.578,0.598,12.76,2.86,84.38,"ALA9958 net kilos of 20,940 - .14%(MC) = 20,911",43,899173,253859.54,44749.54,12086.558,12504.778,266824.36,59805.46,1764470.18,OCT-25-BLK8
CLOSED,WHSE C,45936,Ornales,OCT-25-BLK7,C-17B,MAV 9202,20920,648,9.14,3.14,0.575,0.595,14.14,4.6,81.26,,46,962320,191208.8,65688.8,12029,12447.4,295808.8,96232,1699959.2,OCT-25-BLK7
,WHSE D,45936,Layupan,OCT-25-BLK9,D-15D,NFD5679,21495,623,11.07,2.6,0.588,0.608,12.4,3.87,83.73,,42,902790,237949.65,55887,12639.06,13068.96,266538,83185.65,1799776.35,OCT-25-BLK9
CLOSED,FEED,45936,Re-cook/Lapayag bernie,OCT-25-FEED1,,GGN249,2005,58,10.45,2.66,0.575,0.595,11.64,2.91,85.45,,1.75,3508.75,20952.25,5333.3,1152.875,1192.975,23338.2,5834.55,171327.25,OCT-25-FEED1
,,,,,,,,,,,,,,,,,,0,0,0,0,0,0,0,0,
,WHSE D,45937,Paquibot,OCT-25-BLK1,D-9D,KCA 378,17136,454,12.2,2.4,0.575,0.595,12.99,3.42,83.59,,44.75,766836,209059.2,41126.4,9853.2,10195.92,222596.64,58605.12,1432398.24,OCT-25-BLK1
CLOSED,WHSE C,45937,Mercado,OCT-25-BLK7,C-17B,T138003,8590,216,9.54,3.4,0.562,0.582,13.36,4.94,81.7,,45,386550,81948.6,29206,4827.58,4999.38,114762.4,42434.6,701803,OCT-25-BLK7
,,,,,,,,,,,,,,,,,,0,0,0,0,0,0,0,0,
CLOSED,WHSE C,45938,Ornales,OCT-25-BLK7,C-17B,LFF 835,11185,386,9.27,3.16,0.581,0.601,14.1,3.36,82.54,,46,514510,103684.95,35344.6,6498.485,6722.185,157708.5,37581.6,923209.9,OCT-25-BLK7
,WHSE D,45938,Paquibot,OCT-25-BLK6,D-10D,AAV 6111,18656,440,12.34,2.18,0.578,0.598,13.58,3.53,82.89,"AAV 6111 net kilos of 18,720 - .34%(MC) = 18,656",44.75,834856,230215.04,40670.08,10783.168,11156.288,253348.48,65855.68,1546395.84,OCT-25-BLK6
,,,,,,,,,,,,,,,,,,0,0,0,0,0,0,0,0,
,WHSE D,45939,Paquibot,OCT-25-BLK4,D-9C,KCA 378,18210,473,11.8,2.13,0.585,0.605,13.95,2.8,83.25,,44.75,814897.5,214878,38787.3,10652.85,11017.05,254029.5,50988,1515982.5,OCT-25-BLK4
,WHSE D,45939,Paquibot,OCT-25-BLK6,D-10D,AAV 6111,18355,453,11.54,2.51,0.575,0.595,12.44,3.82,83.74,,44.75,821386.25,211816.7,46071.05,10554.125,10921.225,228336.2,70116.1,1537047.7,OCT-25-BLK6
CLOSED,WHSE C,45939,Ornales,OCT-25-BLK7,C-17B,MAV 9202,21605,650,9.07,2.74,0.581,0.601,13.5,3.14,83.36,,46,993830,195957.35,59197.7,12552.505,12984.605,291667.5,67839.7,1800992.8,OCT-25-BLK7
,,,,,,,,,,,,,,,,,,0,0,0,0,0,0,0,0,
,WHSE D,45940,Paquibot,OCT-25-BLK6,D-10D,AAV 6111,19120,434,11.8,2.14,0.578,0.598,13.25,3.59,83.16,,44.75,855620,225616,40916.8,11051.36,11433.76,253340,68640.8,1590019.2,OCT-25-BLK6
CLOSED,WHSE A,45940,Paquibot,NOV-25-SUNDRY8,A-4C,MAN3625,15985,520,29.6,2.41,0.575,0.595,11.78,4.46,83.76,"MAN3625 net kilos 23,820 - 5%(MC) = 22,629",42.5,679362.5,473156,38523.85,9191.375,9511.075,188303.3,71293.1,1338903.6,NOV-25-SUNDRY8
,WHSE D,45940,Tag-at,OCT-25-BLK10,D-7C,KCA 378,15800,580,10.94,2.2,0.581,0.601,13.75,2.98,83.27,,44.5,703100,172852,34760,9179.8,9495.8,217250,47084,1315666,OCT-25-BLK10
,WHSE C,45940,Ornales,OCT-25-BLK11,C-2A,LFF 835,11700,360,10.47,2.11,0.585,0.605,14.04,3.55,82.41,,46,538200,122499,24687,6844.5,7078.5,164268,41535,964197,OCT-25-BLK11
CLOSED,WHSE D,45940,Lacoto,OCT-25-BLK12,D-20B,NEV 8612,19685,549,13.87,2.74,0.571,0.591,11.69,4.86,83.45,"NEV8612 net kilos of 20,060 - 1.87%(MC) = 19,685",43,846455,273030.95,53936.9,11240.135,11633.835,230117.65,95669.1,1642713.25,OCT-25-BLK12
IN-USE,WHSE D,45940,Namoc,SEPT-25-TNK3,D-5C,CCN6007,30450,790,9.34,3.17,0.549,0.569,12.29,3.94,83.77,PILE IN SEPTEMBER TANK 3,46,1400700,284403,96526.5,16717.05,17326.05,374230.5,119973,2550796.5,SEPT-25-TNK3
,,,,,,,,,,,,,,,,,,0,0,0,0,0,0,0,0,
CLOSED,WHSE D,45941,Namoc,OCT-25-TNK1,D-1C,CAC2732,30230,765,9.87,3.61,0.556,0.576,10.99,5.16,83.85,,46,1390580,298370.1,109130.3,16807.88,17412.48,332227.7,155986.8,2534785.5,OCT-25-TNK1
,,,,,,,,,,,,,,,,,,0,0,0,0,0,0,0,0,
CLOSED,WHSE D,45943,Namoc,OCT-25-TNK1,D-1C,CAA4762,19005,531,9.14,3.18,0.581,0.601,13.08,3.04,83.88,,46,874230,173705.7,60435.9,11041.905,11422.005,248585.4,57775.2,1594139.4,OCT-25-TNK1
CLOSED,WHSE D,45943,Namoc,OCT-25-TNK2,D-1B,CBN7219,30475,770,9.6,3.63,0.543,0.563,12.25,5.09,82.66,,46,1401850,292560,110624.25,16547.925,17157.425,373318.75,155117.75,2519063.5,OCT-25-TNK2
CLOSED,WHSE D,45943,Bagiuo Tipalan,SEPT-25-BLK2,D-12D,JEM960,5980,138,11.54,2.21,0.585,0.605,15.33,3.98,80.69,PILED IN SEPTEMBER # 2,42.5,254150,69009.2,13215.8,3498.3,3617.9,91673.4,23800.4,482526.2,SEPT-25-BLK2
CLOSED,WHSE D,45943,Tanilon,SEPT-25-BLK2,D-12D,218842,6000,141,12.74,2.15,0.585,0.605,14.14,4.12,81.74,"MAR2499 net kilos of 6,045 - .74%(MC) = 6,000  / PILED IN SEPTEMBER # 2",42.5,255000,76440,12900,3510,3630,84840,24720,490440,SEPT-25-BLK2
CLOSED,WHSE A,45943,Paquibot,DEC-25-SUNDRY1,A-3A,NEM3673,13486,305,25.2,2.74,0.571,0.591,11.86,4.29,83.85,"NEM3673 net of 14,320 -  10 % (MC) = 12,888",42.5,573155,339847.2,36951.64,7700.506,7970.226,159943.96,57854.94,1130801.1,DEC-25-SUNDRY1
,WHSE C,45943,Ornales,OCT-25-BLK5,C-1B,ANA9158,2510,90,8.94,3.12,0.578,0.598,14.39,2.54,83.07,,46,115460,22439.4,7831.2,1450.78,1500.98,36118.9,6375.4,208505.7,OCT-25-BLK5
,WHSE C,45943,Ornales,OCT-25-BLK11,C-2A,MAV 9209,20225,630,9.4,3.47,0.568,0.588,12.66,4.29,83.05,,46,930350,190115,70180.75,11487.8,11892.3,256048.5,86765.25,1679686.25,OCT-25-BLK11
CLOSED,WHSE D,45943,Nazarino,OCT-25-BLK14,D-11D,RKY173,15360,470,11.94,2.6,0.575,0.595,12.39,3.76,83.85,,43,660480,183398.4,39936,8832,9139.2,190310.4,57753.6,1287936,OCT-25-BLK14
,WHSE D,45943,Llanto,OCT-25-BLK8,D-13D,ALA9958,18605,396,11.74,2.27,0.578,0.598,13.2,3.52,83.28,,43,800015,218422.7,42233.35,10753.69,11125.79,245586,65489.6,1549424.4,OCT-25-BLK8
,WHSE D,45943,Llanto,OCT-25-BLK8,D-13D,RGY775,9105,270,11.67,2.4,0.585,0.605,12.84,2.48,84.68,,43,391515,106255.35,21852,5326.425,5508.525,116908.2,22580.4,771011.4,OCT-25-BLK8
,,,,,,,,,,,,,,,,,,0,0,0,0,0,0,0,0,
,WHSE C,45944,Mercado,OCT-25-BLK11,C-2A,T138003,14845,360,9.34,3.8,0.562,0.582,14.38,2.99,82.63,,45,668025,138652.3,56411,8342.89,8639.79,213471.1,44386.55,1226642.35,OCT-25-BLK11
,WHSE C,45944,Ornales,OCT-25-BLK11,C-2A,MDC663,2515,88,8.87,3.16,0.585,0.605,12.24,3.81,83.95,,46,115690,22308.05,7947.4,1471.275,1521.575,30783.6,9582.15,211134.25,OCT-25-BLK11
CLOSED,FEED,45944,Paquibot,OCT-25-FEED2,,KCA 378,17070,434,11.94,2.34,0.578,0.598,13.07,3.26,83.67,,44.75,763882.5,203815.8,39943.8,9866.46,10207.86,223104.9,55648.2,1428246.9,OCT-25-FEED2
,,,,,,,,,,,,,,,,,,0,0,0,0,0,0,0,0,
,WHSE D,45945,Paquibot,OCT-25-BLK15,D-10C,AAV 6111,17115,440,11.87,2.69,0.575,0.595,12.52,3.95,83.53,,44.75,765896.25,203155.05,46039.35,9841.125,10183.425,214279.8,67604.25,1429615.95,OCT-25-BLK15
,,,,,,,,,,,,,,,,,,0,0,0,0,0,0,0,0,
CLOSED,FEED,45946,Paquibot,OCT-25-FEED3,,KCA 378,18666,446,13,2.18,0.578,0.598,12.63,3.59,83.78,"KCA 378 net kilos of 18,855 - 1%(MC) = 18,666  /Done feeding",44.75,835303.5,242658,40691.88,10788.948,11162.268,235751.58,67010.94,1563837.48,OCT-25-FEED3
CLOSED,WHSE A,45946,Paquibot,DEC-25-SUNDRY1,A-3A,MAN3625,13486,467,28.14,2.51,0.571,0.591,11.85,4.24,83.91,"MAN3625 net kilos 21,605 - 5%(MC) = 20,525",42.5,573155,379496.04,33849.86,7700.506,7970.226,159809.1,57180.64,1131610.26,DEC-25-SUNDRY1
,WHSE D,45946,Tag-at,OCT-25-BLK10,D-7C,AAV 6111,15940,488,10.2,2.14,0.581,0.601,12.7,3.41,83.89,,44.5,709330,162588,34111.6,9261.14,9579.94,202438,54355.4,1337206.6,OCT-25-BLK10
CLOSED,WHSE C,45946,Ornales,OCT-25-BLK16,C-18A,MAV 9202,19640,706,9.34,2.94,0.568,0.588,13.39,3.09,83.52,,46,903440,183437.6,57741.6,11155.52,11548.32,262979.6,60687.6,1640332.8,OCT-25-BLK16
,,,,,,,,,,,,,,,,,,0,0,0,0,0,0,0,0,
CLOSED,WHSE C,45947,Ornales,OCT-25-BLK16,C-18A,MAV 9202,19855,663,10.8,2.73,0.575,0.595,12.46,3.84,83.7,,46,913330,214434,54204.15,11416.625,11813.725,247393.3,76243.2,1661863.5,OCT-25-BLK16
,WHSE C,45947,Ornales,OCT-25-BLK11,C-2A,LFF 835,10660,332,9.74,2.44,0.581,0.601,13.59,2.98,83.43,,46,490360,103828.4,26010.4,6193.46,6406.66,144869.4,31766.8,889363.8,OCT-25-BLK11
,WHSE D,45947,Paquibot,OCT-25-BLK15,D-10C,KCA 378,17345,447,11.6,2.54,0.578,0.598,13.25,3.18,83.57,,44.75,776188.75,201202,44056.3,10025.41,10372.31,229821.25,55157.1,1449521.65,OCT-25-BLK15
,,,,,,,,,,,,,,,,,,0,0,0,0,0,0,0,0,
CLOSED,FEED,45948,Paquibot,OCT-25-FEED4,,AAV 6111,17875,448,11.47,2.51,0.578,0.598,13.24,3.14,83.62,,44.75,799906.25,205026.25,44866.25,10331.75,10689.25,236665,56127.5,1494707.5,OCT-25-FEED4
,WHSE D,45948,Paquibot,OCT-25-BLK15,D-10C,KCA 378,17500,451,11.8,2.16,0.575,0.595,12.61,3.99,83.4,,44.75,783125,206500,37800,10062.5,10412.5,220675,69825,1459500,OCT-25-BLK15
,WHSE D,45948,Namoc,OCT-25-TNK3,D-5B,CAC2732,29910,826,9.4,5.81,0.559,0.579,12.14,4.8,83.06,,46,1375860,281154,173777.1,16719.69,17317.89,363107.4,143568,2484324.6,OCT-25-TNK3
,WHSE D,45948,Layupan,OCT-25-BLK17,D-15C,NET6084,17787,510,12.74,2.16,0.568,0.588,12.04,4.17,83.79,"NET 6084 net kilos of 17,920 - .74%(MC) = 17,787",42,747054,226606.38,38419.92,10103.016,10458.756,214155.48,74171.79,1490372.73,OCT-25-BLK17
,,,,,,,,,,,,,,,,,,0,0,0,0,0,0,0,0,
,WHSE D,45950,Paquibot,OCT-25-BLK18,D-10B,AAV 6111,19710,463,11.74,2.27,0.578,0.598,12.41,3.24,84.35,,44.75,882022.5,231395.4,44741.7,11392.38,11786.58,244601.1,63860.4,1662538.5,OCT-25-BLK18
,WHSE D,45950,Paquibot,OCT-25-BLK18,D-10B,MAN3625,16940,336,11.34,2.24,0.571,0.591,13.35,2.97,83.68,,45.25,766535,192099.6,37945.6,9672.74,10011.54,226149,50311.8,1417539.2,OCT-25-BLK18
CLOSED,WHSE D,45950,Tanilon,SEPT-25-BLK2,D-12D,218842,5393,110,12.4,2.6,0.588,0.608,15.14,3.95,80.91,"MAR2499 net kilos of 5,415 - .40%(MC) = 5,393 / PILED IN SEPTEMBER # 2",42.5,229202.5,66873.2,14021.8,3171.084,3278.944,81650.02,21302.35,436347.63,SEPT-25-BLK2
CLOSED,WHSE D,45950,Lacoto,OCT-25-BLK14,D-11D,NEV 8612,20635,437,11.54,2.21,0.575,0.595,12.02,4.22,83.76,,43,887305,238127.9,45603.35,11865.125,12277.825,248032.7,87079.7,1728387.6,OCT-25-BLK14
,WHSE D,45950,Llanto,OCT-25-BLK8,D-13D,RKJ 477,13663,230,13.6,2.2,0.575,0.595,12.75,2.58,84.67,RKJ 477,44,601172,185816.8,30058.6,7856.225,8129.485,174203.25,35250.54,1156846.21,OCT-25-BLK8
,WHSE D,45950,Llanto,OCT-25-BLK20,D-13C,ALA9958,22417,500,13.87,2.27,0.578,0.598,12.94,3.19,83.87,ALA9958 ,44,986348,310923.79,50886.59,12957.026,13405.366,290075.98,71510.23,1880113.79,OCT-25-BLK20
,WHSE C,45950,Ornales,OCT-25-BLK2,C-7A,MAV 9202,22910,539,11.4,2.41,0.565,0.585,11.61,4.39,84,,46,1053860,261174,55213.1,12944.15,13402.35,265985.1,100574.9,1924440,OCT-25-BLK2
,WHSE C,45950,Ornales,OCT-25-BLK19,C-20B,LFF 835,10530,346,9.14,2.16,0.581,0.601,14.59,2.75,82.66,,46,484380,96244.2,22744.8,6117.93,6328.53,153632.7,28957.5,870409.8,OCT-25-BLK19
,,,,,,,,,,,,,,,,,,0,0,0,0,0,0,0,0,
CLOSED,FEED,45951,Paquibot,OCT-25-FEED5,,AAV 6111,18560,443,11.8,2.68,0.575,0.595,13.14,3.39,83.47,,44.75,830560,219008,49740.8,10672,11043.2,243878.4,62918.4,1549203.2,OCT-25-FEED5
,WHSE D,45951,Tag-at,OCT-25-BLK10,D-7C,KCA 378,17210,455,10.87,2.38,0.578,0.598,13.61,3.16,83.23,,44.5,765845,187072.7,40959.8,9947.38,10291.58,234228.1,54383.6,1432388.3,OCT-25-BLK10
,WHSE C,45951,Ornales,OCT-25-BLK21,C-2B,MAV 9202,18725,730,10.34,2.31,0.571,0.591,15.12,3.08,81.8,,46,861350,193616.5,43254.75,10691.975,11066.475,283122,57673,1531705,OCT-25-BLK21
,WHSE C,45951,Mercado,OCT-25-BLK21,C-2B,T138003,9305,404,10.07,3.63,0.565,0.585,14.21,2.84,82.95,,45,418725,93701.35,33777.15,5257.325,5443.425,132224.05,26426.2,771849.75,OCT-25-BLK21
,,,,,,,,,,,,,,,,,,0,0,0,0,0,0,0,0,
,WHSE C,45952,Ornales,OCT-25-BLK5,C-1B,LFF 835,11750,346,9.74,2.71,0.581,0.601,13.96,3.86,82.18,,46,540500,114445,31842.5,6826.75,7061.75,164030,45355,965615,OCT-25-BLK5
,WHSE D,45952,Paquibot,OCT-25-BLK15,D-10C,KCA 378,16875,434,11.54,2.73,0.575,0.595,14.12,3.91,81.97,,44.75,755156.25,194737.5,46068.75,9703.125,10040.625,238275,65981.25,1383243.75,OCT-25-BLK15
CLOSED,WHSE D,45952,Namoc,OCT-25-TNK2,D-1B,RFM 922,21305,620,10.2,4.74,0.549,0.569,11.67,4.1,84.23,,46,980030,217311,100985.7,11696.445,12122.545,248629.35,87350.5,1794520.15,OCT-25-TNK2
,,,,,,,,,,,,,,,,,,0,0,0,0,0,0,0,0,
,WHSE D,45953,Tag-at,OCT-25-BLK10,D-7C,AAV 6111,15580,412,11.2,2.16,0.578,0.598,13.66,3.02,83.32,,44.5,693310,174496,33652.8,9005.24,9316.84,212822.8,47051.6,1298125.6,OCT-25-BLK10
,WHSE C,45953,Ornales,OCT-25-BLK2,C-7A,MAV 9202,24600,650,12.8,3.14,0.549,0.569,11.43,4.88,83.69,,46,1131600,314880,77244,13505.4,13997.4,281178,120048,2058774,OCT-25-BLK2
,,,,,,,,,,,,,,,,,,0,0,0,0,0,0,0,0,
,WHSE D,45954,Paquibot,OCT-25-BLK18,D-10B,KCA 378,18776,476,12.34,2.45,0.578,0.598,14.46,3.7,81.84,"KCA 378 net kilos of 18,840 - .34%(MC) = 18,776",44.75,840226,231695.84,46001.2,10852.528,11228.048,271500.96,69471.2,1536627.84,OCT-25-BLK18
,WHSE D,45954,Paquibot,OCT-25-BLK22,D-10A,AAV 6111,19329,455,12.8,2.17,0.575,0.595,12.19,3.44,84.37,"AAV 6111 net kilos of 19,485 - .80%(MC) = 19,329",44.75,864972.75,247411.2,41943.93,11114.175,11500.755,235620.51,66491.76,1630787.73,OCT-25-BLK22
CLOSED,WHSE A,45954,Lacoto,OCT-25-BLK24,A-3B,NEV 8612,18008,488,11.47,2.11,0.571,0.591,12.35,3.85,83.8,MOVED FROM D18-D SUNDRY,42,756336,206551.76,37996.88,10282.568,10642.728,222398.8,69330.8,1509070.4,OCT-25-BLK24
,WHSE C,45954,Ornales,OCT-25-BLK21,C-2B,LFF 835,11910,378,10.4,3.41,0.581,0.601,13.77,2.88,83.35,,46,547860,123864,40613.1,6919.71,7157.91,164000.7,34300.8,992698.5,OCT-25-BLK21
CLOSED,WHSE C,45954,Ornales,OCT-25-BLK23,C-18B,MAV 9202,20560,563,10.34,3.33,0.565,0.585,12.25,3.56,84.19,,46,945760,212590.4,68464.8,11616.4,12027.6,251860,73193.6,1730946.4,OCT-25-BLK23
,,,,,,,,,,,,,,,,,,0,0,0,0,0,0,0,0,
CLOSED,WHSE C,45955,Ornales,OCT-25-BLK23,C-18B,MAV 9202,18880,595,9.27,3.27,0.565,0.585,14.18,3.91,81.91,,46,868480,175017.6,61737.6,10667.2,11044.8,267718.4,73820.8,1546460.8,OCT-25-BLK23
,,,,,,,,,,,,,,,,,,0,0,0,0,0,0,0,0,
,WHSE D,45957,Paquibot,OCT-25-BLK22,D-10A,AAV 6111,19567,427,13.2,2.6,0.578,0.598,12.73,3.32,83.95,"AAV 6111 net kilos of 18,720 - .1.20%(MC) = 19,567",44.75,875623.25,258284.4,50874.2,11309.726,11701.066,249087.91,64962.44,1642649.65,OCT-25-BLK22
,WHSE D,45957,Paquibot,OCT-25-BLK22,D-10A,MAN3625,20988,482,12.27,2.13,0.575,0.595,12.24,3.16,84.6,"MAN3625 net kilos 21,605 - .27%(MC) = 20,988",45.25,949707,257522.76,44704.44,12068.1,12487.86,256893.12,66322.08,1775584.8,OCT-25-BLK22
,WHSE D,45957,Tag-at,OCT-25-BLK25,D-7B,KCA 378,17775,458,10.47,2.33,0.571,0.591,13.27,3.42,83.31,,44.5,790987.5,186104.25,41415.75,10149.525,10505.025,235874.25,60790.5,1480835.25,OCT-25-BLK25
CLOSED,WHSE D,45957,Namoc,OCT-25-TNK4,D-1A,CCN6007,30030,803,9.94,3.83,0.549,0.569,11.34,4.8,83.86,,46,1381380,298498.2,115014.9,16486.47,17087.07,340540.2,144144,2518315.8,OCT-25-TNK4
,,,,,,,,,,,,,,,,,,0,0,0,0,0,0,0,0,
CLOSED,WHSE D,45958,Namoc,OCT-25-TNK4,D-1A,CBJ3567,29270,781,10.87,4.71,0.546,0.566,12.02,5.04,82.94,,46,1346420,318164.9,137861.7,15981.42,16566.82,351825.4,147520.8,2427653.8,OCT-25-TNK4
,WHSE D,45958,Paquibot,OCT-25-BLK26,D-9B,KCA 378,16623,451,13.2,2.73,0.575,0.595,13.88,3.68,82.44,"KCA 378 net kilos of 16,825 - 1.20%(MC) = 16,623",44.75,743879.25,219423.6,45380.79,9558.225,9890.685,230727.24,61172.64,1370400.12,OCT-25-BLK26
CLOSED,WHSE C,45958,Ornales,OCT-25-BLK23,C-18B,MAV 9202,19660,600,9.8,3.8,0.552,0.572,13.45,3.97,82.58,,46,904360,192668,74708,10852.32,11245.52,264427,78050.2,1623522.8,OCT-25-BLK23
,WHSE C,45958,Mercado,OCT-25-BLK27,C-20A,T138003,20846,496,12.14,3.94,0.549,0.569,13.79,3.76,82.45,"T138003 net kilos of 20,875 - .14%(MC) = 20,846",45,938070,253070.44,82133.24,11444.454,11861.374,287466.34,78380.96,1718752.7,OCT-25-BLK27
,WHSE C,45958,Mercado,OCT-25-BLK27,C-20A,MDH 772,11030,296,11.14,3.34,0.556,0.576,14.14,3.84,82.02,,45,496350,122874.2,36840.2,6132.68,6353.28,155964.2,42355.2,904680.6,OCT-25-BLK27
,,,,,,,,,,,,,,,,,,0,0,0,0,0,0,0,0,
CLOSED,WHSE D,45959,Arbelera/Mercado,OCT-25-BLK28,D-18A,NAX 1078,15890,302,13.87,2.13,0.568,0.588,12.34,4.59,83.07,"NAX1078  net kilos of wet weight 16,050 -1% MC) = 15,890",45,715050,220394.3,33845.7,9025.52,9343.32,196082.6,72935.1,1319982.3,OCT-25-BLK28
CLOSED,WHSE D,45959,Arbelera/Mercado,OCT-25-BLK28,D-18A,NAX 1078,6690,151,34.07,2.13,0.568,0.588,11.73,9.88,78.39,"NAX1078  net kilos of wet weight 6,690 - (1,472 (22% MC) & 334  (5% ash) = 4,884",32.852018,219780.0004,227928.3,14249.7,3799.92,3933.72,78473.7,66097.2,524429.1,OCT-25-BLK28
,WHSE C,45959,Ornales,OCT-25-BLK21,C-2B,LFF 835,12910,352,10.34,3.14,0.581,0.601,12.94,3.66,83.4,,46,593860,133489.4,40537.4,7500.71,7758.91,167055.4,47250.6,1076694,OCT-25-BLK21
CLOSED,WHSE D,45959,Tanilon,OCT-25-BLK14,D-11D,218842,5880,181,12,2.18,0.585,0.605,14.86,3.94,81.2,,42.5,249900,70560,12818.4,3439.8,3557.4,87376.8,23167.2,477456,OCT-25-BLK14
,WHSE D,45959,Layupan,OCT-25-BLK9,D-15D,NET6084,13740,363,11.74,2.73,0.571,0.591,12.48,3.02,84.5,,42,577080,161307.6,37510.2,7845.54,8120.34,171475.2,41494.8,1161030,OCT-25-BLK9
,,,,,,,,,,,,,,,,,,0,0,0,0,0,0,0,0,
,WHSE D,45960,Paquibot,OCT-25-BLK26,D-9B,KCA 378,19265,442,11.74,2.19,0.578,0.598,13.64,3.55,82.81,,44.75,862108.75,226171.1,42190.35,11135.17,11520.47,262774.6,68390.75,1595334.65,OCT-25-BLK26
,WHSE D,45960,Tag-at,OCT-25-BLK25,D-7B,AAV 6111,18365,461,11.94,2.31,0.575,0.595,12.91,3.26,83.83,,44.5,817242.5,219278.1,42423.15,10559.875,10927.175,237092.15,59869.9,1539537.95,OCT-25-BLK25
,WHSE C,45960,Ornales,OCT-25-BLK27,C-20A,LFF 835,11320,342,10.6,2.41,0.581,0.601,13.25,3.81,82.94,,46,520720,119992,27281.2,6576.92,6803.32,149990,43129.2,938880.8,OCT-25-BLK27
,WHSE C,45960,Ornales,OCT-25-BLK27,C-20A,MAT6591,2510,82,11.54,3.13,0.568,0.588,14.77,3.75,81.48,,46,115460,28965.4,7856.3,1425.68,1475.88,37072.7,9412.5,204514.8,OCT-25-BLK27
,,,,,,,,,,,,,,,,,,0,0,0,0,0,0,0,0,
,WHSE C,45961,Mercado,OCT-25-BLK27,C-20A,T138003,10550,253,9.74,3.18,0.581,0.601,12.36,2.68,84.96,,45,474750,102757,33549,6129.55,6340.55,130398,28274,896328,OCT-25-BLK27
,WHSE D,45961,Paquibot,OCT-25-BLK26,D-9B,KCA 378,19740,463,11.54,2.19,0.578,0.598,13.25,2.81,83.94,,44.75,883365,227799.6,43230.6,11409.72,11804.52,261555,55469.4,1656975.6,OCT-25-BLK26
,WHSE D,45961,Paquibot,OCT-25-BLK26,D-9B,AAV 6111,19680,448,11.8,2.71,0.581,0.601,12.42,3.54,84.04,,44.75,880680,232224,53332.8,11434.08,11827.68,244425.6,69667.2,1653907.2,OCT-25-BLK26
,,,,,,,,, ,,,,,,100,,,0,#VALUE!,0,0,0,0,0,0,
,WHSE D,45964,Llanto,OCT-25-BLK20,D-13C,ALA 9958,20601,416,12.14,2.11,0.578,0.598,12.99,3.11,83.9,"ALA 9958 net kilos of 20,630 - .14%(MC) = 20,601 / PILED IN OCTOBER # 20",46,947646,250096.14,43468.11,11907.378,12319.398,267606.99,64069.11,1728423.9,OCT-25-BLK20
,WHSE D,45964,Llanto,OCT-25-BLK8,D-13D,LFL 730,10641,230,12.27,2.33,0.578,0.598,12.8,2.88,84.32,"LFL 730 net kilos of 10,670 - .27%(MC) = 10,641 / PILED IN OCTOBER # 8",44,468204,130565.07,24793.53,6150.498,6363.318,136204.8,30646.08,897249.12,OCT-25-BLK8
CLOSED,WHSE C,45964,Ornales,NOV-25-BLK1,C-9A,MAV9202,22240,576,10.8,3.41,0.575,0.595,13.12,3.52,83.36,,46,1023040,240192,75838.4,12788,13232.8,291788.8,78284.8,1853926.4,NOV-25-BLK1
,WHSE D,45964,Layupan,OCT-25-BLK9,D-15D,NFD 5679,17705,382,11.87,2.81,0.571,0.591,13.85,3.49,82.66,PILED IN OCTOBER # 9,42,743610,210158.35,49751.05,10109.555,10463.655,245214.25,61790.45,1463495.3,OCT-25-BLK9
,,,,,,,,,,,,,,,,,,0,0,0,0,0,0,0,0,
,WHSE D,45965,Paquibot,NOV-25-BLK2,D-9A,KCA 378,18715,423,11.87,2.42,0.578,0.598,12.87,3.76,83.37,,44.75,837496.25,222147.05,45290.3,10817.27,11191.57,240862.05,70368.4,1560269.55,NOV-25-BLK2
,WHSE D,45965,Tag-at,OCT-25-BLK25,D-7B,AAV 6111,16700,480,10.4,2.34,0.581,0.601,13.2,3.08,83.72,PILED IN OCTOBER # 25,44.5,743150,173680,39078,9702.7,10036.7,220440,51436,1398124,OCT-25-BLK25
,,,,,,,,,,,,,,,,,,0,0,0,0,0,0,0,0,
,WHSE D,45966,Paquibot,NOV-25-BLK2,D-9A,AAV 6111,16164.92874,368,12.54,2.33,0.578,0.598,13.05,3.4,83.55,,44.75,723380.5609,202708.2063,37664.28395,9343.328809,9666.627384,210952.32,54960.7577,1350579.796,NOV-25-BLK2
,WHSE D,45966,Paquibot,NOV-25-BLK2,D-9A,AAV 6111,2943.071264,67,16.27,2.33,0.578,0.598,13.05,3.4,83.55,PILED AT TOPMOST OF BLOCK,44.75,131702.4391,47883.76947,6857.356046,1701.095191,1759.956616,38407.08,10006.4423,245893.6041,NOV-25-BLK2
,WHSE D,45966,Paquibot,NOV-25-BLK2,D-9A,MAN3625,20630,512,13.6,2.54,0.575,0.595,11.89,2.99,85.12,"MAN3625 net kilos of 20,965 - 1.60% (MC) = 20,630",45.25,933507.5,280568,52400.2,11862.25,12274.85,245290.7,61683.7,1756025.6,NOV-25-BLK2
,WHSE C,45966,Ornales,OCT-25-BLK27,C-20A,LFF 835,12240,275,10.74,3.24,0.578,0.598,13.96,2.7,83.34,PILED IN OCTOBER # 27,46,563040,131457.6,39657.6,7074.72,7319.52,170870.4,33048,1020081.6,OCT-25-BLK27
CLOSED,WHSE C,45966,Ornales,NOV-25-BLK1,C-9A,MAV 9202,18619,411,11.87,3.74,0.556,0.576,11.63,4.45,83.92,"MaV 9202 net kilos of 5,666 re-weight - 7.20%(MC) = 5,258",46,856474,221007.53,69635.06,10352.164,10724.544,216538.97,82854.55,1562506.48,NOV-25-BLK1
CLOSED,WHSE A,45966,Ornales,NOV-25-SUNDRY3,A-3C,MAV 9202,5558,107,19.2,3.74,0.556,0.576,11.63,4.45,83.92,TEMP LOCATION: D-20B,43.517092,241867.9973,106713.6,20786.92,3090.248,3201.408,64639.54,24733.1,466427.36,NOV-25-SUNDRY3
CLOSED,WHSE D,45966,Namoc,NOV-25-TNK1,D-3D,CBN 7219,27440,786,9.6,3.87,0.549,0.569,10.99,4.62,84.39,,46,1262240,263424,106192.8,15064.56,15613.36,301565.6,126772.8,2315661.6,NOV-25-TNK1
,,,,,,,,,,,,,,,,,,0,0,0,0,0,0,0,0,
,WHSE D,45967,Paquibot,NOV-25-BLK3,D-8D,AAV 6111,18410,446,11.4,2.38,0.571,0.591,14.34,3.69,81.97,,44.75,823847.5,209874,43815.8,10512.11,10880.31,263999.4,67932.9,1509067.7,NOV-25-BLK3
,WHSE D,45967,Tag-at,OCT-25-BLK25,D-7B,KCA 378,16835,374,10.8,2.17,0.588,0.608,13.51,3.9,82.59,PILED IN OCTOBER # 25,44.5,749157.5,181818,36531.95,9898.98,10235.68,227440.85,65656.5,1390402.65,OCT-25-BLK25
,WHSE C,45967,Ornales,OCT-25-BLK27,C-20A,LFF 835,10785,347,10.2,3.15,0.585,0.605,14.79,3.09,82.12,PILED IN OCTOBER # 27,46,496110,110007,33972.75,6309.225,6524.925,159510.15,33325.65,885664.2,OCT-25-BLK27
CLOSED,WHSE D,45967,Namoc,NOV-25-TNK1,D-3D,CAA 4762,18500,496,9.74,4.17,0.549,0.569,12.7,4.04,83.26,,46,851000,180190,77145,10156.5,10526.5,234950,74740,1540310,NOV-25-TNK1
,WHSE C,45967,Mercado,OCT-25-BLK19,C-20B,T138003,8935,282,8.6,3.78,0.578,0.598,15.25,2.6,82.15,PILED IN OCTOBER # 19,45,402075,76841,33774.3,5164.43,5343.13,136258.75,23231,734010.25,OCT-25-BLK19
,,,,,,,,,,,,,,,,,,0,0,0,0,0,0,0,0,
,WHSE C,45968,Ornales,OCT-25-BLK19,C-20B,AAV 6111,19295,470,11.54,3.6,0.578,0.598,13.04,3.02,83.94,PILED IN OCTOBER # 19,45.5,877922.5,222664.3,69462,11152.51,11538.41,251606.8,58270.9,1619622.3,OCT-25-BLK19
CLOSED,WHSE D,45968,Sula ,OCT-25-BLK14,D-11D,KAL 9356,3655,90,11.2,2.42,0.585,0.605,13.96,2.85,83.19,PILED IN OCTOBER # 14 / FEEDING,44,160820,40936,8845.1,2138.175,2211.275,51023.8,10416.75,304059.45,OCT-25-BLK14
CLOSED,WHSE D,45968,Baguio/Tipalan,OCT-25-BLK14,D-11D,JEM960,5390,130,11.94,2.52,0.581,0.601,13.78,3.71,82.51,PILED IN OCTOBER # 14 / FEEDING,44,237160,64356.6,13582.8,3131.59,3239.39,74274.2,19996.9,444728.9,OCT-25-BLK14
CLOSED,WHSE D,45968,Nazarino,OCT-25-BLK14,D-11D,RKX 173,9927,263,12.47,2.47,0.571,0.591,12.58,3.97,83.45,"RKX173 net kilos of DRy 9,974 - .47%(MC) = 9,927",43.5,431824.5,123789.69,24519.69,5668.317,5866.857,124881.66,39410.19,828408.15,OCT-25-BLK14
CLOSED,WHSE A,45968,Nazarino,NOV-25-SUNDRY3,A-3C,RKX 173,4631,92,18.6,2.47,0.571,0.591,12.58,3.97,83.45,"RKX173 net kilos of WET 4,631 - 7%(MC) = 4,307 / SUNDRIED",40.456597,187354.5007,86136.6,11438.57,2644.301,2736.921,58257.98,18385.07,386456.95,NOV-25-SUNDRY3
,,,,,,,,,,,,,,,,,,0,0,0,0,0,0,0,0,
,WHSE D,45969,Paquibot,NOV-25-BLK3,D-8D,MAN3625,21650,517,11.54,2.87,0.578,0.598,13.52,2.27,84.21,,45.25,979662.5,249841,62135.5,12513.7,12946.7,292708,49145.5,1823146.5,NOV-25-BLK3
CLOSED,WHSE D,45969,Tanilon,OCT-25-BLK14,D-11D,218842,6265,125,12,2.34,0.585,0.605,12.1,2.02,85.88,PILED IN OCTOBER # 14,40,250600,75180,14660.1,3665.025,3790.325,75806.5,12655.3,538038.2,OCT-25-BLK14
,WHSE D,45969,Tag-at,NOV-25-BLK4,D-7A,KCA 378,17570,453,11.2,2.6,0.575,0.595,12.12,2.09,85.79,,44.5,781865,196784,45682,10102.75,10454.15,212948.4,36721.3,1507330.3,NOV-25-BLK4
,,,,,,,,,,,,,,,,,,0,0,0,0,0,0,0,0,
,WHSE D,45971,Paquibot,NOV-25-BLK3,D-8D,AAV 6111,18825,430,11.87,2.33,0.571,0.591,12.41,2.84,84.75,,44.75,842418.75,223452.75,43862.25,10749.075,11125.575,233618.25,53463,1595418.75,NOV-25-BLK3
CLOSED,WHSE D,45971,Maranio,OCT-25-BLK14,D-11D,YAV462,9135,285,11.07,2.16,0.585,0.605,14.55,2.47,82.98,PILED IN OCTOBER # 14,44,401940,101124.45,19731.6,5343.975,5526.675,132914.25,22563.45,758022.3,OCT-25-BLK14
,WHSE C,45971,Ornales,OCT-25-BLK19,C-20B,LFF 835,10530,308,11.8,3.11,0.581,0.601,13.51,2.73,83.76,PILED IN OCTOBER # 19,46,484380,124254,32748.3,6117.93,6328.53,142260.3,28746.9,881992.8,OCT-25-BLK19
CLOSED,WHSE C,45971,Ornales,NOV-25-BLK1,C-9A,MAV 9202,23530,523,10.6,3.72,0.549,0.569,11.04,4.35,84.61,,46,1082380,249418,87531.6,12917.97,13388.57,259771.2,102355.5,1990873.3,NOV-25-BLK1
CLOSED,WHSE D,45971,Arbelera,OCT-25-BLK28,D-18A,ANA9156,5520,138,11.74,3.83,0.562,0.582,12.49,3.29,84.22,PILED IN OCTOBER # 28,45,248400,64804.8,21141.6,3102.24,3212.64,68944.8,18160.8,464894.4,OCT-25-BLK28
,,,,,,,,,,,,,,,,,,0,0,0,0,0,0,0,0,
,WHSE C,45972,Ornales,NOV-25-BLK6,C-9B,MAV 9202,19985,630,11.54,3.4,0.571,0.591,12.19,3.1,84.71,,46,919310,230626.9,67949,11411.435,11811.135,243617.15,61953.5,1692929.35,NOV-25-BLK6
,WHSE D,45972,Paquibot,NOV-25-BLK5,D-8C,AAV 6111,18720,457,11.74,2.36,0.575,0.595,12.44,2.77,84.79,,44.75,837720,219772.8,44179.2,10764,11138.4,232876.8,51854.4,1587268.8,NOV-25-BLK5
,WHSE D,45972,Tag-at,NOV-25-BLK4,D-7A,KCA 378,16465,455,11.4,2.49,0.578,0.598,14.16,2.5,83.34,,44.5,732692.5,187701,40997.85,9516.77,9846.07,233144.4,41162.5,1372193.1,NOV-25-BLK4
CLOSED,WHSE D,45972,Namoc,NOV-25-TNK1,D-3D,CCN6007,29305,805,10.6,3.63,0.543,0.563,10.71,6.08,83.21,,46,1348030,310633,106377.15,15912.615,16498.715,313856.55,178174.4,2438469.05,NOV-25-TNK1
,WHSE C,45972,Mercado,OCT-25-BLK19,C-20B,T138003,16410,350,11.94,3.46,0.575,0.595,13.68,2.42,83.9,PILED IN OCTOBER # 19,45,738450,195935.4,56778.6,9435.75,9763.95,224488.8,39712.2,1376799,OCT-25-BLK19
,WHSE D,45972,Layupan,NOV-25-BLK7,D-15A,NET  6084,20935,540,13.2,3.42,0.568,0.588,12.85,3.11,84.04,"NET6084 net kilos of 21,190 - 1.20%(MC) = 20,935",42,879270,276342,71597.7,11891.08,12309.78,269014.75,65107.85,1759377.4,NOV-25-BLK7
,,,,,,,,,,,,,,,,,,0,0,0,0,0,0,0,0,
,WHSE D,45973,Paquibot,NOV-25-BLK5,D-8C,KCA 378,17045,423,11.8,2.41,0.571,0.591,13.61,3.29,83.1,,44.75,762763.75,201131,41078.45,9732.695,10073.595,231982.45,56078.05,1416439.5,NOV-25-BLK5
,WHSE C,45973,Ornales,NOV-25-BLK6,C-9B,LFF 835,11445,384,10.34,3.11,0.575,0.595,14.04,2.99,82.97,,46,526470,118341.3,35593.95,6580.875,6809.775,160687.8,34220.55,949591.65,NOV-25-BLK6
,WHSE D,45973,Tag-at,NOV-25-BLK4,D-7A,AAV 6111,19535,440,11.6,2.44,0.575,0.595,13.43,2.86,83.71,,44.5,869307.5,226606,47665.4,11232.625,11623.325,262355.05,55870.1,1635274.85,NOV-25-BLK4
CLOSED,WHSE D,45973,Arbelera,OCT-25-BLK28,D-18A,CAO 8717,4380,170,10.87,3.33,0.581,0.601,11.71,4.74,83.55,PILED IN OCTOBER # 28,45,197100,47610.6,14585.4,2544.78,2632.38,51289.8,20761.2,365949,OCT-25-BLK28
IN-USE,WHSE D,45973,Tipalan/Baguio,NOV-25-BLK8,D-18D,JEM960,5931,157,13.8,2.24,0.581,0.601,15.2,3.38,81.42,"JEM 960 net kilos of 6,040 - 1.80%(MC) = 5,931",44,260964,81847.8,13285.44,3445.911,3564.531,90151.2,20046.78,482902.02,NOV-25-BLK8
,WHSE C,45973,Ornales,NOV-25-BLK6,C-9B,MAV 9202,20415,582,10.94,3.61,0.559,0.579,12.25,3.88,83.87,,46,939090,223340.1,73698.15,11411.985,11820.285,250083.75,79210.2,1712206.05,NOV-25-BLK6
,,,,,,,,,,,,,,,,,,0,0,0,0,0,0,0,0,
IN-USE,WHSE D,45974,Lacoto,NOV-25-BLK8,D-18D,NEV 8612,17864,503,13.87,2.38,0.571,0.591,11.85,3.93,84.22,"NEV 8612 net kilos 18,205 - 1.87%(MC) = 17,864",43,768152,247773.68,42516.32,10200.344,10557.624,211688.4,70205.52,1504506.08,NOV-25-BLK8
,,,,,,,,,,,,,,,,,,0,0,0,0,0,0,0,0,
,WHSE D,45975,Paquibot,NOV-25-BLK5,D-8C,KCA 378,17910,470,13.54,2.74,0.578,0.598,13.08,3.62,83.3,,44.75,801472.5,242501.4,49073.4,10351.98,10710.18,234262.8,64834.2,1491903,NOV-25-BLK5
CLOSED,WHSE D,45975,Sula ,OCT-25-BLK14,D-11D,KAL 9356,3963,100,11.74,2.6,0.571,0.591,13.99,2.73,83.28,"KAL9356 net kilos 4,025 - 1.54%(MC) = 3,963 / PILED IN OCTOBER # 14",44,174372,46525.62,10303.8,2262.873,2342.133,55442.37,10818.99,330038.64,OCT-25-BLK14
,,,,,,,,,,,,,,,,,,0,0,0,0,0,0,0,0,
,WHSE D,45976,Arbelera,NOV-25-BLK9,D-19D,CCK 8714,19844,457,15.74,3.71,0.568,0.588,11.8,3.84,84.36,"CCK8714 net kilos of 20,615 - 3.74%(MC) = 19,844",45,892980,312344.56,73621.24,11271.392,11668.272,234159.2,76200.96,1674039.84,NOV-25-BLK9
,,,,,,,,,13.94,,,,,,,,,0,0,0,0,0,0,0,0,
,WHSE D,45976,Layupan,NOV-25-BLK7,D-15A,NET  6084,20310,428,13.07,2.83,0.571,0.591,12.7,3.54,83.76,"NET6084 net kilos of 20,530 - 1.07%(MC) = 20,310",42,853020,265451.7,57477.3,11597.01,12003.21,257937,71897.4,1701165.6,NOV-25-BLK7
,,,,,,,,,,,,,,,,,,0,0,0,0,0,0,0,0,
,WHSE D,45978,Paquibot,NOV-25-BLK12,D-8B,KCA 378,17785,434,11.8,2.21,0.575,0.595,12.48,3.17,84.35,,44.75,795878.75,209863,39304.85,10226.375,10582.075,221956.8,56378.45,1500164.75,NOV-25-BLK12
,WHSE D,45978,Tag-at,NOV-25-BLK4,D-7A,AAV 6111,16265,427,11.34,2.24,0.578,0.598,12.99,2.91,84.1,,44.5,723792.5,184445.1,36433.6,9401.17,9726.47,211282.35,47331.15,1367886.5,NOV-25-BLK4
,WHSE C,45978,Arbelera,NOV-25-BLK10,C-7B,MDC 663,2535,132,9.07,3.8,0.571,0.591,13.85,2.84,83.31,,45,114075,22992.45,9633,1447.485,1498.185,35109.75,7199.4,211190.85,NOV-25-BLK10
,WHSE C,45978,Ornales,OCT-25-BLK2,C-7A,LFF 835,9825,337,9.4,3.1,0.581,0.601,13.12,3.29,83.59,PILED IN OCTOBER # 2,46,451950,92355,30457.5,5708.325,5904.825,128904,32324.25,821271.75,OCT-25-BLK2
,WHSE C,45978,Ornales,NOV-25-BLK10,C-7B,MAV 9202,19720,515,10.47,3.65,0.552,0.572,11.88,3.66,84.46,,46,907120,206468.4,71978,10885.44,11279.84,234273.6,72175.2,1665551.2,NOV-25-BLK10
,WHSE C,45978,Mercado,NOV-25-BLK10,C-7B,T138003,11400,350,10.4,3.63,0.565,0.585,15.37,2.58,82.05,,45,513000,118560,41382,6441,6669,175218,29412,935370,NOV-25-BLK10
CLOSED,WHSE C,45978,Ornales,NOV-25-BLK11,C-8A,CBS 3651,22093,399,11.6,3.71,0.568,0.588,11.49,4.4,84.11,"CBS 3651 WET KILOS 3,107 -11.14% (MC) = 2,761",46,1016278,256278.8,81965.03,12548.824,12990.684,253848.57,97209.2,1858242.23,NOV-25-BLK11
CLOSED,WHSE A,45978,Ornales,NOV-25-SUNDRY4,A-3A,CBS 3651,2710,63,23.14,3.71,0.568,0.588,11.49,4.4,84.11,FOR SUNDRYING,40.877375,110777.6863,62709.4,10054.1,1539.28,1593.48,31137.9,11924,227938.1,NOV-25-SUNDRY4
,,,,,,,,,,,,,,,,,,0,0,0,0,0,0,0,0,
,WHSE D,45979,Llanto,OCT-25-BLK20,D-13C,RKJ477,11700,270,12.47,2.4,0.578,0.598,12.25,2.74,85.01,"RKJ477 net kilos of 11,755 - .47%(MC) = 11,700 / PILED IN OCTOBER # 20",44,514800,145899,28080,6762.6,6996.6,143325,32058,994617,OCT-25-BLK20
,WHSE D,45979,Llanto,OCT-25-BLK20,D-13C,ALA 9958,20295,435,12.34,2.34,0.581,0.601,12.72,3.35,83.93,"ALA9958 net kilos  of  20,365 - .34% (MC) = 20,295 /PILED IN OCTOBER # 20",44,892980,250440.3,47490.3,11791.395,12197.295,258152.4,67988.25,1703359.35,OCT-25-BLK20
,WHSE D,45979,Paquibot,NOV-25-BLK13,D-8A,MAN3625,20645,550,11.6,2.16,0.578,0.598,13.64,3.96,82.4,,45.25,934186.25,239482,44593.2,11932.81,12345.71,281597.8,81754.2,1701148,NOV-25-BLK13
,,,,,,,,,,,,,,,,,,0,0,0,0,0,0,0,0,
,WHSE D,45980,Paquibot,NOV-25-BLK13,D-8A,AAV 6111,18430,454,11.87,2.33,0.575,0.595,13.76,3.73,82.51,,44.75,824742.5,218764.1,42941.9,10597.25,10965.85,253596.8,68743.9,1520659.3,NOV-25-BLK13
CLOSED,FEED,45980,Nazarte/ Arbelera,NOV-25-FEED1,,MAV 1464,2279,41,16.2,3.61,0.552,0.572,12.29,6.8,80.91,"MAV1464 net kilos of 2,425  - 6%(4.20%MC and 1.80%(ASH) = 2,279",45,102555,36919.8,8227.19,1258.008,1303.588,28008.91,15497.2,184393.89,NOV-25-FEED1
,WHSE C,45980,Ornales,NOV-25-BLK10,C-7B,LFF 835,11915,360,10.34,3.71,0.581,0.601,13.55,3.29,83.16,,46,548090,123201.1,44204.65,6922.615,7160.915,161448.25,39200.35,990851.4,NOV-25-BLK10
CLOSED,WHSE C,45980,Ornales,NOV-25-BLK14,C-8B,MAV 9202,20049,474,12.6,2.12,0.546,0.566,10.38,6.74,82.88,,46,922254,252617.4,42503.88,10946.754,11347.734,208108.62,135130.26,1661661.12,NOV-25-BLK14
CLOSED,WHSE A,45980,Ornales,NOV-25-SUNDRY5,A-4B,MAV 9202,3728,86,21.74,2.12,0.546,0.566,10.38,6.74,82.88,"MaV 9202 net kilos of 4,416- 13.08%( 10.34%(MC) and 2.74% (ASH) = 3,838",46,171488,81046.72,7903.36,2035.488,2110.048,38696.64,25126.72,308976.64,NOV-25-SUNDRY5
,WHSE C,45980,Ornales,NOV-25-BLK10,C-7B,GFE428,4120,130,11.27,3.33,0.598,0.618,11.74,3.63,84.63,,46,189520,46432.4,13719.6,2463.76,2546.16,48368.8,14955.6,348675.6,NOV-25-BLK10
,WHSE C,45980,Mercado,NOV-25-BLK10,C-7B,MDH 272,8570,300,10.14,2.94,0.568,0.588,12.71,3.73,83.56,,45,385650,86899.8,25195.8,4867.76,5039.16,108924.7,31966.1,716109.2,NOV-25-BLK10
,,,,,,,,,,,,,,,,,,0,0,0,0,0,0,0,0,
,WHSE D,45981,Paquibot,NOV-25-BLK12,D-8B,MAN3625,20100,518,11.67,2.74,0.581,0.601,11.96,3.63,84.41,,45.25,909525,234567,55074,11678.1,12080.1,240396,72963,1696641,NOV-25-BLK12
,WHSE D,45981,Layupan,NOV-25-BLK7,D-15A,NFD 5679,10070,225,11.94,2.66,0.575,0.595,11.17,3.27,85.56,,42,422940,120235.8,26786.2,5790.25,5991.65,112481.9,32928.9,861589.2,NOV-25-BLK7
CLOSED,WHSE C,45981,Mercado,NOV-25-BLK14,C-8B,T138003,16609,325,12.87,3.89,0.565,0.585,13.4,3.84,82.76,,45,747405,213757.83,64609.01,9384.085,9716.265,222560.6,63778.56,1374560.84,NOV-25-BLK14
,,,,,,,,,,,,,,,,,,0,0,0,0,0,0,0,0,
CLOSED,WHSE C,45982,Ornales,NOV-25-BLK11,C-8A,LFF 835,11280,314,10.07,2.13,0.578,0.598,12.98,3.16,83.86,,46,518880,113589.6,24026.4,6519.84,6745.44,146414.4,35644.8,945940.8,NOV-25-BLK11
,WHSE D,45982,Tanilon,SEPT-25-BLK5,D-16D,JAO4111,10055,203,12.94,2.18,0.585,0.605,13.99,2.89,83.12,"JAO4111net kilos of 10,150 - .94%(MC) = 10,055 / PILED IN SEPTMBER # 5",44,442420,130111.7,21919.9,5882.175,6083.275,140669.45,29058.95,835771.6,SEPT-25-BLK5
,,,,,,,,,,,,,,,,,,0,0,0,0,0,0,0,0,
,WHSE D,45983,Sula ,SEPT-25-BLK5,D-16D,KAL 9356,3916,90,12.6,2.27,0.571,0.591,14.6,3.09,82.31, PILED IN SEPTMBER # 5,44,172304,49341.6,8889.32,2236.036,2314.356,57173.6,12100.44,322325.96,SEPT-25-BLK5
,WHSE D,45983,Paquibot,NOV-25-BLK13,D-8A,MFH 903,580,15,8.34,2.6,0.575,0.595,14.53,2.1,83.37,,44.75,25955,4837.2,1508,333.5,345.1,8427.4,1218,48354.6,NOV-25-BLK13
,WHSE D,45983,Paquibot,NOV-25-BLK13,D-8A,MAQ2591,620,16,8.61,2.45,0.575,0.595,14.26,2.45,83.29,,44.75,27745,5338.2,1519,356.5,368.9,8841.2,1519,51639.8,NOV-25-BLK13
CLOSED,WHSE C,45983,Ornales,NOV-25-BLK11,C-8A,LFF 835,11875,345,10.27,3.1,0.578,0.598,13.28,3.62,83.1,,46,546250,121956.25,36812.5,6863.75,7101.25,157700,42987.5,986812.5,NOV-25-BLK11
CLOSED,FEED,45983,Tag-at,NOV-25-FEED2,,KCA 378,18440,465,11.54,2.66,0.578,0.598,13.49,2.67,83.84,FEEDING,44.5,820580,212797.6,49050.4,10658.32,11027.12,248755.6,49234.8,1546009.6,NOV-25-FEED2
,WHSE D,45983,Layupan,OCT-25-BLK17,D-15C,NET  6084,18958,398,13,2.53,0.571,0.591,12.79,3.7,83.51,"NET6084 net kilos of 19,150 - 1%(MC) = 18,958",42,796236,246454,47963.74,10825.018,11204.178,242472.82,70144.6,1583182.58,OCT-25-BLK17
CLOSED,WHSE C,45983,Mercado,NOV-25-BLK11,C-8A,T138003,18465,423,10.47,2.33,0.571,0.591,13.61,2.68,83.71, PILED IN OCROBER # 17,45,830925,193328.55,43023.45,10543.515,10912.815,251308.65,49486.2,1545705.15,NOV-25-BLK11
CLOSED,WHSE C,45983,Mercado,NOV-25-BLK14,C-8B,MDH 272,6725,158,10.34,2.71,0.575,0.595,13.18,3.74,83.08,,45,302625,69536.5,18224.75,3866.875,4001.375,88635.5,25151.5,558713,NOV-25-BLK14
CLOSED,WHSE A,45983,Mercado,NOV-25-SUNDRY5,A-3A,MDH 272,3310,67,16,2.71,0.575,0.595,13.18,3.74,83.08,"MDH 272 net kilos of 4,315  4%(MC) = 4,142",45,148950,52960,8970.1,1903.25,1969.45,43625.8,12379.4,274994.8,NOV-25-SUNDRY5
,,,,,,,,,,,,,,,,,,0,0,0,0,0,0,0,0,
IN-USE,WHSE D,45986,Lacoto,NOV-25-BLK8,D-18D,NEV 8612,15517,339,13.8,2.67,0.578,0.598,12.04,3.94,84.02,"NEV 8612 net kilos OF  Dry 15,802 - 1.80%(MC) = 15,517",43,667231,214134.6,41430.39,8968.826,9279.166,186824.68,61136.98,1303738.34,NOV-25-BLK8
CLOSED,WHSE A,45986,Lacoto,NOV-25-SUNDRY7,A-3B,NEV 8612,2228,75,16,2.67,0.578,0.598,12.04,3.94,84.02,"NEV 8612 net kilos OF  wet 3,048 - 4%(MC) = 2,926",43,95804,35648,5948.76,1287.784,1332.344,26825.12,8778.32,187196.56,NOV-25-SUNDRY7
,,,,,,,,,,,,,,,,,,0,0,0,0,0,0,0,0,
,WHSE D,45987,Paquibot,NOV-25-BLK12,D-8B,AAV 6111,17640,482,10.54,2.18,0.585,0.605,15.44,2.54,82.02,,46.75,824670,185925.6,38455.2,10319.4,10672.2,272361.6,44805.6,1446832.8,NOV-25-BLK12
IN-USE,WHSE D,45987,Tipalan,NOV-25-BLK8,D-18D,JEM960,5945,152,13.74,2.6,0.581,0.601,13.88,3.67,82.45,"JEM 960 net kilos of 6,050 - 1.74%(MC) = 5,945 ",44,261580,81684.3,15457,3454.045,3572.945,82516.6,21818.15,490165.25,NOV-25-BLK8
,,,,,,,,,,,,,,,,,,0,0,0,0,0,0,0,0,
,WHSE D,45988,Paquibot,NOV-25-BLK13,D-8A,AAV 6111,17920,433,11.74,2.33,0.578,0.598,12.37,3.48,84.15,,46.75,837760,210380.8,41753.6,10357.76,10716.16,221670.4,62361.6,1507968,NOV-25-BLK13
CLOSED,FEED,45988,Tag-at,NOV-25-FEED3,,KCA 378,19410,455,11.54,2.61,0.581,0.601,13.64,3.08,83.28,FEEDING,44.5,863745,223991.4,50660.1,11277.21,11665.41,264752.4,59782.8,1616464.8,NOV-25-FEED3
,WHSE C,45988,Ornales,NOV-25-BLK15,C-19A,MAV 9202,21830,460,9.94,3.1,0.585,0.605,12.25,3.66,84.09,,47,1026010,216990.2,67673,12770.55,13207.15,267417.5,79897.8,1835684.7,NOV-25-BLK15
,WHSE D,45988,Maranio,SEPT-25-BLK5,D-16D,T1230120016,3790,110,11.94,3.81,0.578,0.598,14.61,2.54,82.85, PILED IN SEPTMBER # 5,47,178130,45252.6,14439.9,2190.62,2266.42,55371.9,9626.6,314001.5,SEPT-25-BLK5
,WHSE D,45988,Maranio,SEPT-25-BLK5,D-16D,YAV462,10135,300,11.6,3.73,0.581,0.601,14.33,2.76,82.91, PILED IN SEPTMBER # 5,44,445940,117566,37803.55,5888.435,6091.135,145234.55,27972.6,840292.85,SEPT-25-BLK5
,WHSE C,45988,Mercado,NOV-25-BLK15,C-19A,MDH 272,10390,304,10.87,2.33,0.568,0.588,13.77,2.48,83.75,,45,467550,112939.3,24208.7,5901.52,6109.32,143070.3,25767.2,870162.5,NOV-25-BLK15
,,,,,,,,,,,,,,,,,,0,0,0,0,0,0,0,0,
,WHSE A,45989,Paquibot,NOV-25-BLK16,A-19A,KCA 378,17435,415,12.07,2.41,0.575,0.595,12.25,3.44,84.31,,46.75,815086.25,210440.45,42018.35,10025.125,10373.825,213578.75,59976.4,1469944.85,NOV-25-BLK16
,WHSE D,45989,Arbelera,NOV-25-BLK9,D-19D,CCK6180,13571,368,14.54,2.28,0.565,0.585,10.63,4.94,84.43,"CCK 6180 net kilos of 13,925-2.54%(MC) = 13,571",45,610695,197322.34,30941.88,7667.615,7939.035,144259.73,67040.74,1145799.53,NOV-25-BLK9
,WHSE C,45989,Ornales,NOV-25-BLK15,C-19A,GFE428,3630,130,10.27,3.48,0.598,0.618,12.64,2.91,84.45,,47,170610,37280.1,12632.4,2170.74,2243.34,45883.2,10563.3,306553.5,NOV-25-BLK15
,,,,,,,,,,,,,,,,,,0,0,0,0,0,0,0,0,
,WHSE C,45990,Ornales,NOV-25-BLK15,C-19A,MAV 9202,20835,510,10.14,2.38,0.578,0.598,13.05,3.39,83.56,,47,979245,211266.9,49587.3,12042.63,12459.33,271896.75,70630.65,1740972.6,NOV-25-BLK15
,WHSE D,45990,Layupan,NOV-25-BLK17,D-15B,NFD 5679,14361,279,13.74,2.42,0.571,0.591,12.17,3.27,84.56,,42,603162,197320.14,34753.62,8200.131,8487.351,174773.37,46960.47,1214366.16,NOV-25-BLK17
,,,,,,,,,,,,,,,,,,0,0,0,0,0,0,0,0,
CLOSED,WHSE C,45992,Ornales,NOV-25-BLK14,C-8B,LFF 835,11525,340,10.2,2.61,0.585,0.605,12.97,3.15,83.88, PILED IN NOVEMBER # 14,47,541675,117555,30080.25,6742.125,6972.625,149479.25,36303.75,966717,NOV-25-BLK14
,WHSE A,45992,Paquibot,NOV-25-BLK16,A-19A,AAV 6111,17910,450,11.47,2.54,0.578,0.598,12.63,3.7,83.67, PILED IN NOVEMBER # 16,46.75,837292.5,205427.7,45491.4,10351.98,10710.18,226203.3,66267,1498529.7,NOV-25-BLK16
,WHSE D,45992,Llanto,DEC-25-BLK1,D-13B,ALA 9958,20559,437,12.2,2.33,0.581,0.601,12.44,3.8,83.76,"ALA9958 net kilos  of  20,600 - .20% (MC) = 20,559",44,904596,250819.8,47902.47,11944.779,12355.959,255753.96,78124.2,1722021.84,DEC-25-BLK1
,WHSE D,45992,Llanto,DEC-25-BLK1,D-13B,RKJ 477,16239,376,13.4,2.14,0.578,0.598,11.95,2.98,85.07,"RKJ 477 net kilos  of  16,470 - 1.40% (MC) = 16,239",44,714516,217602.6,34751.46,9386.142,9710.922,194056.05,48392.22,1381451.73,DEC-25-BLK1
,WHSE D,45992,Llanto,DEC-25-BLK1,D-13B,LFL 703,10823,240,12.34,2.22,0.581,0.601,12.79,3.29,83.92,"LFL730 net kilos  of  10,860 - .34% (MC) = 10,823",44,476212,133555.82,24027.06,6288.163,6504.623,138426.17,35607.67,908266.16,DEC-25-BLK1
,WHSE C,45992,Mercado,DEC-25-BLK2,C-19B,MDH 272,8280,275,10.47,3.81,0.571,0.591,14.14,2.61,83.25,,45,372600,86691.6,31546.8,4727.88,4893.48,117079.2,21610.8,689310,DEC-25-BLK2
,,,,,,,,,,,,,,,,,,0,0,0,0,0,0,0,0,
IN-USE,WHSE D,45993,Bagiuo,NOV-25-BLK8,D-18D,JEM 960,4771.602,114,13.74,2.31,0.581,0.601,13.77,3.09,83.14,"JEM960 net kilos of 6,300 - 3%(MC) = 6,111 / PILED IN NOVEMBER BLOCK 8",44,209950.488,65561.81148,11022.40062,2772.300762,2867.732802,65704.95954,14744.25018,396710.9903,NOV-25-BLK8
CLOSED,WHSE A,45993,Bagiuo,DEC-25-SUNDRY3,A-3A,JEM 960,963,32,18.2,2.31,0.581,0.601,13.77,3.09,83.14,,44,42372,17526.6,2224.53,559.503,578.763,13260.51,2975.67,80063.82,DEC-25-SUNDRY3
CLOSED,WHSE C,45993,Ornales,DEC-25-BLK3,C-10A,MV9202,9550,350,10.6,3.16,0.579,0.599,10.18,8.54,81.28,"MAV9202 net kilos of 9,900 - 3.54%(ASH) = 9,550",47,448850,101230,30178,5529.45,5720.45,97219,81557,776224,DEC-25-BLK3
CLOSED,WHSE A,45993,Ornales,DEC-25-SUNDRY2,A-3A,MV9202,9195,242,16.8,3.16,0.579,0.599,10.18,8.54,81.28,"MAV9202 net kilos of 11,955 - 5%(MC) and 3.54%(ASH) = 10,934",47,432165,154476,29056.2,5323.905,5507.805,93605.1,78525.3,747369.6,DEC-25-SUNDRY2
,WHSE C,45993,Ornales,DEC-25-BLK2,C-19B,MAT 6591,2510,101,10.8,3.34,0.575,0.595,13.4,3.11,83.49,,47,117970,27108,8383.4,1443.25,1493.45,33634,7806.1,209559.9,DEC-25-BLK2
,,,,,,,,,,,,,,,,,,0,0,0,0,0,0,0,0,
,WHSE A,45994,Paquibot,NOV-25-BLK16,A-19A,KCA 378,17420,446,11.87,2.74,0.578,0.598,12.96,2.86,84.18, PILED IN NOVEMBER # 16,46.75,814385,206775.4,47730.8,10068.76,10417.16,225763.2,49821.2,1466415.6,NOV-25-BLK16
CLOSED,WHSE D,45994,Namoc,DEC-25-TNK1,D-2D,CAC 2732,30405,789,10.8,6.3,0.546,0.566,11.71,4.4,83.89,,49,1489845,328374,191551.5,16601.13,17209.23,356042.55,133782,2550675.45,DEC-25-TNK1
,,,,,,,,,,,,,,,,,,0,0,0,0,0,0,0,0,
,WHSE C,45995,Ornales,DEC-25-BLK2,C-19B,LFF 835,11390,370,10.47,3.17,0.581,0.601,13.96,3.21,82.83,,47,535330,119253.3,36106.3,6617.59,6845.39,159004.4,36561.9,943433.7,DEC-25-BLK2
,WHSE C,45995,Mercado,DEC-25-BLK2,C-19B,MDH 272,10520,295,10.47,3.66,0.571,0.591,13.41,2.56,84.03,,45,473400,110144.4,38503.2,6006.92,6217.32,141073.2,26931.2,883995.6,DEC-25-BLK2
CLOSED,FEED,45995,Tag-at,DEC-25-FEED1,,AAV 6111,16145,461,11.34,2.6,0.575,0.595,13.61,3.42,82.97,FEEDING ,44.5,718452.5,183084.3,41977,9283.375,9606.275,219733.45,55215.9,1339550.65,DEC-25-FEED1
,,,,,,,,,,,,,,,,,,0,0,0,0,0,0,0,0,
,WHSE C,45996,Ornales,DEC-25-BLK2,C-19B,LFF 835,12000,337,10.54,3.17,0.578,0.598,12.94,3.81,83.25,,47,564000,126480,38040,6936,7176,155280,45720,999000,DEC-25-BLK2
CLOSED,WHSE D,45996,Tanilon,DEC-25-BLK4,D-11D,218842,6255,130,11.74,2.24,0.585,0.605,14.71,2.76,82.53,,44,275220,73433.7,14011.2,3659.175,3784.275,92011.05,17263.8,516225.15,DEC-25-BLK4
CLOSED,WHSE D,45996,Sula,DEC-25-BLK4,D-11D,KAL 9366,4140,92,12.34,2.6,0.571,0.591,13.19,2.6,84.21,"KAL 9366 net kilos of 4,154 - .34%(MC) = 4,140",44,182160,51087.6,10764,2363.94,2446.74,54606.6,10764,348629.4,DEC-25-BLK4
CLOSED,WHSE A,45996,Sula,DEC-25-SUNDRY4,A-5A,KAL 9366,233,8,20.87,2.6,0.571,0.591,13.19,2.6,84.21,KAL 9366 net kilos of 311- 8.87%(MC) of 8 sacks = 283,44,10252,4862.71,605.8,133.043,137.703,3073.27,605.8,19620.93,DEC-25-SUNDRY4
,,,,,,,,,,,,,,,,,,0,0,0,0,0,0,0,0,
,WHSE A,45997,Paquibot,NOV-25-BLK16,A-19A,KCA 378,17055,415,11.8,2.61,0.571,0.591,12.47,3.83,83.7, PILED IN NOVEMBER # 16,46.75,797321.25,201249,44513.55,9738.405,10079.505,212675.85,65320.65,1427503.5,NOV-25-BLK16
,WHSE D,45997,Layupan,OCT-25-BLK17,D-15C,NFD 5679,23066,458,12.6,2.13,0.568,0.588,11.74,3.91,84.35,"NFD 5679 net kilos 23,205-.60%(MC) = 23,066  / PILED IN OCTOBER # 17",42,968772,290631.6,49130.58,13101.488,13562.808,270794.84,90188.06,1945617.1,OCT-25-BLK17
,WHSE C,45997,Ornales,DEC-25-BLK5,C-18B,MAV9202,20780,666,10.27,2.41,0.556,0.576,13.45,2.88,83.67,,47,976660,213410.6,50079.8,11553.68,11969.28,279491,59846.4,1738662.6,DEC-25-BLK5
,,,,,,,,,,,,,,,,,,0,0,0,0,0,0,0,0,
,WHSE C,46000,Ornales,DEC-25-BLK2,C-19B,ANA 9156,4840,123,10.74,3.38,0.559,0.579,12.43,2.81,84.76,,47,227480,51981.6,16359.2,2705.56,2802.36,60161.2,13600.4,410238.4,DEC-25-BLK2
,WHSE A,46000,Paquibot,DEC-25-BLK6,A-19B,MAN 3625,21095,526,11.27,2.61,0.575,0.595,13.92,3.68,82.4,,47.25,996738.75,237740.65,55057.95,12129.625,12551.525,293642.4,77629.6,1738228,DEC-25-BLK6
CLOSED,WHSE D,46000,Maranio,DEC-25-BLK4,D-11D,YAV 462,8875,248,11.47,2.54,0.571,0.591,14.64,2.55,82.81,,45,399375,101796.25,22542.5,5067.625,5245.125,129930,22631.25,734938.75,DEC-25-BLK4
,WHSE D,46000,Layupan,NOV-25-BLK17,D-15B,NET 6084,21175,477,12,2.47,0.568,0.588,12.49,3.92,83.59,,42,889350,254100,52302.25,12027.4,12450.9,264475.75,83006,1770018.25,NOV-25-BLK17
,,,,,,,,,,,,,,,,,,0,0,0,0,0,0,0,0,
,WHSE A,46001,Paquibot,DEC-25-BLK6,A-19B,AAV 6111,18875,443,11.87,2.53,0.578,0.598,12.86,2.68,84.46,,46.75,882406.25,224046.25,47753.75,10909.75,11287.25,242732.5,50585,1594182.5,DEC-25-BLK6
CLOSED,FEED,46001,Tag-at,DEC-25-FEED2,,KCA 378,17130,428,11.27,2.16,0.581,0.601,13.14,3.09,83.77,,44.5,762285,193055.1,37000.8,9952.53,10295.13,225088.2,52931.7,1434980.1,DEC-25-FEED2
,WHSE C,46001,Ornales,DEC-25-BLK5,C-18B,MAV9202,20825,598,10.2,3.77,0.559,0.579,15.6,3.48,80.92,,47,978775,212415,78510.25,11641.175,12057.675,324870,72471,1685159,DEC-25-BLK5
,,,,,,,,,,,,,,,,,,0,0,0,0,0,0,0,0,
,WHSE A,46002,Paquibot,DEC-25-BLK6,A-19B,AAV 6111,18065,425,11.6,2.71,0.575,0.595,13.49,3.45,83.06,,46.75,844538.75,209554,48956.15,10387.375,10748.675,243696.85,62324.25,1500478.9,DEC-25-BLK6
,WHSE C,46002,Ornales,DEC-25-BLK2,C-19B,LFF 835,10225,337,10.47,0.93,0.571,0.591,13.99,2.94,83.07,,47,480575,107055.75,9509.25,5838.475,6042.975,143047.75,30061.5,849390.75,DEC-25-BLK2
,WHSE C,46002,Mercado,DEC-25-BLK5,C-18B,MDH 272,9180,210,10.74,2.71,0.571,0.591,12.68,3.92,83.4,,45,413100,98593.2,24877.8,5241.78,5425.38,116402.4,35985.6,765612,DEC-25-BLK5
,,,,,,,,,,,,,,,,,,0,0,0,0,0,0,0,0,
CLOSED,WHSE C,46003,Ornales,DEC-25-BLK3,C-10A,MAV9202,23115,446,11.54,3.81,0.546,0.566,13.18,4.04,82.78,,47,1086405,266747.1,88068.15,12620.79,13083.09,304655.7,93384.6,1913459.7,DEC-25-BLK3
,WHSE A,46003,Paquibot,DEC-25-BLK6,A-19B,KCA 378,17330,426,11.74,2.71,0.571,0.591,12.37,3.78,83.85,,46.75,810177.5,203454.2,46964.3,9895.43,10242.03,214372.1,65507.4,1453120.5,DEC-25-BLK6
,,,,,,,,,,,,,,,,,,0,0,0,0,0,0,0,0,
IN-USE,WHSE A,46004,Paquibot,DEC-25-BLK7,A-19C,AAV 6111,17825,444,11.94,2.53,0.581,0.601,11.91,3.27,84.82,,46.75,833318.75,212830.5,45097.25,10356.325,10712.825,212295.75,58287.75,1511916.5,DEC-25-BLK7
,,,,,,,,,,,,,,,,,,0,0,0,0,0,0,0,0,
IN-USE,WHSE A,46006,Paquibot,DEC-25-BLK7,A-19C,MAN 3625,21965,548,11.87,2.16,0.571,0.591,13.75,3.64,82.61,,47.25,1037846.25,260724.55,47444.4,12542.015,12981.315,302018.75,79952.6,1814528.65,DEC-25-BLK7
,WHSE D,46006,Llanto,DEC-25-BLK9,D-13A,ALA 9958,23463,541,12.2,2.71,0.578,0.598,13.71,3.02,83.27,"ALA9958 net kilos  of  23,510 - .20% (MC) = 23,463",44,1032372,286248.6,63584.73,13561.614,14030.874,321677.73,70858.26,1953764.01,DEC-25-BLK9
,WHSE D,46006,Llanto,DEC-25-BLK9,D-13A,RKJ 477,14376,356,12.27,2.33,0.581,0.601,13.38,2.79,83.83,"RKJ 477 net kilos  of  14,415 - .27% (MC) = 14,376",44,632544,176393.52,33496.08,8352.456,8639.976,192350.88,40109.04,1205140.08,DEC-25-BLK9
IN-USE,WHSE D,46006,Bagiuo /Tipalan,NOV-25-BLK8,D-18D,JEM 960,5836,168,13,2.14,0.581,0.601,14.94,3.85,81.21,"JEM960 net kilos of 5,895 - 1%(MC) = 5,836  / PILED IN NOVEMBER # 8",45,262620,75868,12489.04,3390.716,3507.436,87189.84,22468.6,473941.56,NOV-25-BLK8
,WHSE C,46006,Ornales,DEC-25-BLK5,C-18B,LFF 835,11380,314,10.27,2.91,0.578,0.598,13.19,2.53,84.28,,48,546240,116872.6,33115.8,6577.64,6805.24,150102.2,28791.4,959106.4,DEC-25-BLK5
,WHSE C,46006,Ornales,DEC-25-BLK8,C-18A,MAV9202,21820,510,10.47,2.31,0.546,0.566,12.46,4.08,83.46,,48,1047360,228455.4,50404.2,11913.72,12350.12,271877.2,89025.6,1821097.2,DEC-25-BLK8
,WHSE C,46006,Mercado,DEC-25-BLK8,C-18A,MDH 272,7340,212,10.14,2.66,0.568,0.588,14.49,2.66,82.85,,46,337640,74427.6,19524.4,4169.12,4315.92,106356.6,19524.4,608119,DEC-25-BLK8
,,,,,,,,,,,,,,,,,,0,0,0,0,0,0,0,0,
IN-USE,WHSE A,46007,Paquibot,DEC-25-BLK7,A-19C,KCA 378,18405,458,11.74,2.73,0.575,0.595,12.25,3.53,84.22,,46.75,860433.75,216074.7,50245.65,10582.875,10950.975,225461.25,64969.65,1550069.1,DEC-25-BLK7
CLOSED,WHSE D,46007,Tanilon,DEC-25-BLK4,D-11D,218842,5790,125,12.07,2.81,0.585,0.605,13.98,2.43,83.59,,45,260550,69885.3,16269.9,3387.15,3502.95,80944.2,14069.7,483986.1,DEC-25-BLK4
,,,,,,,,,,,,,,,,,,0,0,0,0,0,0,0,0,
,WHSE C,46008,Ornales,DEC-25-BLK8,C-18A,LFF 835,11260,385,10.4,2.81,0.581,0.601,13.4,3.14,83.46,,48,540480,117104,31640.6,6542.06,6767.26,150884,35356.4,939759.6,DEC-25-BLK8
,WHSE D,46008,Lacoto,NOV-25-BLK9,D-19D,NEV 8612,18984,438,14.07,2.73,0.575,0.595,11.38,3.96,84.66,"NEV 8612 net kilos of 19,385 - 2.07%(MC) = 18,984 / PILED IN NOVEMBER # 9",43,816312,267104.88,51826.32,10915.8,11295.48,216037.92,75176.64,1607185.44,NOV-25-BLK9
CLOSED,WHSE D,46008,Layupan,DEC-25-BLK10,D-20D,NFD 5679,23837,478,18.87,2.53,0.568,0.588,12.24,3.4,84.36,,42,1001154,449804.19,60307.61,13539.416,14016.156,291764.88,81045.8,2010889.32,DEC-25-BLK10
,,,,,,,,,,,,,,,,,,0,0,0,0,0,0,0,0,
,WHSE A,46009,Paquibot,DEC-25-BLK11,A-18C,AAV 6111,17810,463,10.8,2.17,0.585,0.605,14.56,2.35,83.09,,49,872690,192348,38647.7,10418.85,10775.05,259313.6,41853.5,1479832.9,DEC-25-BLK11
,WHSE A,46009,Paquibot,DEC-25-BLK11,A-18C,MAN 3625,19205,540,11.8,2.21,0.571,0.591,13.79,3.86,82.35,,49.5,950647.5,226619,42443.05,10966.055,11350.155,264836.95,74131.3,1581531.75,DEC-25-BLK11
,WHSE D,46009,Llanto,DEC-25-BLK9,D-13A,ALA 9958,23837,510,13,2.11,0.581,0.601,12.49,3.19,84.32,"ALA9958 net kilos  of  24,555 - 4% (MC) = 23,573",42,1001154,309881,50296.07,13849.297,14326.037,297724.13,76040.03,2009935.84,DEC-25-BLK9
,,,,,,,,,19.07,,,,,,,,,0,0,0,0,0,0,0,0,
CLOSED,FEED,46009,Tag-at,DEC-25-FEED3,,KCA 378,14505,428,10.27,2.34,0.575,0.595,13.86,2.77,83.37,FEEDING ,46.5,674482.5,148966.35,33941.7,8340.375,8630.475,201039.3,40178.85,1209281.85,DEC-25-FEED3
,WHSE C,46009,Ornales,DEC-25-BLK8,C-18A,LFF 835,11370,340,10.2,3.1,0.578,0.598,12.94,3.21,83.85,,48,545760,115974,35247,6571.86,6799.26,147127.8,36497.7,953374.5,DEC-25-BLK8
,WHSE C,46009,Mercado,DEC-25-BLK8,C-18A,MDH 272,8885,228,11.47,3.81,0.565,0.585,15.6,2.99,81.41,,46,408710,101910.95,33851.85,5020.025,5197.725,138606,26566.15,723327.85,DEC-25-BLK8
,,,,,,,,,,,,,,,,,,0,0,0,0,0,0,0,0,
,WHSE A,46010,Paquibot,DEC-25-BLK11,A-18C,AAV 6111,18590,443,11.67,2.32,0.578,0.598,13.08,3.88,83.04,,49,910910,216945.3,43128.8,10745.02,11116.82,243157.2,72129.2,1543713.6,DEC-25-BLK11
IN-USE,WHSE C,46010,Ornales,DEC-25-BLK12,C-17A,MAV9202,20715,609,10.6,3.71,0.559,0.579,13.77,4.12,82.11,,48,994320,219579,76852.65,11579.685,11993.985,285245.55,85345.8,1700908.65,DEC-25-BLK12
IN-USE,WHSE C,46010,Ornales,DEC-25-BLK12,C-17A,CCN 7397,9040,280,9.47,3.61,0.571,0.591,14.95,2.8,82.25,,48,433920,85608.8,32634.4,5161.84,5342.64,135148,25312,743540,DEC-25-BLK12
,,,,,,,,,,,,,,,,,,0,0,0,0,0,0,0,0,
CLOSED,FEED,46011,Paquibot,DEC-25-FEED4,,KCA 378,18285,436,11.74,2.44,0.575,0.595,12.28,3.91,83.81,,49,895965,214665.9,44615.4,10513.875,10879.575,224539.8,71494.35,1532465.85,DEC-25-FEED4
,,,,,,,,,,,,,,,,,,0,0,0,0,0,0,0,0,
,WHSE D,46013,Paquibot,DEC-25-BLK14,D-16A,MAN 3625,21710,516,11.6,2.71,0.578,0.598,12.61,3.4,83.99,,49.5,1074645,251836,58834.1,12548.38,12982.58,273763.1,73814,1823422.9,DEC-25-BLK14
CLOSED,WHSE D,46013,Lacoto,DEC-25-BLK4,D-11D,NEV 8612,17276,448,13,2.77,0.571,0.591,11.54,3.92,84.54,"NEV 8612 net kilos of 17,450 - 1.%(MC) = 17,276 ",43,742868,224588,47854.52,9864.596,10210.116,199365.04,67721.92,1460513.04,DEC-25-BLK4
,WHSE D,46013,Esito,NOV-25-BLK9,D-19D,KDE 457,9692,253,14.2,2.18,0.585,0.605,14.66,2.57,82.77,"KDE 457 net kilos of 9,910 - 2.20% (MC) = 9,692  / PILED IN NOVEMBER # 9",45,436140,137626.4,21128.56,5669.82,5863.66,142084.72,24908.44,802206.84,NOV-25-BLK9
,WHSE D,46013,Layupan,NOV-25-BLK17,D-15B,NFD 5679,15257,312,14.07,2.73,0.568,0.588,11.78,3.55,84.67,"NFD 5679 net kilos 15,580 - 2.07%(MC) = 15,257 / PILED IN NOVEMBER # 17",42,640794,214665.99,41651.61,8665.976,8971.116,179727.46,54162.35,1291810.19,NOV-25-BLK17
IN-USE,WHSE C,46013,Ornales,DEC-25-BLK12,C-17A,LFF 835,11585,383,9.2,3.11,0.581,0.601,13.44,2.91,83.65,,48,556080,106582,36029.35,6730.885,6962.585,155702.4,33712.35,969085.25,DEC-25-BLK12
IN-USE,WHSE C,46013,Mercado,DEC-25-BLK12,C-17A,MAK 8332,6380,180,8.8,3.61,0.562,0.582,13.72,3.17,83.11,,46,293480,56144,23031.8,3585.56,3713.16,87533.6,20224.6,530241.8,DEC-25-BLK12
CLOSED,WHSE C,46013,Ornales,DEC-25-BLK13,C-17B,MAV9202,20965,668,10.2,3.14,0.546,0.566,11.78,3.84,84.38,,48,1006320,213843,65830.1,11446.89,11866.19,246967.7,80505.6,1769026.7,DEC-25-BLK13
CLOSED,WHSE C,46013,Mercado,DEC-25-BLK13,C-17B,MDH 272,9050,266,9.87,3.71,0.565,0.585,14.83,2.44,82.73,,46,416300,89323.5,33575.5,5113.25,5294.25,134211.5,22082,748706.5,DEC-25-BLK13
,,,,,,,,,,,,,,,,,,0,0,0,0,0,0,0,0,
,WHSE D,46014,Paquibot,DEC-25-BLK14,D-16A,AAV 6111,18060,454,11.54,2.77,0.571,0.591,13.16,3.59,83.25,,49,884940,208412.4,50026.2,10312.26,10673.46,237669.6,64835.4,1503495,DEC-25-BLK14
CLOSED,FEED,46014,Tag-at,DEC-25-FEED5,,KCA 378,16155,445,11.27,3.81,0.575,0.595,14.04,2.79,83.17,,46.5,751207.5,182066.85,61550.55,9289.125,9612.225,226816.2,45072.45,1343611.35,DEC-25-FEED5
,WHSE D,46014,Ornales,DEC-25-BLK15,D-20B,MCV 7006,25538,560,20.14,3.6,0.562,0.582,11.78,6.09,82.13,"MCV7006 net kilos of 28,135 - 8.14(MC) and 1.09%(ASH) total of 9.23% deduction = 25,538",48,1225824,514335.32,91936.8,14352.356,14863.116,300837.64,155526.42,2097435.94,DEC-25-BLK15
,,,,,,,,,,,,,,,,,,0,0,0,0,0,0,0,0,
CLOSED,WHSE C,46017,Ornales,DEC-25-BLK13,C-17B,MAV9202,21975,620,10.34,2.55,0.578,0.598,12.8,3.77,83.43,,48,1054800,227221.5,56036.25,12701.55,13141.05,281280,82845.75,1833374.25,DEC-25-BLK13
,WHSE D,46017,Llanto,DEC-25-BLK9,D-13A,ALA 9958,16430,395,11.8,2.33,0.581,0.601,13.74,3.22,83.04,,46,755780,193874,38281.9,9545.83,9874.43,225748.2,52904.6,1364347.2,DEC-25-BLK9
CLOSED,WHSE D,46017,Tanilon,DEC-25-BLK4,D-11D,JAO 4111,6705,155,11.94,2.63,0.585,0.605,14.33,2.91,82.76,,45,301725,80057.7,17634.15,3922.425,4056.525,96082.65,19511.55,554905.8,DEC-25-BLK4
CLOSED,WHSE D,46017,Layupan,DEC-25-BLK10,D-20D,NFD 5679,21207,418,14.07,2.81,0.575,0.595,12.14,3.68,84.18,"NFD 5679 net kilos 21,655 - 2.07%(MC) = 21,207",42,890694,298382.49,59591.67,12194.025,12618.165,257452.98,78041.76,1785205.26,DEC-25-BLK10
,,,,,,,,,,,,,,,,,,0,0,0,0,0,0,0,0,
,WHSE D,46018,Paquibot,DEC-25-BLK14,D-16A,KCA 378,19100,438,11.4,2.37,0.575,0.595,12.66,3.45,83.89,,49,935900,217740,45267,10982.5,11364.5,241806,65895,1602299,DEC-25-BLK14
,WHSE A,46018,Paquibot,DEC-25-BLK16,A-18B,MAN 3625,20200,514,11.67,2.61,0.578,0.598,13.28,3.83,82.89,,49.5,999900,235734,52722,11675.6,12079.6,268256,77366,1674378,DEC-25-BLK16
CLOSED,FEED,46018,Tag-at,DEC-25-FEED6,,AAV 6111,16175,458,10.6,3.17,0.571,0.591,13.59,2.97,83.44,,46.5,752137.5,171455,51274.75,9235.925,9559.425,219818.25,48039.75,1349642,DEC-25-FEED6
IN-USE,WHSE C,46018,Mercado,DEC-25-BLK12,C-17A,MDH 272,10045,269,9.2,3.27,0.562,0.582,14.66,2.44,82.9,,46,462070,92414,32847.15,5645.29,5846.19,147259.7,24509.8,832730.5,DEC-25-BLK12
,,,,,,,,,,,,,,,,,,0,0,0,0,0,0,0,0,
,WHSE A,46019,Paquibot,DEC-25-BLK16,A-18B,KCA 378,20130,457,11.74,2.6,0.575,0.595,13.28,3.29,83.43,,49,986370,236326.2,52338,11574.75,11977.35,267326.4,66227.7,1679445.9,DEC-25-BLK16
,WHSE A,46019,Paquibot,DEC-25-BLK16,A-18B,AAV 6111,20040,423,11.94,2.44,0.578,0.598,13.04,2.78,84.18,,49,981960,239277.6,48897.6,11583.12,11983.92,261321.6,55711.2,1686967.2,DEC-25-BLK16
CLOSED,WHSE C,46019,Ornales,DEC-25-BLK13,C-17B,LFF 835,11180,317,9.07,3.77,0.581,0.601,14.71,3.51,81.78,,48,536640,101402.6,42148.6,6495.58,6719.18,164457.8,39241.8,914300.4,DEC-25-BLK13
CLOSED,FEED,46019,Mercado,DEC-25-FEED7,,MDH 272,10310,250,9.2,3.88,0.559,0.579,15.34,2.65,82.01,,46,474260,94852,40002.8,5763.29,5969.49,158155.4,27321.5,845523.1,DEC-25-FEED7
,,,,,,,,,,,,,,,,,,0,0,0,0,0,0,0,0,
,WHSE A,46024,Paquibot,DEC-25-BLK16,A-18B,MAN 3625,21680,458,11.54,2.74,0.575,0.595,12.52,2.73,84.75, PILED IN DECEMBER # 16,49.5,1073160,250187.2,59403.2,12466,12899.6,271433.6,59186.4,1837380,DEC-25-BLK16
,WHSE A,46024,Ornales,JAN-26-BLK1,A-9A,LFF 835,11315,248,9.34,3.81,0.578,0.598,13.13,3.69,83.18,,48,543120,105682.1,43110.15,6540.07,6766.37,148565.95,41752.35,941181.7,JAN-26-BLK1
,WHSE A,46024,Ornales,JAN-26-BLK1,A-9A,MAV9202,21255,562,9.67,3.94,0.559,0.579,13.66,3.77,82.57,,48,1020240,205535.85,83744.7,11881.545,12306.645,290343.3,80131.35,1755025.35,JAN-26-BLK1
,,,,,,,,,,,,,,,,,,0,0,0,0,0,0,0,0,
,WHSE A,46025,Paquibot,JAN-26-BLK2,A-18A,AAV 6111,18170,412,11.27,2.73,0.578,0.598,13.6,3.55,82.85,,49,890330,204775.9,49604.1,10502.26,10865.66,247112,64503.5,1505384.5,JAN-26-BLK2
,WHSE A,46025,Paquibot,JAN-26-BLK2,A-18A,CAL 7622,6920,186,11.87,2.61,0.581,0.601,11.78,3.94,84.28,,49.5,342540,82140.4,18061.2,4020.52,4158.92,81517.6,27264.8,583217.6,JAN-26-BLK2
CLOSED,FEED,46025,Tag-at,JAN-26-FEED1,,KCA 378,16770,452,12,3.81,0.575,0.595,13.79,2.78,83.43,,46.5,779805,201240,63893.7,9642.75,9978.15,231258.3,46620.6,1399121.1,JAN-26-FEED1
,WHSE A,46025,Ornales,JAN-26-BLK1,A-9A,LFF 835,13095,332,9.4,3.17,0.585,0.605,14.52,3.7,81.78,,48,628560,123093,41511.15,7660.575,7922.475,190139.4,48451.5,1070909.1,JAN-26-BLK1
,,,,,,,,,,,,,,,,,,0,0,0,0,0,0,0,0,
,WHSE A,46027,Paquibot,JAN-26-BLK2,A-18A,MAN 3625,22190,461,12.67,2.44,0.575,0.595,14.12,3.68,82.2,"MAN3625 net kilos of 22,340 - .67%(MC) = 22,190",49.5,1098405,281147.3,54143.6,12759.25,13203.05,313322.8,81659.2,1824018,JAN-26-BLK2
,WHSE A,46027,Paquibot,JAN-26-BLK2,A-18A,KCA 378,16800,420,11.74,2.51,0.575,0.595,12.25,2.75,85,,49,823200,197232,42168,9660,9996,205800,46200,1428000,JAN-26-BLK2
CLOSED,WHSE D,46027,Llanto,DEC-25-BLK4,D-11D,ALA 9958,25365,535,12,2.5,0.578,0.598,13.56,2.86,83.58, PILED IN DECEMBER # 4,46,1166790,304380,63412.5,14660.97,15168.27,343949.4,72543.9,2120006.7,DEC-25-BLK4
IN-USE,WHSE D,46027,Tanilon,NOV-25-BLK8,D-18D,MAR2499,4828,110,13.87,2.11,0.585,0.605,15.77,2.44,81.79,"MAR2499 net kilos of 4,920 - 1.87%(MC) = 4,828 / PILE IN NOVEMBER # 8",45,217260,66964.36,10187.08,2824.38,2920.94,76137.56,11780.32,394882.12,NOV-25-BLK8
,WHSE D,46027,Lacoto,JAN-26-BLK4,D-18C,NEV 8612,15802,439,13.8,2.4,0.581,0.601,12.44,4.02,83.54,"NEV 8612 net kilos of 19,295 -496 KILOS of (MC dedeuction) = 18,799",43,679486,218067.6,37924.8,9180.962,9497.002,196576.88,63524.04,1320099.08,JAN-26-BLK4
CLOSED,WHSE A,46027,Lacoto,JAN-26-SUNDRY2,A-3C,,2531,85,10.34,2.4,0.581,0.601,12.44,4.02,83.54,FINAL SUNDRY WT,43,108833,26170.54,6074.4,1470.511,1521.131,31485.64,10174.62,211439.74,JAN-26-SUNDRY2
CLOSED,FEED,46027,Tag-at,JAN-26-FEED2,,AAV 6111,18520,461,11.4,3.18,0.571,0.591,13.81,3.94,82.25,,46.5,861180,211128,58893.6,10574.92,10945.32,255761.2,72968.8,1523270,JAN-26-FEED2
,WHSE A,46027,Ornales,JAN-26-BLK1,A-9A,LFF 835,13205,355,9.2,3.48,0.581,0.601,14.76,2.88,82.36,,48,633840,121486,45953.4,7672.105,7936.205,194905.8,38030.4,1087563.8,JAN-26-BLK1
,WHSE A,46027,Ornales,JAN-26-BLK3,A-9B,ANA9156,5545,110,9.27,3.76,0.565,0.585,11.49,4.19,84.32,,48,266160,51402.15,20849.2,3132.925,3243.825,63712.05,23233.55,467554.4,JAN-26-BLK3
,WHSE D,46027,Layupan,NOV-25-BLK17,D-15B,NET 6084,23077,541,14.07,2.81,0.568,0.588,13.78,3.55,82.67,"NET 6084 net kilos of 23,565 - 2.07%(MC) = 23,077 / PILED IN NOVEMBER # 17",42,969234,324693.39,64846.37,13107.736,13569.276,318001.06,81923.35,1907775.59,NOV-25-BLK17
,,,,,,,,,,,,,,,,,,0,0,0,0,0,0,0,0,
,WHSE A,46028,Paquibot,JAN-26-BLK5,A-17B,KCA 378,17775,430,11.8,2.61,0.578,0.598,12.41,3.98,83.61,,49,870975,209745,46392.75,10273.95,10629.45,220587.75,70744.5,1486167.75,JAN-26-BLK5
,WHSE A,46028,Mercado,JAN-26-BLK1,A-9A,MDH 272,10140,264,9.8,2.8,0.575,0.595,13.64,3.73,82.63,,46,466440,99372,28392,5830.5,6033.3,138309.6,37822.2,837868.2,JAN-26-BLK1
,,,,,,,,,,,,,,,,,,0,0,0,0,0,0,0,0,
,WHSE A,46029,Paquibot,JAN-26-BLK5,A-17B,AAV 6111,19870,432,12.2,2.41,0.575,0.595,12.68,3.88,83.44,"AAV 6111 net kilos of 19,910 - .20%(MC) = 19,870",49,973630,242414,47886.7,11425.25,11822.65,251951.6,77095.6,1657952.8,JAN-26-BLK5
,WHSE A,46029,Paquibot,JAN-26-BLK5,A-17B,MAN 3625,18665,507,11.94,2.63,0.581,0.601,14.24,3.04,82.72,,49.5,923917.5,222860.1,49088.95,10844.365,11217.665,265789.6,56741.6,1543968.8,JAN-26-BLK5
,,,,,,,,,,,,,,,,,,0,0,0,0,0,0,0,0,
,WHSE A,46030,Paquibot,JAN-26-BLK6,A-17A,AAV 6111,18505,475,11.74,2.71,0.575,0.595,13.61,3.28,83.11,,49,906745,217248.7,50148.55,10640.375,11010.475,251853.05,60696.4,1537950.55,JAN-26-BLK6
,WHSE D,46030,Bagiuo/ Tipalan,JAN-26-BLK7,D-16C,JEM 960,5267,128,12.07,2.22,0.581,0.601,13.78,2.49,83.73,"JEM 960 net kilos of 5,835 - 5.14%MC (DEDUCTION OF 15 WET SACKS) = 5,803",45,237015,63572.69,11692.74,3060.127,3165.467,72579.26,13114.83,441005.91,JAN-26-BLK7
CLOSED,WHSE A,46030,Bagiuo/ Tipalan,JAN-26-SUNDRY1,A-3B,,556,15,9.8,2.22,0.581,0.601,13.78,2.49,83.73,,45,25020,5448.8,1234.32,323.036,334.156,7661.68,1384.44,46553.88,JAN-26-SUNDRY1
CLOSED,FEED,46030,Tag-at,JAN-26-FEED3,,KCA 378,17550,488,11.07,3.61,0.581,0.601,14.22,3.89,81.89,,46.5,816075,194278.5,63355.5,10196.55,10547.55,249561,68269.5,1437169.5,JAN-26-FEED3
CLOSED,WHSE D,46030,Layupan,JAN-26-BLK8,D-17D,NFD 5679,15329,365,13.8,2.67,0.571,0.591,11.94,3.95,84.11,"NHD 5979 net kilos of 15,610 - 1.80%(MC) = 15,329",42,643818,211540.2,40928.43,8752.859,9059.439,183028.26,60549.55,1289322.19,JAN-26-BLK8
,WHSE A,46030,Ornales,JAN-26-BLK3,A-9B,LFF 835,12170,275,9.54,3.41,0.578,0.598,15.54,2.75,81.71,,48,584160,116101.8,41499.7,7034.26,7277.66,189121.8,33467.5,994410.7,JAN-26-BLK3
,,,,,,,,,,,,,,,,,,0,0,0,0,0,0,0,0,
,WHSE A,46031,Paquibot,JAN-26-BLK6,A-17A,AAV 6111,19220,478,12.8,2.15,0.578,0.598,11.68,3.5,84.82,"AAV 6111 net kilos of 19,375 - .80%(MC) = 19,220",49,941780,246016,41323,11109.16,11493.56,224489.6,67270,1630240.4,JAN-26-BLK6
CLOSED,FEED,46031,Paquibot,JAN-26-FEED4,,MAN 3625,21095,534,11.87,2.61,0.575,0.595,13.44,2.87,83.69,,49.5,1044202.5,250397.65,55057.95,12129.625,12551.525,283516.8,60542.65,1765440.55,JAN-26-FEED4
,WHSE A,46031,Ornales,JAN-26-BLK3,A-9B,LFF 835,11195,345,10.14,3.11,0.578,0.598,13.38,2.56,84.06,,48,537360,113517.3,34816.45,6470.71,6694.61,149789.1,28659.2,941051.7,JAN-26-BLK3
,,,,,,,,,,,,,,,,,,0,0,0,0,0,0,0,0,
,WHSE A,46032,Paquibot,JAN-26-BLK6,A-17A,KCA 378,17626,441,12.67,2.43,0.578,0.598,13.14,3.73,83.13,"KCA 378 net kilos of 17,745- .67 %(MC) =17,626",49,863674,223321.42,42831.18,10187.828,10540.348,231605.64,65744.98,1465249.38,JAN-26-BLK6
,WHSE A,46032,Paquibot,JAN-26-BLK6,A-17A,AAV 6111,20074,419,12.8,2.33,0.575,0.595,12.47,3.58,83.95,"AAV 6111 net kilos of 20,235- .80 %(MC) =20,074",49,983626,256947.2,46772.42,11542.55,11944.03,250322.78,71864.92,1685212.3,JAN-26-BLK6
,WHSE A,46032,Mercado,JAN-26-BLK3,A-9B,ABK 1806,24290,532,10.6,3.88,0.562,0.582,14.68,2.98,82.34,,46,1117340,257474,94245.2,13650.98,14136.78,356577.2,72384.2,2000038.6,JAN-26-BLK3
IN-USE,WHSE D,46032,Ecito,JAN-26-BLK9,D-20C,ALA 8238,18369,432,15.27,2.53,0.585,0.605,15.44,3.67,80.89,"ALA 8238 net kilos of 18,990 - 3.27%(MC) = 18,369",45,826605,280494.63,46473.57,10745.865,11113.245,283617.36,67414.23,1485868.41,JAN-26-BLK9
,,,,,,,,,,,,,,,,,,0,0,0,0,0,0,0,0,
,WHSE A,46034,Paquibot,JAN-26-BLK5,A-17B,KCA 378,17470,441,12.14,2.61,0.579,0.599,12.08,2.58,85.34,"KCA 378 net kilos of 17,495- .14 %(MC) =17,470",49,856030,212085.8,45596.7,10115.13,10464.53,211037.6,45072.6,1490889.8,JAN-26-BLK5
,WHSE D,46034,Bagiuo/ Tipalan,JAN-26-BLK7,D-16C,JEM 960,6050,160,12.27,2.33,0.581,0.601,14.85,3.49,81.66,"JEM 960 net kilos of 6,095 - 4.41%MC (DEDUCTION OF 19 WET SACKS) = 6,050",45,272250,74233.5,14096.5,3515.05,3636.05,89842.5,21114.5,494043,JAN-26-BLK7
CLOSED,WHSE D,46034,Layupan,JAN-26-BLK8,D-17D,NET 6084,9382,210,14.47,2.41,0.571,0.591,11.68,3.88,84.44,"NET 6084 net kilos of 9,620 - 2.47%(MC) = 9,382 ",42,394044,135757.54,22610.62,5357.122,5544.762,109581.76,36402.16,792216.08,JAN-26-BLK8
,WHSE A,46034,Ornales,JAN-26-BLK3,A-9B,LFF 835,11455,340,10.47,3.47,0.578,0.598,13.46,2.7,83.84,,49,561295,119933.85,39748.85,6620.99,6850.09,154184.3,30928.5,960387.2,JAN-26-BLK3
,,,,,,,,,,,,,,,,,,0,0,0,0,0,0,0,0,
CLOSED,FEED,46035,Tag-at,JAN-26-FEED5,,AAV 6111,16365,446,10.54,2.73,0.571,0.591,14.66,3.14,82.2,,46.5,760972.5,172487.1,44676.45,9344.415,9671.715,239910.9,51386.1,1345203,JAN-26-FEED5
,WHSE A,46035,Ornales,JAN-26-BLK10,A-9C,MAV9202,21060,611,9.4,2.77,0.581,0.601,13.19,3.85,82.96,,49,1031940,197964,58336.2,12235.86,12657.06,277781.4,81081,1747137.6,JAN-26-BLK10
,WHSE D,46035,Llanto,JAN-26-BLK11,D-12D,ALA 9958,20491,461,12.07,2.61,0.578,0.598,13.42,2.56,84.02,"ALA 9958 net kilos of 20,505 - .07%(MC) = 20,491",46,942586,247326.37,53481.51,11843.798,12253.618,274989.22,52456.96,1721653.82,JAN-26-BLK11
,,,,,,,,,,,,,,,,,,0,0,0,0,0,0,0,0,
,WHSE A,46036,Paquibot,JAN-26-BLK12,A-17C,AAV 6111,18705,445,11.74,2.61,0.578,0.598,12.45,3.33,84.22,,49,916545,219596.7,48820.05,10811.49,11185.59,232877.25,62287.65,1575335.1,JAN-26-BLK12
,WHSE D,46036,Tanilon,JAN-26-BLK13,D-16B,JAO 4111,7459,145,12.54,3.13,0.581,0.601,14.19,4.78,81.03,"JAO 4111 net kilos of 7,500 - .54%(MC) = 7,459",45,335655,93535.86,23346.67,4333.679,4482.859,105843.21,35654.02,604402.77,JAN-26-BLK13
,WHSE D,46036,Nazareno,JAN-26-BLK13,D-16B,RKX 173,10434,282,13.2,2.59,0.575,0.595,11.38,3.46,85.16,"RKX 173 net kilos of 10,610 - 10.47%(MC) 176 kilos = 10,434",43.5,453879,137728.8,27024.06,5999.55,6208.23,118738.92,36101.64,888559.44,JAN-26-BLK13
,,,,,,,,,,,,,,,,,,0,0,0,0,0,0,0,0,
,WHSE A,46037,Ornales,JAN-26-BLK10,A-9C,MAV9202,22020,558,9.87,3.88,0.556,0.576,12.43,3.94,83.63,,49,1078980,217337.4,85437.6,12243.12,12683.52,273708.6,86758.8,1841532.6,JAN-26-BLK10
,WHSE A,46037,Ornales,JAN-26-BLK10,A-9C,CAO 7817,5700,326,7.94,3.65,0.568,0.588,13.38,2.65,83.97,,49,279300,45258,20805,3237.6,3351.6,76266,15105,478629,JAN-26-BLK10
,WHSE A,46037,Ornales,JAN-26-BLK10,A-9C,MAT 6591,2881,105,12.14,3.47,0.571,0.591,13.94,2.48,83.58,"MAT6591  net kilos of 2,885 - .14%(MC) = 2,881 ",49,141169,34975.34,9997.07,1645.051,1702.671,40161.14,7144.88,240793.98,JAN-26-BLK10
,,,,,,,,,,,,,,,,,,0,0,0,0,0,0,0,0,
,WHSE A,46038,Paquibot,JAN-26-BLK12,A-17C,AAV 6111,18335,458,11.24,2.6,0.575,0.595,13.75,3.87,82.38,,49,898415,206085.4,47671,10542.625,10909.325,252106.25,70956.45,1510437.3,JAN-26-BLK12
,WHSE D,46038,Lacoto,JAN-26-BLK4,D-18C,MAV 8612,16731,433,14.27,2.71,0.575,0.595,11.39,3.93,84.68,"NEV 8612 net kilos of 17,120 -2.27% (MC ) = 16,731 ",43,719433,238751.37,45341.01,9620.325,9954.945,190566.09,65752.83,1416781.08,JAN-26-BLK4
,WHSE D,46038,Maranio,JAN-26-BLK11,D-12D,CTX 146,19985,576,10.87,3.91,0.568,0.588,15.49,2.78,81.73,,45,899325,217236.95,78141.35,11351.48,11751.18,309567.65,55558.3,1633374.05,JAN-26-BLK11
CLOSED,FEED,46038,Tag-at,JAN-26-FEED6,,KCA 378,16700,461,10.94,3.55,0.571,0.591,14.3,3.44,82.26,FEEDING,46.5,776550,182698,59285,9535.7,9869.7,238810,57448,1373742,JAN-26-FEED6
,WHSE A,46038,Ornales,JAN-26-BLK10,A-9C,LFF 835,10935,363,9.94,2.94,0.581,0.601,12.44,3.04,84.52,,49,535815,108693.9,32148.9,6353.235,6571.935,136031.4,33242.4,924226.2,JAN-26-BLK10
,WHSE A,46038,Mercado,JAN-26-BLK14,A-8A,MAV9202,14555,376,11.2,3.71,0.562,0.582,13.4,3.88,82.72,,46.75,680446.25,163016,53999.05,8179.91,8471.01,195037,56473.4,1203989.6,JAN-26-BLK14
,,,,,,,,,,,,,,,,,,0,0,0,0,0,0,0,0,
,WHSE A,46039,Paquibot,JAN-26-BLK12,A-17C,KCA 378,17650,425,11.67,2.68,0.571,0.591,12.25,3.39,84.36,,49,864850,205975.5,47302,10078.15,10431.15,216212.5,59833.5,1488954,JAN-26-BLK12
,WHSE A,46039,Ornales,JAN-26-BLK14,A-8A,LFF 835,11350,358,10.34,3.29,0.562,0.582,12.72,2.65,84.63,,49,556150,117359,37341.5,6378.7,6605.7,144372,30077.5,960550.5,JAN-26-BLK14
,WHSE A,46039,Layupan - DEC-25-BLK10,JAN-26-SUNDRY3,A-4A,,2940,6,10.4,2.67,0.5715,0.5915,12.19,3.54,84.27,"1,891,848 PHP / 35,875 kg = 52.73 php/kg",52.73443902,155039.2507,30576,7849.8,1680.21,1739.01,35838.6,10407.6,247753.8,JAN-26-SUNDRY3
,WHSE A,46040,Layupan - DEC-25-BLK10,JAN-26-SUNDRY3,A-4A,,8595,18,9.27,2.67,0.5715,0.5915,12.19,3.54,84.27,"1,891,848 PHP / 35,875 kg = 52.73 php/kg",52.73443902,453252.5034,79675.65,22948.65,4912.0425,5083.9425,104773.05,30426.3,724300.65,JAN-26-SUNDRY3
,,,,,,,,,,,,,,,,,,0,0,0,0,0,0,0,0,
,WHSE A,46041,Paquibot,JAN-26-BLK15,A-11A,AAV 6111,18220,437,11.54,2.66,0.578,0.598,12.64,3.79,83.57,,49,892780,210258.8,48465.2,10531.16,10895.56,230300.8,69053.8,1522645.4,JAN-26-BLK15
,WHSE A,46041,Ornales,JAN-26-BLK14,A-8A,LFF 835,11885,376,9.87,3.11,0.581,0.601,13.41,2.84,83.75,,49,582365,117304.95,36962.35,6905.185,7142.885,159377.85,33753.4,995368.75,JAN-26-BLK14
,,,,,,,,,,,,,,,,,,0,0,0,0,0,0,0,0,
,WHSE A,46042,Ornales,JAN-26-BLK14,A-8A,LFF 835,11720,314,9.2,3.11,0.575,0.595,13.34,2.94,83.72,,49,574280,107824,36449.2,6739,6973.4,156344.8,34456.8,981198.4,JAN-26-BLK14
,,,,,,,,,,,,,,,,,,0,0,0,0,0,0,0,0,
,WHSE A,46043,Paquibot,JAN-26-BLK15,A-11A,AAV 6111,19125,438,12.34,2.61,0.575,0.595,13.42,2.86,83.72,"AAV 6111 net kilos of 19,190 - .34%(MC) = 19,125",49,937125,236002.5,49916.25,10996.875,11379.375,256657.5,54697.5,1601145,JAN-26-BLK15
,WHSE A,46043,Paquibot,JAN-26-BLK15,A-11A,KCA 378,18275,436,12.87,2.53,0.571,0.591,12.15,3.89,83.96,"KCA 378 net kilos of 18,435- .87 %(MC) =18,275",49,895475,235199.25,46235.75,10435.025,10800.525,222041.25,71089.75,1534369,JAN-26-BLK15
,WHSE D,46043,Llanto,JAN-26-BLK11,D-12D,ALA 9958,22783,523,12.14,2.44,0.578,0.598,13.78,2.54,83.68,"ALA 9958 net kilos of 22,815 - .14%(MC) = 22,783",46,1048018,276585.62,55590.52,13168.574,13624.234,313949.74,57868.82,1906481.44,JAN-26-BLK11
,WHSE D,46043,Ornales,JAN-26-BLK16,D-5A,LFF 835,11547,244,11.27,3.73,0.581,0.601,12.76,23.75,63.49,"LFF 835 net kilos of 12,155 - 5%(ASH) = 11,547",49,565803,130134.69,43070.31,6708.807,6939.747,147339.72,274241.25,733119.03,JAN-26-BLK16
,,,,,,,,,,,,,,,,,,0,0,0,0,0,0,0,0,
,WHSE A,46044,Ornales,JAN-26-BLK14,A-8A,LFF 835,9725,368,10.34,2.31,0.581,0.601,14.51,2.77,82.72,,49,476525,100556.5,22464.75,5650.225,5844.725,141109.75,26938.25,804452,JAN-26-BLK14
,WHSE A,46044,Ornales,JAN-26-BLK18,A-8B,MAV9202,21760,436,13.07,3.43,0.559,0.579,11.39,4.04,84.57,"MAV 9202 net kilos of 21,995 - 1.07%(MC) = 21,760",49,1066240,284403.2,74636.8,12163.84,12599.04,247846.4,87910.4,1840243.2,JAN-26-BLK18
,WHSE A,46044,Paquibot,JAN-26-BLK17,A-11B,AAV 6111,18170,450,12.6,2.91,0.575,0.595,13.59,3.81,82.6,"AAV 6111 net kilos of 18,280 - .60%(MC) = 18,170",49,890330,228942,52874.7,10447.75,10811.15,246930.3,69227.7,1500842,JAN-26-BLK17
CLOSED,FEED,46044,Tag-at,JAN-26-FEED7,,KCA 378,17230,452,11.67,3.37,0.578,0.598,13.73,2.36,83.91,FEEDING,48.5,835655,201074.1,58065.1,9958.94,10303.54,236567.9,40662.8,1445769.3,JAN-26-FEED7
IN-USE,WHSE D,46044,Layupan,JAN-26-BLK9,D-20C,NFD 5679,19510,426,17.74,2.61,0.571,0.591,11.99,3.44,84.57,"NFD 5679 net kilos of 20,755 - 6%(MC) = 19,510",42,819420,346107.4,50921.1,11140.21,11530.41,233924.9,67114.4,1649960.7,JAN-26-BLK9
,,,,,,,,,,,,,,,,,,0,0,0,0,0,0,0,0,
,WHSE A,46045,Mercado,JAN-26-BLK18,A-8B,MAK 8332,6555,178,9.34,3.61,0.565,0.585,14.98,3.26,81.76,,46.75,306446.25,61223.7,23663.55,3703.575,3834.675,98193.9,21369.3,535936.8,JAN-26-BLK18
,WHSE A,46045,Paquibot,JAN-26-BLK15,A-11A,KCA 378,17759,425,12.2,2.31,0.578,0.598,13.67,3.09,83.24,"KCA 378 net kilos of 17,795- .20 %(MC) =17,759",49,870191,216659.8,41023.29,10264.702,10619.882,242765.53,54875.31,1478259.16,JAN-26-BLK15
,WHSE A,46045,Paquibot,JAN-26-BLK17,A-11B,KAH 7910,1708,30,12.67,2.16,0.571,0.591,11.51,3.84,84.65,"KAH 7910 net kilos of 1,720 - .67%(MC) = 1,708",49.5,84546,21640.36,3689.28,975.268,1009.428,19659.08,6558.72,144582.2,JAN-26-BLK17
,WHSE D,46045,Sula,JAN-26-BLK13,D-16B,KAL 9356,4453,116,12.94,2.27,0.585,0.605,15.41,3.4,81.19,"KAL 9356 net kilos of 4,495 - .94%(MC) = 4,453",45,200385,57621.82,10108.31,2605.005,2694.065,68620.73,15140.2,361539.07,JAN-26-BLK13
IN-USE,FEED,46045,Tag-at,JAN-26-FEED8,,AAV 6111,17020,465,11.74,3.14,0.575,0.595,13.54,2.58,83.88,,48.5,825470,199814.8,53442.8,9786.5,10126.9,230450.8,43911.6,1427637.6,JAN-26-FEED8
,WHSE A,46045,Ornales,JAN-26-BLK18,A-8B,MAV9202,21150,585,10.47,3.18,0.568,0.588,14.04,3.49,82.47,,49,1036350,221440.5,67257,12013.2,12436.2,296946,73813.5,1744240.5,JAN-26-BLK18
,WHSE D,46045,Ornales,JAN-26-BLK16,D-5A,LFF 835,11761,335,12.87,3.78,0.581,0.601,10.38,12.92,76.7,"lfF 835 net kilos of 12,235 - 3.87%(.87% MC and 3%ASH) = 11,761",49,576289,151364.07,44456.58,6833.141,7068.361,122079.18,151952.12,902068.7,JAN-26-BLK16
,,,,,,,,,,,,,,,,,,0,0,0,0,0,0,0,0,
,WHSE A,46046,Mercado,JAN-26-BLK19,A-8C,MAK 8332,6725,173,9.74,3.8,0.559,0.579,13.61,2.47,83.92,,46.75,314393.75,65501.5,25555,3759.275,3893.775,91527.25,16610.75,564362,JAN-26-BLK19
,WHSE A,46046,Ornales,JAN-26-BLK18,A-8B,LFF 835,9755,335,9.54,3.12,0.585,0.605,12.98,2.81,84.21,,49,477995,93062.7,30435.6,5706.675,5901.775,126619.9,27411.55,821468.55,JAN-26-BLK18
,,,,,,,,,,,,,,,,,,0,0,0,0,0,0,0,0,
,WHSE A,46048,Paquibot,JAN-26-BLK17,A-11B,KCA 378,17480,453,11.87,2.43,0.578,0.598,14.4,3.9,81.7,,49,856520,207487.6,42476.4,10103.44,10453.04,251712,68172,1428116,JAN-26-BLK17
,WHSE D,46048,Llanto,JAN-26-BLK20,D-12C,ALA 9958,25590,536,11.94,2.73,0.578,0.598,12.76,2.54,84.7,,46,1177140,305544.6,69860.7,14791.02,15302.82,326528.4,64998.6,2167473,JAN-26-BLK20
,WHSE D,46048,Lacoto,JAN-26-BLK20,D-12C,NEV 8612,15860,459,11.54,2.68,0.581,0.601,12.52,3.36,84.12,,43,681980,183024.4,42504.8,9214.66,9531.86,198567.2,53289.6,1334143.2,JAN-26-BLK20
,WHSE A,46048,Ornales,JAN-26-BLK19,A-8C,LFF 835,12245,333,10.07,3.71,0.585,0.605,13.95,3.28,82.77,,48.95,599392.75,123307.15,45428.95,7163.325,7408.225,170817.75,40163.6,1013518.65,JAN-26-BLK19
IN-USE,WHSE D,46048,Layupan,JAN-26-BLK9,D-20C,NET 6084,21179,436,17.87,2.61,0.575,0.595,12.24,3.4,84.36,"NET 6084 net kilos of 22,500 - 5.87%(MC) = 21,179",42,889518,378468.73,55277.19,12177.925,12601.505,259230.96,72008.6,1786660.44,JAN-26-BLK9
,WHSE A,46048,Mercado,JAN-26-BLK19,A-8C,MAK 8332,7360,184,11.07,3.81,0.562,0.582,13.39,3.85,82.76,,46.75,344080,81475.2,28041.6,4136.32,4283.52,98550.4,28336,609113.6,JAN-26-BLK19
,,,,,,,,,,,,,,,,,,0,0,0,0,0,0,0,0,
,WHSE A,46049,Paquibot,JAN-26-BLK17,A-11B,AAV 6111,16750,432,11.47,2.61,0.575,0.595,13.36,3.74,82.9,,49,820750,192122.5,43717.5,9631.25,9966.25,223780,62645,1388575,JAN-26-BLK17
CLOSED,FEED,46049,Tag-at,JAN-26-FEED9,,KCA 378,17450,469,11.8,3.18,0.568,0.588,14.13,2.52,83.35,DONE FEEDING,48.5,846325,205910,55491,9911.6,10260.6,246568.5,43974,1454457.5,JAN-26-FEED9
,WHSE D,46049,Bagiuo/ Tipalan,JAN-26-BLK20,D-12C,JEM 960,5905,170,12,2.18,0.578,0.598,14.71,2.42,82.87,,45,265725,70860,12872.9,3413.09,3531.19,86862.55,14290.1,489347.35,JAN-26-BLK20
,WHSE A,46049,Ornales,JAN-26-BLK19,A-8C,LFF 835,12565,312,11.74,3.49,0.565,0.585,12.27,3.53,84.2,,48.95,615056.75,147513.1,43851.85,7099.225,7350.525,154172.55,44354.45,1057973,JAN-26-BLK19
,WHSE A,46049,Ornales,JAN-26-BLK19,A-8C,MAV9202,22655,543,11.27,3.62,0.559,0.579,12.71,4.08,83.21,,48.95,1108962.25,255321.85,82011.1,12664.145,13117.245,287945.05,92432.4,1885122.55,JAN-26-BLK19
,,,,,,,,,,,,,,,,,,0,0,0,0,0,0,0,0,
,WHSE A,46050,Paquibot,JAN-26-BLK21,A-11C,AAV 6111,18145,444,11.74,2.73,0.575,0.595,12.14,3.8,84.06,,49,889105,213022.3,49535.85,10433.375,10796.275,220280.3,68951,1525268.7,JAN-26-BLK21
,WHSE D,46050,Tanilon,JAN-26-BLK11,D-12D,JAO 4111,7245,132,11.94,2.81,0.581,0.601,14.88,3.14,81.98,,45,326025,86505.3,20358.45,4209.345,4354.245,107805.6,22749.3,593945.1,JAN-26-BLK11
,WHSE A,46050,Mercado,JAN-26-BLK22,A-7A,MAK 8332,6320,190,9.74,3.59,0.562,0.582,12.78,2.66,84.56,,46.75,295460,61556.8,22688.8,3551.84,3678.24,80769.6,16811.2,534419.2,JAN-26-BLK22
,WHSE A,46050,Layupan - DEC-25-BLK10,JAN-26-SUNDRY3,A-4A,,1850,4,9.2,2.67,0.5715,0.5915,12.19,3.54,84.27,"1,891,848 PHP / 35,875 kg = 52.73 php/kg",52.73443902,97558.7122,17020,4939.5,1057.275,1094.275,22551.5,6549,155899.5,JAN-26-SUNDRY3
,,,,,,,,,,,,,,,,,,0,0,0,0,0,0,0,0,
,WHSE A,46051,Ornales,JAN-26-BLK22,A-7A,LFF 835,11434,375,13.6,3.6,0.562,0.582,11.78,4.66,83.56,"LFF 835 net kilos of 11,620 - 1.60%(MC) = 11,434",48.95,559694.3,155502.4,41162.4,6425.908,6654.588,134692.52,53282.44,955425.04,JAN-26-BLK22
,WHSE A,46051,Paquibot,JAN-26-BLK21,A-11C,AAV 6111,17810,441,11.27,2.73,0.575,0.595,13.2,3.45,83.35,,49,872690,200718.7,48621.3,10240.75,10596.95,235092,61444.5,1484463.5,JAN-26-BLK21
CLOSED,FEED,46051,Tag-at,JAN-26-FEED10,,KCA 378,16887,449,12.34,3.88,0.571,0.591,13.41,3.68,82.91,"KCA 378 net kilos of 16,945- .34 %(MC) =16,887 / FEEDING",48.5,819019.5,208385.58,65521.56,9642.477,9980.217,226454.67,62144.16,1400101.17,JAN-26-FEED10
,WHSE A,46051,Layupan - DEC-25-BLK10,JAN-26-SUNDRY3,A-4A,,6279,12,10.14,2.67,0.5715,0.5915,12.19,3.54,84.27,"1,891,848 PHP / 35,875 kg = 52.73 php/kg",52.73443902,331119.5426,63669.06,16764.93,3588.4485,3714.0285,76541.01,22227.66,529131.33,JAN-26-SUNDRY3
,,,,,,,,,,,,,,,,,,0,0,0,0,0,0,0,0,
,WHSE A,46052,Ornales,JAN-26-BLK22,A-7A,KCA 378,18100,462,11.34,3.11,0.578,0.598,13.77,3.5,82.73,,48.45,876945,205254,56291,10461.8,10823.8,249237,63350,1497413,JAN-26-BLK22
,WHSE A,46052,Mercado,JAN-26-BLK22,A-7A,CBN 2194,9730,247,11.47,3.77,0.562,0.582,12.43,2.54,85.03,,46.75,454877.5,111603.1,36682.1,5468.26,5662.86,120943.9,24714.2,827341.9,JAN-26-BLK22
,WHSE D,46052,Bagiuo/ Tipalan,JAN-26-BLK20,D-12C,JEM 960,5165,172,11.94,2.69,0.581,0.601,15.39,2.99,81.62,,45,232425,61670.1,13893.85,3000.865,3104.165,79489.35,15443.35,421567.3,JAN-26-BLK20
,WHSE A,46052,Layupan - DEC-25-BLK10,JAN-26-SUNDRY3,A-4A,,7104,13,9.87,2.67,0.5715,0.5915,12.19,3.54,84.27,"1,891,848 PHP / 35,875 kg = 52.73 php/kg",52.73443902,374625.4548,70116.48,18967.68,4059.936,4202.016,86597.76,25148.16,598654.08,JAN-26-SUNDRY3
,,,,,,,,,,,,,,,,,,0,0,0,0,0,0,0,0,
,WHSE A,46053,Paquibot,JAN-26-BLK21,A-11C,AAV 6111,18870,459,11.67,2.61,0.575,0.595,12.66,2.27,85.07,,49,924630,220212.9,49250.7,10850.25,11227.65,238894.2,42834.9,1605270.9,JAN-26-BLK21
,WHSE D,46053,Llanto,JAN-26-BLK20,D-12C,RKJ 477,15625,363,11.87,2.44,0.578,0.598,13.27,2.53,84.2,,46,718750,185468.75,38125,9031.25,9343.75,207343.75,39531.25,1315625,JAN-26-BLK20
,WHSE C,46053,Ornales,JAN-26-BLK23,C-8B,MAV9202,23005,576,9.87,3.18,0.562,0.582,14.2,3.8,82,,48.95,1126094.75,227059.35,73155.9,12928.81,13388.91,326671,87419,1886410,JAN-26-BLK23
,WHSE A,46053,Ornales,JAN-26-BLK22,A-7A,LFF 835,10650,338,10.34,3.19,0.581,0.601,13.87,3.47,82.66,,48.95,521317.5,110121,33973.5,6187.65,6400.65,147715.5,36955.5,880329,JAN-26-BLK22
,WHSE A,46053,Layupan - DEC-25-BLK10,JAN-26-SUNDRY3,A-4A,,7340,14,7.07,2.67,0.5715,0.5915,12.19,3.54,84.27,"1,891,848 PHP / 35,875 kg = 52.73 php/kg",52.73443902,387070.7824,51893.8,19597.8,4194.81,4341.61,89474.6,25983.6,618541.8,JAN-26-SUNDRY3
,,,,,,,,,,,,,,,,,,0,0,0,0,0,0,0,0,
,WHSE A,46054,Layupan - DEC-25-BLK10,JAN-26-SUNDRY3,A-4A,,1767,3,9.8,2.67,0.5715,0.5915,12.19,3.54,84.27,"1,891,848 PHP / 35,875 kg = 52.73 php/kg",52.73443902,93181.75376,17316.6,4717.89,1009.8405,1045.1805,21539.73,6255.18,148905.09,JAN-26-SUNDRY3
,WHSE A,46054,Layupan - JAN-26-BLK9,JAN-26-SUNDRY4,A-4C,,7502,14,10.94,2.61,0.571,0.591,11.99,3.44,84.57,,42,315084,82071.88,19580.22,4283.642,4433.682,89948.98,25806.88,634444.14,JAN-26-SUNDRY4
,,,,,,,,,,,,,,,,,,0,0,0,0,0,0,0,0,
,WHSE A,46055,Layupan - JAN-26-BLK9,JAN-26-SUNDRY4,A-4C,,7020,14,7.47,2.61,0.571,0.591,11.99,3.44,84.57,,42,294840,52439.4,18322.2,4008.42,4148.82,84169.8,24148.8,593681.4,JAN-26-SUNDRY4
,WHSE A,46055,Paquibot,JAN-26-BLK21,A-11C,KCA 378,17475,457,11.34,2.46,0.571,0.591,12.57,2.76,84.67, PILED IN JANUARY # 21,49,856275,198166.5,42988.5,9978.225,10327.725,219660.75,48231,1479608.25,JAN-26-BLK21
IN-USE,WHSE D,46055,Llanto,FEB-26-BLK2,D-12B,ALA 9958,24790,563,12,2.32,0.581,0.601,13.88,3.19,82.93,,46,1140340,297480,57512.8,14402.99,14898.79,344085.2,79080.1,2055834.7,FEB-26-BLK2
CLOSED,FEED,46055,Tag-at,FEB-26-FEED1,,AAV 6111,16480,443,10.54,2.33,0.581,0.601,13.48,2.52,84,,48.5,799280,173699.2,38398.4,9574.88,9904.48,222150.4,41529.6,1384320,FEB-26-FEED1
,WHSE A,46055,Ornales,FEB-26-BLK1,A-7B,LFF 835,11060,331,9.6,3.27,0.575,0.595,13.57,2.71,83.72,,49,541940,106176,36166.2,6359.5,6580.7,150084.2,29972.6,925943.2,FEB-26-BLK1
,WHSE A,46055,Ornales,FEB-26-BLK1,A-7B,CBN 2192,10040,245,10.07,3.38,0.559,0.579,11.68,3.89,84.43,,49,491960,101102.8,33935.2,5612.36,5813.16,117267.2,39055.6,847677.2,FEB-26-BLK1
,WHSE A,46055,Ornales,FEB-26-BLK1,A-7B,CBQ 5957,20215,572,11.47,3.51,0.552,0.572,14.12,3.58,82.3,,49,990535,231866.05,70954.65,11158.68,11562.98,285435.8,72369.7,1663694.5,FEB-26-BLK1
,WHSE A,46055,Ornales,FEB-26-BLK1,A-7B,CCN 7397,4355,100,9.14,3.2,0.546,0.566,14.57,3.58,81.85,,,0,39804.7,13936,2377.83,2464.93,63452.35,15590.9,356456.75,FEB-26-BLK1
,WHSE D,46055,Namoc,FEB-26-TNK1,D-1D,CBN 7219,30490,799,11.2,3.43,0.559,0.579,11.6,4.28,84.12,,47,1433030,341488,104580.7,17043.91,17653.71,353684,130497.2,2564818.8,FEB-26-TNK1
,,,,,,,,,,,,,,,,,,0,0,0,0,0,0,0,0,
,WHSE A,46056,Paquibot,FEB-26-BLK3,A-1A,AAV 6111,18295,471,11.4,2.45,0.578,0.598,12.27,2.66,85.07,,49,896455,208563,44822.75,10574.51,10940.41,224479.65,48664.7,1556355.65,FEB-26-BLK3
,FEED,46056,Tag-at,FEB-26-FEED2,,KCA 378,17480,459,11.27,2.68,0.575,0.595,11.34,2.73,85.93,,48.5,847780,196999.6,46846.4,10051,10400.6,198223.2,47720.4,1502056.4,FEB-26-FEED2
,WHSE A,46056,Ornales,FEB-26-BLK1,A-7B,LFF 835,10515,333,10.2,3.41,0.568,0.588,12.07,2.47,85.46,,49,515235,107253,35856.15,5972.52,6182.82,126916.05,25972.05,898611.9,FEB-26-BLK1
,WHSE A,46056,Ornales,FEB-26-BLK4,A-7C,MAV9202,21410,534,10.34,3.24,0.556,0.576,13.54,3.54,82.92,,49,1049090,221379.4,69368.4,11903.96,12332.16,289891.4,75791.4,1775317.2,FEB-26-BLK4
,,,,,,,,,,,,,,,,,,0,0,0,0,0,0,0,0,
,WHSE A,46057,Ornales,FEB-26-BLK4,A-7C,CBQ 5957,21333,540,9.74,3.12,0.565,0.585,10.71,6.42,82.87,"CBQ 5957 net kilos of 21,640 - 1.42%(ASH) = 21,333",49,1045317,207783.42,66558.96,12053.145,12479.805,228476.43,136957.86,1767865.71,FEB-26-BLK4
,WHSE C,46057,Ornales,FEB-26-BLK5,C-10B,LFF 835,11495,334,9.94,3.17,0.578,0.598,13.65,3.57,82.78,,49,563255,114260.3,36439.15,6644.11,6874.01,156906.75,41037.15,951556.1,FEB-26-BLK5
,WHSE A,46057,Paquibot,FEB-26-BLK3,A-1A,SUW,18910,457,11.4,2.15,0.578,0.598,12.48,3.44,84.08,,49,926590,215574,40656.5,10929.98,11308.18,235996.8,65050.4,1589952.8,FEB-26-BLK3
,WHSE D,46057,Ecito,JAN-26-BLK7,D-16C,ALA 8328,17866,481,12.8,2.43,0.585,0.605,15.44,3.92,80.64,"ALA 8328 net kilos of  18,010 - .80% (MC) = 17,866  / PILED IN JANUARY # 7",45,803970,228684.8,43414.38,10451.61,10808.93,275851.04,70034.72,1440714.24,JAN-26-BLK7
,WHSE A,46057,Layupan - JAN-26-BLK9,JAN-26-SUNDRY4,A-4C,,8157,15,8.4,2.61,0.571,0.591,11.99,3.44,84.57,,42,342594,68518.8,21289.77,4657.647,4820.787,97802.43,28060.08,689837.49,JAN-26-SUNDRY4
,,,,,,,,,,,,,,,,,,0,0,0,0,0,0,0,0,
,WHSE A,46058,Layupan - JAN-26-BLK9,JAN-26-SUNDRY4,A-4C,,7078,14,8.4,2.61,0.571,0.591,11.99,3.44,84.57,,42,297276,59455.2,18473.58,4041.538,4183.098,84865.22,24348.32,598586.46,JAN-26-SUNDRY4
,WHSE A,46058,Paquibot,FEB-26-BLK3,A-1A,KCA 378,18360,421,11.34,2.56,0.571,0.591,13.65,3.25,83.1,,49,899640,208202.4,47001.6,10483.56,10850.76,250614,59670,1525716,FEB-26-BLK3
IN-USE,WHSE D,46058,Lacoto,FEB-26-BLK2,D-12B,NEV 8612,16030,457,11.8,2.33,0.575,0.595,12.44,3.85,83.71,,43,689290,189154,37349.9,9217.25,9537.85,199413.2,61715.5,1341871.3,FEB-26-BLK2
,WHSE A,46058,Ornales,FEB-26-BLK4,A-7C,CBN 2192,10210,253,10.47,3.28,0.556,0.576,13.24,2.78,83.98,,49,500290,106898.7,33488.8,5676.76,5880.96,135180.4,28383.8,857435.8,FEB-26-BLK4
,WHSE A,46058,Ornales,FEB-26-BLK4,A-7C,LFF 835,12205,339,10.27,3.24,0.565,0.585,14.4,2.46,83.14,,49,598045,125345.35,39544.2,6895.825,7139.925,175752,30024.3,1014723.7,FEB-26-BLK4
,WHSE A,46058,Ornales,FEB-26-BLK6,A-6A,MAV9202,22815,671,10.34,3.14,0.552,0.572,12.37,3.08,84.55,,49,1117935,235907.1,71639.1,12593.88,13050.18,282221.55,70270.2,1929008.25,FEB-26-BLK6
,,,,,,,,,,,,,,,,,,0,0,0,0,0,0,0,0,
,WHSE A,46059,Ornales,FEB-26-BLK6,A-6A,LFF 835,10800,360,9.67,3.17,0.581,0.601,13.42,2.88,83.7,,49,529200,104436,34236,6274.8,6490.8,144936,31104,903960,FEB-26-BLK6
,WHSE A,46059,Paquibot,FEB-26-BLK3,A-1A,KCA 378,18010,435,11.8,2.61,0.578,0.598,12.71,3.02,84.27,,49,882490,212518,47006.1,10409.78,10769.98,228907.1,54390.2,1517702.7,FEB-26-BLK3
,FEED,46059,Tag-at,FEB-26-FEED3,,AAV 6111,17955,447,11.54,2.63,0.575,0.595,13.2,2.98,83.82,,48.5,870817.5,207200.7,47221.65,10324.125,10683.225,237006,53505.9,1504988.1,FEB-26-FEED3
,WHSE D,46059,Layupan,FEB-26-BLK7,D-20D,NET 6084,17828,344,17.07,2.11,0.571,0.591,11.76,3.81,84.43,"NET 6084 net kilos of 18,780 - 5.07%(MC) = 17,828",42,748776,304323.96,37617.08,10179.788,10536.348,209657.28,67924.68,1505218.04,FEB-26-BLK7
,WHSE D,46059,Namoc,FEB-26-TNK1,D-1D,CBN 7219,29845,803,10.34,3.8,0.549,0.569,11.38,4.59,84.03,,47,1402715,308597.3,113411,16384.905,16981.805,339636.1,136988.55,2507875.35,FEB-26-TNK1
,,,,,,,,,,,,,,,,,,0,0,0,0,0,0,0,0,
,WHSE A,46060,Paquibot,FEB-26-BLK8,A-1B,AAV 6111,18545,435,11.74,2.6,0.575,0.595,12.34,2.72,84.94,,49,908705,217718.3,48217,10663.375,11034.275,228845.3,50442.4,1575212.3,FEB-26-BLK8
,WHSE A,46060,Ornales,FEB-26-BLK6,A-6A,CBN 2192,10090,270,9.87,3.28,0.549,0.569,13.53,3.8,82.67,,49,494410,99588.3,33095.2,5539.41,5741.21,136517.7,38342,834140.3,FEB-26-BLK6
,WHSE C,46060,Ornales,FEB-26-BLK5,C-10B,MAV9202,21550,576,9.4,3.14,0.559,0.579,12.77,3.63,83.6,,49,1055950,202570,67667,12046.45,12477.45,275193.5,78226.5,1801580,FEB-26-BLK5
,,,,,,,,,,,,,,,,,,0,0,0,0,0,0,0,0,
,,,,,,,,,,,,,,,,,,0,0,0,0,0,0,0,0,
,,,,,,,,,,,,,,,,,,0,0,0,0,0,0,0,0,
,,,,,,,,,,,,,,,,,,0,0,0,0,0,0,0,0,
,,,,,,,,,,,,,,,,,,0,0,0,0,0,0,0,0,
,,,,,,,,,,,,,,,,,,0,0,0,0,0,0,0,0,
,,,,,,,,,,,,,,,,,,0,0,0,0,0,0,0,0,
,,,,,,,,,,,,,,,,,,0,0,0,0,0,0,0,0,
,,,,,,,,,,,,,,,,,,0,0,0,0,0,0,0,0,
,,,,,,,,,,,,,,,,,,0,0,0,0,0,0,0,0,
,,,,,,,,,,,,,,,,,,0,0,0,0,0,0,0,0,
,,,,,,,,,,,,,,,,,,0,0,0,0,0,0,0,0,
,,,,,,,,,,,,,,,,,,0,0,0,0,0,0,0,0,
,,,,,,,,,,,,,,,,,,0,0,0,0,0,0,0,0,
,,,,,,,,,,,,,,,,,,0,0,0,0,0,0,0,0,
,,,,,,,,,,,,,,,,,,0,0,0,0,0,0,0,0,
,,,,,,,,,,,,,,,,,,0,0,0,0,0,0,0,0,
,,,,,,,,,,,,,,,,,,0,0,0,0,0,0,0,0,
,,,,,,,,,,,,,,,,,,0,0,0,0,0,0,0,0,
,,,,,,,,,,,,,,,,,,0,0,0,0,0,0,0,0,
,,,,,,,,,,,,,,,,,,0,0,0,0,0,0,0,0,
,,,,,,,,,,,,,,,,,,0,0,0,0,0,0,0,0,
,,,,,,,,,,,,,,,,,,0,0,0,0,0,0,0,0,
,,,,,,,,,,,,,,,,,,0,0,0,0,0,0,0,0,
,,,,,,,,,,,,,,,,,,0,0,0,0,0,0,0,0,
,,,,,,,,,,,,,,,,,,0,0,0,0,0,0,0,0,
,,,,,,,,,,,,,,,,,,0,0,0,0,0,0,0,0,
,,,,,,,,,,,,,,,,,,0,0,0,0,0,0,0,0,
,,,,,,,,,,,,,,,,,,0,0,0,0,0,0,0,0,
,,,,,,,,,,,,,,,,,,0,0,0,0,0,0,0,0,
,,,,,,,,,,,,,,,,,,0,0,0,0,0,0,0,0,
,,,,,,,,,,,,,,,,,,0,0,0,0,0,0,0,0,
,,,,,,,,,,,,,,,,,,0,0,0,0,0,0,0,0,
,,,,,,,,,,,,,,,,,,0,0,0,0,0,0,0,0,
,,,,,,,,,,,,,,,,,,0,0,0,0,0,0,0,0,
,,,,,,,,,,,,,,,,,,0,0,0,0,0,0,0,0,
,,,,,,,,,,,,,,,,,,0,0,0,0,0,0,0,0,
,,,,,,,,,,,,,,,,,,0,0,0,0,0,0,0,0,
,,,,,,,,,,,,,,,,,,0,0,0,0,0,0,0,0,
,,,,,,,,,,,,,,,,,,0,0,0,0,0,0,0,0,
,,,,,,,,,,,,,,,,,,0,0,0,0,0,0,0,0,
,,,,,,,,,,,,,,,,,,0,0,0,0,0,0,0,0,
,,,,,,,,,,,,,,,,,,0,0,0,0,0,0,0,0,
,,,,,,,,,,,,,,,,,,0,0,0,0,0,0,0,0,
,,,,,,,,,,,,,,,,,,0,0,0,0,0,0,0,0,
,,,,,,,,,,,,,,,,,,0,0,0,0,0,0,0,0,
,,,,,,,,,,,,,,,,,,0,0,0,0,0,0,0,0,
,,,,,,,,,,,,,,,,,,0,0,0,0,0,0,0,0,
,,,,,,,,,,,,,,,,,,0,0,0,0,0,0,0,0,
,,,,,,,,,,,,,,,,,,0,0,0,0,0,0,0,0,
,,,,,,,,,,,,,,,,,,0,0,0,0,0,0,0,0,
,,,,,,,,,,,,,,,,,,0,0,0,0,0,0,0,0,
,,,,,,,,,,,,,,,,,,0,0,0,0,0,0,0,0,
,,,,,,,,,,,,,,,,,,0,0,0,0,0,0,0,0,
,,,,,,,,,,,,,,,,,,0,0,0,0,0,0,0,0,
,,,,,,,,,,,,,,,,,,0,0,0,0,0,0,0,0,
,,,,,,,,,,,,,,,,,,0,0,0,0,0,0,0,0,
,,,,,,,,,,,,,,,,,,0,0,0,0,0,0,0,0,
,,,,,,,,,,,,,,,,,,0,0,0,0,0,0,0,0,
,,,,,,,,,,,,,,,,,,0,0,0,0,0,0,0,0,
,,,,,,,,,,,,,,,,,,0,0,0,0,0,0,0,0,
,,,,,,,,,,,,,,,,,,0,0,0,0,0,0,0,0,
,,,,,,,,,,,,,,,,,,0,0,0,0,0,0,0,0,
,,,,,,,,,,,,,,,,,,0,0,0,0,0,0,0,0,
,,,,,,,,,,,,,,,,,,0,0,0,0,0,0,0,0,
,,,,,,,,,,,,,,,,,,0,0,0,0,0,0,0,0,
,,,,,,,,,,,,,,,,,,0,0,0,0,0,0,0,0,
,,,,,,,,,,,,,,,,,,0,0,0,0,0,0,0,0,
,,,,,,,,,,,,,,,,,,0,0,0,0,0,0,0,0,
,,,,,,,,,,,,,,,,,,0,0,0,0,0,0,0,0,
,,,,,,,,,,,,,,,,,,0,0,0,0,0,0,0,0,
,,,,,,,,,,,,,,,,,,0,0,0,0,0,0,0,0,
,,,,,,,,,,,,,,,,,,0,0,0,0,0,0,0,0,
,,,,,,,,,,,,,,,,,,0,0,0,0,0,0,0,0,
,,,,,,,,,,,,,,,,,,0,0,0,0,0,0,0,0,
,,,,,,,,,,,,,,,,,,0,0,0,0,0,0,0,0,
,,,,,,,,,,,,,,,,,,0,0,0,0,0,0,0,0,
,,,,,,,,,,,,,,,,,,0,0,0,0,0,0,0,0,
,,,,,,,,,,,,,,,,,,0,0,0,0,0,0,0,0,
,,,,,,,,,,,,,,,,,,0,0,0,0,0,0,0,0,
,,,,,,,,,,,,,,,,,,0,0,0,0,0,0,0,0,
,,,,,,,,,,,,,,,,,,0,0,0,0,0,0,0,0,
,,,,,,,,,,,,,,,,,,0,0,0,0,0,0,0,0,
,,,,,,,,,,,,,,,,,,0,0,0,0,0,0,0,0,
,,,,,,,,,,,,,,,,,,0,0,0,0,0,0,0,0,
,,,,,,,,,,,,,,,,,,0,0,0,0,0,0,0,0,
,,,,,,,,,,,,,,,,,,0,0,0,0,0,0,0,0,
,,,,,,,,,,,,,,,,,,0,0,0,0,0,0,0,0,
,,,,,,,,,,,,,,,,,,0,0,0,0,0,0,0,0,
,,,,,,,,,,,,,,,,,,0,0,0,0,0,0,0,0,
,,,,,,,,,,,,,,,,,,0,0,0,0,0,0,0,0,
,,,,,,,,,,,,,,,,,,0,0,0,0,0,0,0,0,
,,,,,,,,,,,,,,,,,,0,0,0,0,0,0,0,0,
,,,,,,,,,,,,,,,,,,0,0,0,0,0,0,0,0,
,,,,,,,,,,,,,,,,,,0,0,0,0,0,0,0,0,
,,,,,,,,,,,,,,,,,,0,0,0,0,0,0,0,0,
,,,,,,,,,,,,,,,,,,0,0,0,0,0,0,0,0,
,,,,,,,,,,,,,,,,,,0,0,0,0,0,0,0,0,
,,,,,,,,,,,,,,,,,,0,0,0,0,0,0,0,0,
,,,,,,,,,,,,,,,,,,0,0,0,0,0,0,0,0,
,,,,,,,,,,,,,,,,,,0,0,0,0,0,0,0,0,
,,,,,,,,,,,,,,,,,,0,0,0,0,0,0,0,0,
,,,,,,,,,,,,,,,,,,0,0,0,0,0,0,0,0,
,,,,,,,,,,,,,,,,,,0,0,0,0,0,0,0,0,
,,,,,,,,,,,,,,,,,,0,0,0,0,0,0,0,0,
,,,,,,,,,,,,,,,,,,0,0,0,0,0,0,0,0,
,,,,,,,,,,,,,,,,,,0,0,0,0,0,0,0,0,
,,,,,,,,,,,,,,,,,,0,0,0,0,0,0,0,0,
,,,,,,,,,,,,,,,,,,0,0,0,0,0,0,0,0,
,,,,,,,,,,,,,,,,,,0,0,0,0,0,0,0,0,
,,,,,,,,,,,,,,,,,,0,0,0,0,0,0,0,0,
,,,,,,,,,,,,,,,,,,0,0,0,0,0,0,0,0,
,,,,,,,,,,,,,,,,,,0,0,0,0,0,0,0,0,
,,,,,,,,,,,,,,,,,,0,0,0,0,0,0,0,0,
,,,,,,,,,,,,,,,,,,0,0,0,0,0,0,0,0,
,,,,,,,,,,,,,,,,,,0,0,0,0,0,0,0,0,
,,,,,,,,,,,,,,,,,,0,0,0,0,0,0,0,0,
,,,,,,,,,,,,,,,,,,0,0,0,0,0,0,0,0,
,,,,,,,,,,,,,,,,,,0,0,0,0,0,0,0,0,
,,,,,,,,,,,,,,,,,,0,0,0,0,0,0,0,0,
,,,,,,,,,,,,,,,,,,0,0,0,0,0,0,0,0,
,,,,,,,,,,,,,,,,,,0,0,0,0,0,0,0,0,
,,,,,,,,,,,,,,,,,,0,0,0,0,0,0,0,0,
,,,,,,,,,,,,,,,,,,0,0,0,0,0,0,0,0,
,,,,,,,,,,,,,,,,,,0,0,0,0,0,0,0,0,
,,,,,,,,,,,,,,,,,,0,0,0,0,0,0,0,0,
,,,,,,,,,,,,,,,,,,0,0,0,0,0,0,0,0,
,,,,,,,,,,,,,,,,,,0,0,0,0,0,0,0,0,
,,,,,,,,,,,,,,,,,,0,0,0,0,0,0,0,0,
,,,,,,,,,,,,,,,,,,0,0,0,0,0,0,0,0,
,,,,,,,,,,,,,,,,,,0,0,0,0,0,0,0,0,
,,,,,,,,,,,,,,,,,,0,0,0,0,0,0,0,0,
,,,,,,,,,,,,,,,,,,0,0,0,0,0,0,0,0,
,,,,,,,,,,,,,,,,,,0,0,0,0,0,0,0,0,
,,,,,,,,,,,,,,,,,,0,0,0,0,0,0,0,0,
,,,,,,,,,,,,,,,,,,0,0,0,0,0,0,0,0,
,,,,,,,,,,,,,,,,,,0,0,0,0,0,0,0,0,
,,,,,,,,,,,,,,,,,,0,0,0,0,0,0,0,0,
,,,,,,,,,,,,,,,,,,0,0,0,0,0,0,0,0,
,,,,,,,,,,,,,,,,,,0,0,0,0,0,0,0,0,
,,,,,,,,,,,,,,,,,,0,0,0,0,0,0,0,0,
,,,,,,,,,,,,,,,,,,0,0,0,0,0,0,0,0,
,,,,,,,,,,,,,,,,,,0,0,0,0,0,0,0,0,
,,,,,,,,,,,,,,,,,,0,0,0,0,0,0,0,0,
,,,,,,,,,,,,,,,,,,0,0,0,0,0,0,0,0,
,,,,,,,,,,,,,,,,,,0,0,0,0,0,0,0,0,
,,,,,,,,,,,,,,,,,,0,0,0,0,0,0,0,0,
,,,,,,,,,,,,,,,,,,0,0,0,0,0,0,0,0,
,,,,,,,,,,,,,,,,,,0,0,0,0,0,0,0,0,
,,,,,,,,,,,,,,,,,,0,0,0,0,0,0,0,0,
,,,,,,,,,,,,,,,,,,0,0,0,0,0,0,0,0,
,,,,,,,,,,,,,,,,,,0,0,0,0,0,0,0,0,
,,,,,,,,,,,,,,,,,,0,0,0,0,0,0,0,0,
,,,,,,,,,,,,,,,,,,0,0,0,0,0,0,0,0,
,,,,,,,,,,,,,,,,,,0,0,0,0,0,0,0,0,
,,,,,,,,,,,,,,,,,,0,0,0,0,0,0,0,0,
,,,,,,,,,,,,,,,,,,0,0,0,0,0,0,0,0,
,,,,,,,,,,,,,,,,,,0,0,0,0,0,0,0,0,
,,,,,,,,,,,,,,,,,,0,0,0,0,0,0,0,0,
,,,,,,,,,,,,,,,,,,0,0,0,0,0,0,0,0,
,,,,,,,,,,,,,,,,,,0,0,0,0,0,0,0,0,
,,,,,,,,,,,,,,,,,,0,0,0,0,0,0,0,0,
,,,,,,,,,,,,,,,,,,0,0,0,0,0,0,0,0,
,,,,,,,,,,,,,,,,,,0,0,0,0,0,0,0,0,
,,,,,,,,,,,,,,,,,,0,0,0,0,0,0,0,0,
,,,,,,,,,,,,,,,,,,0,0,0,0,0,0,0,0,
,,,,,,,,,,,,,,,,,,0,0,0,0,0,0,0,0,
,,,,,,,,,,,,,,,,,,0,0,0,0,0,0,0,0,
,,,,,,,,,,,,,,,,,,0,0,0,0,0,0,0,0,
,,,,,,,,,,,,,,,,,,0,0,0,0,0,0,0,0,
,,,,,,,,,,,,,,,,,,0,0,0,0,0,0,0,0,
,,,,,,,,,,,,,,,,,,0,0,0,0,0,0,0,0,
,,,,,,,,,,,,,,,,,,0,0,0,0,0,0,0,0,
,,,,,,,,,,,,,,,,,,0,0,0,0,0,0,0,0,
,,,,,,,,,,,,,,,,,,0,0,0,0,0,0,0,0,
,,,,,,,,,,,,,,,,,,0,0,0,0,0,0,0,0,
,,,,,,,,,,,,,,,,,,0,0,0,0,0,0,0,0,
,,,,,,,,,,,,,,,,,,0,0,0,0,0,0,0,0,
,,,,,,,,,,,,,,,,,,0,0,0,0,0,0,0,0,
,,,,,,,,,,,,,,,,,,0,0,0,0,0,0,0,0,
,,,,,,,,,,,,,,,,,,0,0,0,0,0,0,0,0,
,,,,,,,,,,,,,,,,,,0,0,0,0,0,0,0,0,
,,,,,,,,,,,,,,,,,,0,0,0,0,0,0,0,0,
,,,,,,,,,,,,,,,,,,0,0,0,0,0,0,0,0,
,,,,,,,,,,,,,,,,,,0,0,0,0,0,0,0,0,
,,,,,,,,,,,,,,,,,,0,0,0,0,0,0,0,0,
,,,,,,,,,,,,,,,,,,0,0,0,0,0,0,0,0,
,,,,,,,,,,,,,,,,,,0,0,0,0,0,0,0,0,
,,,,,,,,,,,,,,,,,,0,0,0,0,0,0,0,0,
,,,,,,,,,,,,,,,,,,0,0,0,0,0,0,0,0,
,,,,,,,,,,,,,,,,,,0,0,0,0,0,0,0,0,
,,,,,,,,,,,,,,,,,,0,0,0,0,0,0,0,0,
,,,,,,,,,,,,,,,,,,0,0,0,0,0,0,0,0,
,,,,,,,,,,,,,,,,,,0,0,0,0,0,0,0,0,
,,,,,,,,,,,,,,,,,,0,0,0,0,0,0,0,0,
,,,,,,,,,,,,,,,,,,0,0,0,0,0,0,0,0,
,,,,,,,,,,,,,,,,,,0,0,0,0,0,0,0,0,
,,,,,,,,,,,,,,,,,,0,0,0,0,0,0,0,0,
,,,,,,,,,,,,,,,,,,0,0,0,0,0,0,0,0,
,,,,,,,,,,,,,,,,,,0,0,0,0,0,0,0,0,
,,,,,,,,,,,,,,,,,,0,0,0,0,0,0,0,0,
,,,,,,,,,,,,,,,,,,0,0,0,0,0,0,0,0,
,,,,,,,,,,,,,,,,,,0,0,0,0,0,0,0,0,
,,,,,,,,,,,,,,,,,,0,0,0,0,0,0,0,0,
,,,,,,,,,,,,,,,,,,0,0,0,0,0,0,0,0,
,,,,,,,,,,,,,,,,,,0,0,0,0,0,0,0,0,
,,,,,,,,,,,,,,,,,,0,0,0,0,0,0,0,0,
,,,,,,,,,,,,,,,,,,0,0,0,0,0,0,0,0,
,,,,,,,,,,,,,,,,,,0,0,0,0,0,0,0,0,
,,,,,,,,,,,,,,,,,,0,0,0,0,0,0,0,0,
,,,,,,,,,,,,,,,,,,0,0,0,0,0,0,0,0,
,,,,,,,,,,,,,,,,,,0,0,0,0,0,0,0,0,
,,,,,,,,,,,,,,,,,,0,0,0,0,0,0,0,0,
,,,,,,,,,,,,,,,,,,0,0,0,0,0,0,0,0,
,,,,,,,,,,,,,,,,,,0,0,0,0,0,0,0,0,
,,,,,,,,,,,,,,,,,,0,0,0,0,0,0,0,0,
,,,,,,,,,,,,,,,,,,0,0,0,0,0,0,0,0,
,,,,,,,,,,,,,,,,,,0,0,0,0,0,0,0,0,
,,,,,,,,,,,,,,,,,,0,0,0,0,0,0,0,0,
,,,,,,,,,,,,,,,,,,0,0,0,0,0,0,0,0,
,,,,,,,,,,,,,,,,,,0,0,0,0,0,0,0,0,
,,,,,,,,,,,,,,,,,,0,0,0,0,0,0,0,0,
,,,,,,,,,,,,,,,,,,0,0,0,0,0,0,0,0,
,,,,,,,,,,,,,,,,,,0,0,0,0,0,0,0,0,
,,,,,,,,,,,,,,,,,,0,0,0,0,0,0,0,0,
,,,,,,,,,,,,,,,,,,0,0,0,0,0,0,0,0,
,,,,,,,,,,,,,,,,,,0,0,0,0,0,0,0,0,
,,,,,,,,,,,,,,,,,,0,0,0,0,0,0,0,0,
,,,,,,,,,,,,,,,,,,0,0,0,0,0,0,0,0,
,,,,,,,,,,,,,,,,,,0,0,0,0,0,0,0,0,
,,,,,,,,,,,,,,,,,,0,0,0,0,0,0,0,0,
,,,,,,,,,,,,,,,,,,0,0,0,0,0,0,0,0,
,,,,,,,,,,,,,,,,,,0,0,0,0,0,0,0,0,
,,,,,,,,,,,,,,,,,,0,0,0,0,0,0,0,0,
,,,,,,,,,,,,,,,,,,0,0,0,0,0,0,0,0,
,,,,,,,,,,,,,,,,,,0,0,0,0,0,0,0,0,
,,,,,,,,,,,,,,,,,,0,0,0,0,0,0,0,0,
,,,,,,,,,,,,,,,,,,0,0,0,0,0,0,0,0,
,,,,,,,,,,,,,,,,,,0,0,0,0,0,0,0,0,
,,,,,,,,,,,,,,,,,,0,0,0,0,0,0,0,0,
,,,,,,,,,,,,,,,,,,0,0,0,0,0,0,0,0,
,,,,,,,,,,,,,,,,,,0,0,0,0,0,0,0,0,
,,,,,,,,,,,,,,,,,,0,0,0,0,0,0,0,0,
,,,,,,,,,,,,,,,,,,0,0,0,0,0,0,0,0,
,,,,,,,,,,,,,,,,,,0,0,0,0,0,0,0,0,
,,,,,,,,,,,,,,,,,,0,0,0,0,0,0,0,0,
,,,,,,,,,,,,,,,,,,0,0,0,0,0,0,0,0,
,,,,,,,,,,,,,,,,,,0,0,0,0,0,0,0,0,